date,ADPMINDEDHLTNERSA,ADPMNUSNERSA,CES0500000003,CES6561000001,CES6562000001,CES6562000101,CES6562400001,CIVPART,PAYEMS,UNRATE,USEHS,USPRIV
1939-01-01,,,,,,,,,29923.0,,1381.0,25935.0
1939-02-01,,,,,,,,,30100.0,,1384.0,26099.0
1939-03-01,,,,,,,,,30280.0,,1387.0,26278.0
1939-04-01,,,,,,,,,30094.0,,1389.0,26092.0
1939-05-01,,,,,,,,,30299.0,,1399.0,26293.0
1939-06-01,,,,,,,,,30502.0,,1406.0,26499.0
1939-07-01,,,,,,,,,30419.0,,1411.0,26400.0
1939-08-01,,,,,,,,,30663.0,,1412.0,26617.0
1939-09-01,,,,,,,,,31031.0,,1424.0,26955.0
1939-10-01,,,,,,,,,31411.0,,1415.0,27322.0
1939-11-01,,,,,,,,,31470.0,,1421.0,27361.0
1939-12-01,,,,,,,,,31542.0,,1428.0,27408.0
1940-01-01,,,,,,,,,31603.0,,1433.0,27453.0
1940-02-01,,,,,,,,,31715.0,,1440.0,27565.0
1940-03-01,,,,,,,,,31825.0,,1447.0,27674.0
1940-04-01,,,,,,,,,31701.0,,1455.0,27549.0
1940-05-01,,,,,,,,,31879.0,,1460.0,27707.0
1940-06-01,,,,,,,,,31977.0,,1465.0,27759.0
1940-07-01,,,,,,,,,31942.0,,1469.0,27681.0
1940-08-01,,,,,,,,,32352.0,,1478.0,28070.0
1940-09-01,,,,,,,,,32810.0,,1487.0,28498.0
1940-10-01,,,,,,,,,33267.0,,1496.0,28914.0
1940-11-01,,,,,,,,,33669.0,,1501.0,29273.0
1940-12-01,,,,,,,,,34174.0,,1507.0,29759.0
1941-01-01,,,,,,,,,34481.0,,1516.0,30013.0
1941-02-01,,,,,,,,,34843.0,,1526.0,30339.0
1941-03-01,,,,,,,,,35092.0,,1536.0,30557.0
1941-04-01,,,,,,,,,35468.0,,1551.0,30883.0
1941-05-01,,,,,,,,,36182.0,,1558.0,31540.0
1941-06-01,,,,,,,,,36650.0,,1563.0,31949.0
1941-07-01,,,,,,,,,37137.0,,1575.0,32387.0
1941-08-01,,,,,,,,,37544.0,,1583.0,32723.0
1941-09-01,,,,,,,,,37835.0,,1587.0,32944.0
1941-10-01,,,,,,,,,37949.0,,1594.0,33042.0
1941-11-01,,,,,,,,,38024.0,,1601.0,33075.0
1941-12-01,,,,,,,,,38104.0,,1606.0,33133.0
1942-01-01,,,,,,,,,38347.0,,1611.0,33258.0
1942-02-01,,,,,,,,,38512.0,,1608.0,33366.0
1942-03-01,,,,,,,,,38935.0,,1615.0,33678.0
1942-04-01,,,,,,,,,39352.0,,1623.0,33995.0
1942-05-01,,,,,,,,,39771.0,,1626.0,34340.0
1942-06-01,,,,,,,,,40029.0,,1632.0,34519.0
1942-07-01,,,,,,,,,40472.0,,1640.0,34881.0
1942-08-01,,,,,,,,,40988.0,,1644.0,35174.0
1942-09-01,,,,,,,,,41259.0,,1647.0,35393.0
1942-10-01,,,,,,,,,41515.0,,1649.0,35559.0
1942-11-01,,,,,,,,,41674.0,,1645.0,35648.0
1942-12-01,,,,,,,,,41915.0,,1645.0,35843.0
1943-01-01,,,,,,,,,42172.0,,1649.0,36040.0
1943-02-01,,,,,,,,,42393.0,,1653.0,36170.0
1943-03-01,,,,,,,,,42552.0,,1655.0,36295.0
1943-04-01,,,,,,,,,42647.0,,1655.0,36380.0
1943-05-01,,,,,,,,,42596.0,,1656.0,36315.0
1943-06-01,,,,,,,,,42781.0,,1658.0,36457.0
1943-07-01,,,,,,,,,42700.0,,1658.0,36443.0
1943-08-01,,,,,,,,,42546.0,,1658.0,36395.0
1943-09-01,,,,,,,,,42492.0,,1663.0,36325.0
1943-10-01,,,,,,,,,42675.0,,1666.0,36505.0
1943-11-01,,,,,,,,,42821.0,,1671.0,36642.0
1943-12-01,,,,,,,,,42746.0,,1674.0,36475.0
1944-01-01,,,,,,,,,42654.0,,1661.0,36492.0
1944-02-01,,,,,,,,,42538.0,,1668.0,36409.0
1944-03-01,,,,,,,,,42294.0,,1670.0,36181.0
1944-04-01,,,,,,,,,42063.0,,1667.0,35951.0
1944-05-01,,,,,,,,,41985.0,,1666.0,35864.0
1944-06-01,,,,,,,,,41947.0,,1671.0,35800.0
1944-07-01,,,,,,,,,41904.0,,1668.0,35714.0
1944-08-01,,,,,,,,,41850.0,,1669.0,35646.0
1944-09-01,,,,,,,,,41679.0,,1667.0,35463.0
1944-10-01,,,,,,,,,41708.0,,1665.0,35485.0
1944-11-01,,,,,,,,,41711.0,,1667.0,35448.0
1944-12-01,,,,,,,,,41860.0,,1668.0,35485.0
1945-01-01,,,,,,,,,41895.0,,1659.0,35641.0
1945-02-01,,,,,,,,,41897.0,,1667.0,35658.0
1945-03-01,,,,,,,,,41798.0,,1666.0,35582.0
1945-04-01,,,,,,,,,41446.0,,1666.0,35261.0
1945-05-01,,,,,,,,,41304.0,,1666.0,35145.0
1945-06-01,,,,,,,,,41149.0,,1681.0,34968.0
1945-07-01,,,,,,,,,40874.0,,1692.0,34689.0
1945-08-01,,,,,,,,,40466.0,,1706.0,34331.0
1945-09-01,,,,,,,,,38507.0,,1711.0,32565.0
1945-10-01,,,,,,,,,38600.0,,1733.0,32746.0
1945-11-01,,,,,,,,,38996.0,,1753.0,33166.0
1945-12-01,,,,,,,,,39110.0,,1773.0,33299.0
1946-01-01,,,,,,,,,39829.0,,1797.0,34044.0
1946-02-01,,,,,,,,,39244.0,,1819.0,33466.0
1946-03-01,,,,,,,,,40195.0,,1839.0,34437.0
1946-04-01,,,,,,,,,40913.0,,1857.0,35152.0
1946-05-01,,,,,,,,,41349.0,,1869.0,35617.0
1946-06-01,,,,,,,,,41735.0,,1880.0,36055.0
1946-07-01,,,,,,,,,42153.0,,1886.0,36471.0
1946-08-01,,,,,,,,,42642.0,,1904.0,36961.0
1946-09-01,,,,,,,,,42915.0,,1932.0,37246.0
1946-10-01,,,,,,,,,43093.0,,1933.0,37429.0
1946-11-01,,,,,,,,,43395.0,,1945.0,37756.0
1946-12-01,,,,,,,,,43379.0,,1956.0,37751.0
1947-01-01,,,,,,,,,43535.0,,1976.0,37916.0
1947-02-01,,,,,,,,,43557.0,,1986.0,37951.0
1947-03-01,,,,,,,,,43607.0,,1992.0,38019.0
1947-04-01,,,,,,,,,43499.0,,1997.0,37941.0
1947-05-01,,,,,,,,,43638.0,,2005.0,38087.0
1947-06-01,,,,,,,,,43810.0,,2013.0,38286.0
1947-07-01,,,,,,,,,43743.0,,2020.0,38219.0
1947-08-01,,,,,,,,,43960.0,,2024.0,38441.0
1947-09-01,,,,,,,,,44203.0,,2030.0,38664.0
1947-10-01,,,,,,,,,44411.0,,2039.0,38845.0
1947-11-01,,,,,,,,,44484.0,,2044.0,38899.0
1947-12-01,,,,,,,,,44581.0,,2049.0,38976.0
1948-01-01,,,,,,,,58.6,44679.0,3.4,2047.0,39055.0
1948-02-01,,,,,,,,58.9,44533.0,3.8,2051.0,38918.0
1948-03-01,,,,,,,,58.5,44683.0,4.0,2058.0,39060.0
1948-04-01,,,,,,,,59.0,44379.0,3.9,2069.0,38736.0
1948-05-01,,,,,,,,58.3,44796.0,3.5,2074.0,39115.0
1948-06-01,,,,,,,,59.2,45034.0,3.6,2082.0,39298.0
1948-07-01,,,,,,,,59.3,45160.0,3.6,2084.0,39386.0
1948-08-01,,,,,,,,58.9,45178.0,3.9,2088.0,39387.0
1948-09-01,,,,,,,,58.9,45294.0,3.8,2090.0,39489.0
1948-10-01,,,,,,,,58.7,45245.0,3.7,2087.0,39416.0
1948-11-01,,,,,,,,58.7,45192.0,3.8,2088.0,39323.0
1948-12-01,,,,,,,,59.1,45032.0,4.0,2096.0,39144.0
1949-01-01,,,,,,,,58.7,44668.0,4.3,2080.0,38774.0
1949-02-01,,,,,,,,59.0,44497.0,4.7,2088.0,38604.0
1949-03-01,,,,,,,,58.9,44240.0,5.0,2083.0,38325.0
1949-04-01,,,,,,,,58.8,44236.0,5.3,2092.0,38288.0
1949-05-01,,,,,,,,59.0,43984.0,6.1,2097.0,38022.0
1949-06-01,,,,,,,,58.6,43739.0,6.2,2095.0,37783.0
1949-07-01,,,,,,,,58.9,43531.0,6.7,2098.0,37569.0
1949-08-01,,,,,,,,59.2,43624.0,6.8,2098.0,37639.0
1949-09-01,,,,,,,,59.1,43780.0,6.6,2104.0,37790.0
1949-10-01,,,,,,,,59.6,42942.0,7.9,2106.0,36972.0
1949-11-01,,,,,,,,59.4,43242.0,6.4,2109.0,37292.0
1949-12-01,,,,,,,,59.2,43522.0,6.6,2113.0,37570.0
1950-01-01,,,,,,,,58.9,43526.0,6.5,2105.0,37592.0
1950-02-01,,,,,,,,58.9,43297.0,6.4,2114.0,37371.0
1950-03-01,,,,,,,,58.8,43954.0,6.3,2113.0,37876.0
1950-04-01,,,,,,,,59.2,44382.0,5.8,2127.0,38288.0
1950-05-01,,,,,,,,59.1,44718.0,5.5,2135.0,38675.0
1950-06-01,,,,,,,,59.4,45083.0,5.4,2143.0,39061.0
1950-07-01,,,,,,,,59.1,45454.0,5.0,2150.0,39364.0
1950-08-01,,,,,,,,59.5,46192.0,4.5,2159.0,40005.0
1950-09-01,,,,,,,,59.2,46438.0,4.4,2161.0,40210.0
1950-10-01,,,,,,,,59.4,46706.0,4.2,2166.0,40457.0
1950-11-01,,,,,,,,59.3,46776.0,4.2,2171.0,40514.0
1950-12-01,,,,,,,,59.2,46861.0,4.3,2178.0,40547.0
1951-01-01,,,,,,,,59.1,47288.0,3.7,2187.0,40936.0
1951-02-01,,,,,,,,59.1,47577.0,3.4,2195.0,41195.0
1951-03-01,,,,,,,,59.8,47873.0,3.4,2204.0,41463.0
1951-04-01,,,,,,,,59.1,47861.0,3.1,2208.0,41410.0
1951-05-01,,,,,,,,59.4,47952.0,3.0,2212.0,41535.0
1951-06-01,,,,,,,,59.0,48064.0,3.2,2219.0,41565.0
1951-07-01,,,,,,,,59.4,48061.0,3.1,2226.0,41523.0
1951-08-01,,,,,,,,59.2,48012.0,3.1,2235.0,41493.0
1951-09-01,,,,,,,,59.1,47954.0,3.3,2233.0,41402.0
1951-10-01,,,,,,,,59.4,48006.0,3.5,2238.0,41429.0
1951-11-01,,,,,,,,59.2,48147.0,3.5,2244.0,41521.0
1951-12-01,,,,,,,,59.6,48314.0,3.1,2248.0,41626.0
1952-01-01,,,,,,,,59.5,48296.0,3.2,2257.0,41707.0
1952-02-01,,,,,,,,59.5,48522.0,3.1,2267.0,41872.0
1952-03-01,,,,,,,,58.9,48504.0,2.9,2266.0,41842.0
1952-04-01,,,,,,,,58.8,48620.0,2.9,2270.0,41958.0
1952-05-01,,,,,,,,59.1,48642.0,3.0,2277.0,41948.0
1952-06-01,,,,,,,,59.1,48282.0,3.0,2277.0,41570.0
1952-07-01,,,,,,,,58.9,48143.0,3.2,2280.0,41406.0
1952-08-01,,,,,,,,58.7,48924.0,3.4,2286.0,42206.0
1952-09-01,,,,,,,,59.2,49320.0,3.1,2289.0,42586.0
1952-10-01,,,,,,,,58.7,49597.0,3.0,2292.0,42781.0
1952-11-01,,,,,,,,59.1,49816.0,2.8,2297.0,43015.0
1952-12-01,,,,,,,,59.2,50166.0,2.7,2306.0,43231.0
1953-01-01,,,,,,,,59.5,50144.0,2.9,2300.0,43350.0
1953-02-01,,,,,,,,59.5,50339.0,2.6,2309.0,43542.0
1953-03-01,,,,,,,,59.6,50473.0,2.6,2316.0,43689.0
1953-04-01,,,,,,,,59.1,50435.0,2.7,2322.0,43665.0
1953-05-01,,,,,,,,58.6,50490.0,2.5,2327.0,43773.0
1953-06-01,,,,,,,,58.9,50519.0,2.5,2335.0,43785.0
1953-07-01,,,,,,,,58.9,50536.0,2.6,2339.0,43813.0
1953-08-01,,,,,,,,58.6,50489.0,2.7,2344.0,43735.0
1953-09-01,,,,,,,,58.5,50368.0,2.9,2355.0,43619.0
1953-10-01,,,,,,,,58.5,50240.0,3.1,2354.0,43476.0
1953-11-01,,,,,,,,58.6,49908.0,3.5,2356.0,43159.0
1953-12-01,,,,,,,,58.3,49703.0,4.5,2357.0,42960.0
1954-01-01,,,,,,,,58.6,49469.0,4.9,2354.0,42709.0
1954-02-01,,,,,,,,59.3,49382.0,5.2,2358.0,42599.0
1954-03-01,,,,,,,,59.1,49157.0,5.7,2360.0,42361.0
1954-04-01,,,,,,,,59.2,49179.0,5.9,2366.0,42373.0
1954-05-01,,,,,,,,58.9,48965.0,5.9,2372.0,42136.0
1954-06-01,,,,,,,,58.5,48895.0,5.6,2380.0,42049.0
1954-07-01,,,,,,,,58.4,48835.0,5.8,2393.0,41967.0
1954-08-01,,,,,,,,58.7,48826.0,6.0,2397.0,41934.0
1954-09-01,,,,,,,,59.2,48886.0,6.1,2411.0,41992.0
1954-10-01,,,,,,,,58.8,48942.0,5.7,2404.0,42042.0
1954-11-01,,,,,,,,58.6,49180.0,5.3,2409.0,42216.0
1954-12-01,,,,,,,,58.1,49331.0,5.0,2417.0,42374.0
1955-01-01,,,,,,,,58.6,49496.0,4.9,2428.0,42543.0
1955-02-01,,,,,,,,58.4,49644.0,4.7,2435.0,42721.0
1955-03-01,,,,,,,,58.5,49962.0,4.6,2444.0,43024.0
1955-04-01,,,,,,,,59.0,50248.0,4.7,2458.0,43289.0
1955-05-01,,,,,,,,58.8,50512.0,4.3,2467.0,43521.0
1955-06-01,,,,,,,,58.8,50790.0,4.2,2478.0,43770.0
1955-07-01,,,,,,,,59.3,50987.0,4.0,2496.0,43938.0
1955-08-01,,,,,,,,59.7,51111.0,4.2,2509.0,44088.0
1955-09-01,,,,,,,,59.7,51266.0,4.1,2525.0,44199.0
1955-10-01,,,,,,,,59.8,51429.0,4.3,2541.0,44311.0
1955-11-01,,,,,,,,59.9,51592.0,4.2,2554.0,44509.0
1955-12-01,,,,,,,,60.2,51805.0,4.2,2563.0,44673.0
1956-01-01,,,,,,,,60.2,51975.0,4.0,2572.0,44808.0
1956-02-01,,,,,,,,59.9,52167.0,3.9,2583.0,44955.0
1956-03-01,,,,,,,,59.8,52294.0,4.2,2591.0,45042.0
1956-04-01,,,,,,,,59.9,52375.0,4.0,2592.0,45099.0
1956-05-01,,,,,,,,60.2,52506.0,4.3,2591.0,45139.0
1956-06-01,,,,,,,,60.1,52586.0,4.3,2592.0,45219.0
1956-07-01,,,,,,,,60.1,51955.0,4.4,2578.0,44550.0
1956-08-01,,,,,,,,60.0,52631.0,4.1,2579.0,45180.0
1956-09-01,,,,,,,,60.0,52604.0,3.9,2595.0,45123.0
1956-10-01,,,,,,,,59.8,52777.0,3.9,2607.0,45258.0
1956-11-01,,,,,,,,59.8,52821.0,4.3,2617.0,45268.0
1956-12-01,,,,,,,,59.8,52929.0,4.2,2625.0,45345.0
1957-01-01,,,,,,,,59.5,52887.0,4.2,2639.0,45267.0
1957-02-01,,,,,,,,59.9,53097.0,3.9,2652.0,45451.0
1957-03-01,,,,,,,,59.8,53156.0,3.7,2656.0,45484.0
1957-04-01,,,,,,,,59.5,53238.0,3.9,2662.0,45537.0
1957-05-01,,,,,,,,59.5,53150.0,4.1,2675.0,45437.0
1957-06-01,,,,,,,,59.8,53067.0,4.3,2680.0,45365.0
1957-07-01,,,,,,,,60.0,53123.0,4.2,2686.0,45369.0
1957-08-01,,,,,,,,59.3,53128.0,4.1,2685.0,45371.0
1957-09-01,,,,,,,,59.6,52934.0,4.4,2696.0,45185.0
1957-10-01,,,,,,,,59.5,52763.0,4.5,2695.0,44995.0
1957-11-01,,,,,,,,59.5,52558.0,5.1,2696.0,44789.0
1957-12-01,,,,,,,,59.6,52384.0,5.2,2690.0,44538.0
1958-01-01,,,,,,,,59.3,52076.0,5.8,2681.0,44255.0
1958-02-01,,,,,,,,59.3,51576.0,6.4,2676.0,43744.0
1958-03-01,,,,,,,,59.3,51299.0,6.7,2676.0,43451.0
1958-04-01,,,,,,,,59.6,51027.0,7.4,2676.0,43159.0
1958-05-01,,,,,,,,59.8,50914.0,7.4,2678.0,43020.0
1958-06-01,,,,,,,,59.5,50914.0,7.3,2681.0,42988.0
1958-07-01,,,,,,,,59.6,51039.0,7.5,2689.0,43067.0
1958-08-01,,,,,,,,59.8,51233.0,7.4,2698.0,43221.0
1958-09-01,,,,,,,,59.7,51506.0,7.1,2708.0,43490.0
1958-10-01,,,,,,,,59.6,51485.0,6.7,2720.0,43454.0
1958-11-01,,,,,,,,59.2,51944.0,6.2,2724.0,43916.0
1958-12-01,,,,,,,,59.2,52085.0,6.2,2741.0,43985.0
1959-01-01,,,,,,,,59.3,52478.0,6.0,2765.0,44373.0
1959-02-01,,,,,,,,59.0,52688.0,5.9,2778.0,44572.0
1959-03-01,,,,,,,,59.3,53014.0,5.6,2789.0,44882.0
1959-04-01,,,,,,,,59.4,53321.0,5.2,2804.0,45179.0
1959-05-01,,,,,,,,59.2,53550.0,5.1,2814.0,45397.0
1959-06-01,,,,,,,,59.2,53681.0,5.0,2822.0,45538.0
1959-07-01,,,,,,,,59.4,53804.0,5.1,2824.0,45631.0
1959-08-01,,,,,,,,59.2,53336.0,5.2,2827.0,45155.0
1959-09-01,,,,,,,,59.3,53428.0,5.5,2842.0,45189.0
1959-10-01,,,,,,,,59.4,53358.0,5.7,2854.0,45093.0
1959-11-01,,,,,,,,59.1,53634.0,5.8,2865.0,45350.0
1959-12-01,,,,,,,,59.5,54174.0,5.3,2880.0,45806.0
1960-01-01,,,,,,,,59.1,54274.0,5.2,2893.0,45967.0
1960-02-01,,,,,,,,59.1,54513.0,4.8,2907.0,46187.0
1960-03-01,,,,,,,,58.5,54454.0,5.4,2907.0,45929.0
1960-04-01,,,,,,,,59.5,54813.0,5.2,2919.0,46279.0
1960-05-01,,,,,,,,59.5,54475.0,5.1,2928.0,46043.0
1960-06-01,,,,,,,,59.7,54348.0,5.4,2938.0,45916.0
1960-07-01,,,,,,,,59.5,54306.0,5.5,2947.0,45864.0
1960-08-01,,,,,,,,59.5,54272.0,5.6,2949.0,45800.0
1960-09-01,,,,,,,,59.7,54227.0,5.5,2948.0,45733.0
1960-10-01,,,,,,,,59.4,54142.0,6.1,2960.0,45640.0
1960-11-01,,,,,,,,59.8,53961.0,6.1,2968.0,45445.0
1960-12-01,,,,,,,,59.7,53742.0,6.6,2972.0,45145.0
1961-01-01,,,,,,,,59.6,53683.0,6.6,2980.0,45119.0
1961-02-01,,,,,,,,59.6,53557.0,6.9,2985.0,44970.0
1961-03-01,,,,,,,,59.7,53659.0,6.9,2995.0,45048.0
1961-04-01,,,,,,,,59.3,53627.0,7.0,2999.0,44998.0
1961-05-01,,,,,,,,59.4,53786.0,7.1,3003.0,45122.0
1961-06-01,,,,,,,,59.7,53977.0,6.9,3016.0,45289.0
1961-07-01,,,,,,,,59.3,54123.0,7.0,3029.0,45399.0
1961-08-01,,,,,,,,59.3,54298.0,6.6,3043.0,45534.0
1961-09-01,,,,,,,,59.0,54388.0,6.7,3059.0,45592.0
1961-10-01,,,,,,,,59.1,54522.0,6.5,3069.0,45717.0
1961-11-01,,,,,,,,59.1,54742.0,6.1,3082.0,45930.0
1961-12-01,,,,,,,,58.8,54872.0,6.0,3097.0,46036.0
1962-01-01,,,,,,,,58.8,54891.0,5.8,3108.0,46040.0
1962-02-01,,,,,,,,59.0,55188.0,5.5,3121.0,46310.0
1962-03-01,,,,,,,,58.9,55275.0,5.6,3132.0,46374.0
1962-04-01,,,,,,,,58.7,55602.0,5.6,3146.0,46680.0
1962-05-01,,,,,,,,58.9,55628.0,5.5,3161.0,46670.0
1962-06-01,,,,,,,,58.8,55644.0,5.5,3173.0,46644.0
1962-07-01,,,,,,,,58.5,55746.0,5.4,3183.0,46720.0
1962-08-01,,,,,,,,59.0,55838.0,5.7,3194.0,46775.0
1962-09-01,,,,,,,,59.0,55978.0,5.6,3202.0,46889.0
1962-10-01,,,,,,,,58.7,56041.0,5.4,3209.0,46927.0
1962-11-01,,,,,,,,58.5,56056.0,5.7,3215.0,46911.0
1962-12-01,,,,,,,,58.4,56028.0,5.5,3223.0,46902.0
1963-01-01,,,,,,,,58.6,56115.0,5.7,3228.0,46911.0
1963-02-01,,,,,,,,58.6,56230.0,5.9,3234.0,46999.0
1963-03-01,,,,,,,,58.6,56320.0,5.7,3249.0,47075.0
1963-04-01,,,,,,,,58.8,56580.0,5.7,3259.0,47316.0
1963-05-01,,,,,,,,58.8,56616.0,5.9,3266.0,47328.0
1963-06-01,,,,,,,,58.5,56659.0,5.6,3280.0,47357.0
1963-07-01,,,,,,,,58.7,56794.0,5.6,3289.0,47460.0
1963-08-01,,,,,,,,58.5,56910.0,5.4,3303.0,47542.0
1963-09-01,,,,,,,,58.7,57078.0,5.5,3315.0,47661.0
1963-10-01,,,,,,,,58.8,57283.0,5.5,3337.0,47804.0
1963-11-01,,,,,,,,58.8,57255.0,5.7,3342.0,47771.0
1963-12-01,,,,,,,,58.5,57361.0,5.5,3352.0,47864.0
1964-01-01,,,,,,,,58.6,57487.0,5.6,3371.0,47925.0
1964-02-01,,,,,,,,58.8,57753.0,5.4,3384.0,48172.0
1964-03-01,,,,,,,,58.7,57897.0,5.4,3388.0,48286.0
1964-04-01,,,,,,,,59.1,57922.0,5.3,3406.0,48278.0
1964-05-01,,,,,,,,59.1,58089.0,5.1,3421.0,48419.0
1964-06-01,,,,,,,,58.7,58219.0,5.2,3433.0,48550.0
1964-07-01,,,,,,,,58.6,58412.0,4.9,3450.0,48735.0
1964-08-01,,,,,,,,58.6,58619.0,5.0,3457.0,48887.0
1964-09-01,,,,,,,,58.7,58903.0,5.1,3477.0,49117.0
1964-10-01,,,,,,,,58.6,58793.0,5.1,3484.0,48948.0
1964-11-01,,,,,,,,58.5,59218.0,4.8,3490.0,49339.0
1964-12-01,,,,,,,,58.6,59421.0,5.0,3499.0,49524.0
1965-01-01,,,,,,,,58.6,59582.0,4.9,3511.0,49645.0
1965-02-01,,,,,,,,58.7,59800.0,5.1,3524.0,49826.0
1965-03-01,,,,,,,,58.7,60003.0,4.7,3536.0,49993.0
1965-04-01,,,,,,,,58.8,60259.0,4.8,3554.0,50208.0
1965-05-01,,,,,,,,59.0,60491.0,4.6,3569.0,50397.0
1965-06-01,,,,,,,,58.8,60690.0,4.6,3579.0,50562.0
1965-07-01,,,,,,,,59.1,60965.0,4.4,3599.0,50764.0
1965-08-01,,,,,,,,58.9,61228.0,4.4,3608.0,50957.0
1965-09-01,,,,,,,,58.7,61490.0,4.3,3622.0,51152.0
1965-10-01,,,,,,,,58.9,61719.0,4.2,3633.0,51341.0
1965-11-01,,,,,,,,58.8,61996.0,4.1,3646.0,51560.0
1965-12-01,,,,,,,,59.0,62322.0,4.0,3665.0,51823.0
1966-01-01,,,,,,,,59.0,62529.0,4.0,3679.0,51988.0
1966-02-01,,,,,,,,58.8,62796.0,3.8,3695.0,52185.0
1966-03-01,,,,,,,,58.8,63192.0,3.8,3711.0,52500.0
1966-04-01,,,,,,,,59.0,63437.0,3.8,3726.0,52678.0
1966-05-01,,,,,,,,59.0,63712.0,3.9,3742.0,52891.0
1966-06-01,,,,,,,,59.1,64111.0,3.8,3763.0,53209.0
1966-07-01,,,,,,,,59.1,64301.0,3.8,3781.0,53327.0
1966-08-01,,,,,,,,59.3,64507.0,3.8,3797.0,53501.0
1966-09-01,,,,,,,,59.3,64643.0,3.7,3809.0,53580.0
1966-10-01,,,,,,,,59.3,64854.0,3.7,3828.0,53727.0
1966-11-01,,,,,,,,59.6,65019.0,3.6,3845.0,53816.0
1966-12-01,,,,,,,,59.5,65199.0,3.8,3863.0,53943.0
1967-01-01,,,,,,,,59.5,65407.0,3.9,3883.0,54092.0
1967-02-01,,,,,,,,59.3,65429.0,3.8,3899.0,54076.0
1967-03-01,,,,,,,,59.1,65530.0,3.8,3919.0,54133.0
1967-04-01,,,,,,,,59.4,65466.0,3.8,3939.0,54031.0
1967-05-01,,,,,,,,59.3,65620.0,3.8,3957.0,54146.0
1967-06-01,,,,,,,,59.6,65750.0,3.9,3975.0,54216.0
1967-07-01,,,,,,,,59.6,65888.0,3.8,3997.0,54344.0
1967-08-01,,,,,,,,59.7,66143.0,3.8,4015.0,54553.0
1967-09-01,,,,,,,,59.7,66164.0,3.8,4036.0,54541.0
1967-10-01,,,,,,,,59.9,66225.0,4.0,4046.0,54583.0
1967-11-01,,,,,,,,59.8,66703.0,3.9,4074.0,55008.0
1967-12-01,,,,,,,,59.9,66900.0,3.8,4090.0,55165.0
1968-01-01,,,,,,,,59.2,66804.0,3.7,4100.0,55010.0
1968-02-01,,,,,,,,59.6,67215.0,3.8,4120.0,55396.0
1968-03-01,,,,,,,,59.6,67295.0,3.7,4126.0,55453.0
1968-04-01,,,,,,,,59.5,67556.0,3.5,4136.0,55678.0
1968-05-01,,,,,,,,59.9,67652.0,3.5,4154.0,55747.0
1968-06-01,,,,,,,,60.0,67905.0,3.7,4179.0,55918.0
1968-07-01,,,,,,,,59.8,68126.0,3.7,4196.0,56108.0
1968-08-01,,,,,,,,59.6,68330.0,3.5,4216.0,56288.0
1968-09-01,,,,,,,,59.5,68484.0,3.4,4221.0,56417.0
1968-10-01,,,,,,,,59.5,68721.0,3.4,4253.0,56620.0
1968-11-01,,,,,,,,59.6,68984.0,3.4,4283.0,56877.0
1968-12-01,,,,,,,,59.7,69248.0,3.4,4305.0,57103.0
1969-01-01,,,,,,,,59.6,69439.0,3.4,4326.0,57230.0
1969-02-01,,,,,,,,60.0,69699.0,3.4,4348.0,57475.0
1969-03-01,,,,,,,,59.9,69905.0,3.4,4373.0,57676.0
1969-04-01,,,,,,,,60.0,70072.0,3.4,4391.0,57827.0
1969-05-01,,,,,,,,59.8,70328.0,3.4,4408.0,58044.0
1969-06-01,,,,,,,,60.1,70636.0,3.5,4422.0,58277.0
1969-07-01,,,,,,,,60.1,70729.0,3.5,4441.0,58389.0
1969-08-01,,,,,,,,60.3,71008.0,3.5,4458.0,58635.0
1969-09-01,,,,,,,,60.3,70914.0,3.7,4463.0,58535.0
1969-10-01,,,,,,,,60.4,71121.0,3.7,4493.0,58691.0
1969-11-01,,,,,,,,60.2,71086.0,3.5,4500.0,58638.0
1969-12-01,,,,,,,,60.2,71241.0,3.5,4517.0,58764.0
1970-01-01,,,,,,,,60.4,71176.0,3.9,4531.0,58680.0
1970-02-01,,,,,,,,60.4,71305.0,4.2,4552.0,58787.0
1970-03-01,,,,,,,,60.6,71451.0,4.4,4556.0,58848.0
1970-04-01,,,,,,,,60.6,71348.0,4.6,4567.0,58643.0
1970-05-01,,,,,,,,60.3,71124.0,4.8,4579.0,58456.0
1970-06-01,,,,,,,,60.2,71029.0,4.9,4574.0,58362.0
1970-07-01,,,,,,,,60.4,71053.0,5.0,4567.0,58356.0
1970-08-01,,,,,,,,60.3,70937.0,5.1,4559.0,58226.0
1970-09-01,,,,,,,,60.2,70944.0,5.4,4593.0,58203.0
1970-10-01,,,,,,,,60.4,70521.0,5.5,4610.0,57728.0
1970-11-01,,,,,,,,60.4,70409.0,5.9,4619.0,57579.0
1970-12-01,,,,,,,,60.4,70792.0,6.1,4623.0,57947.0
1971-01-01,,,,,,,,60.4,70865.0,5.9,4632.0,57987.0
1971-02-01,,,,,,,,60.1,70807.0,5.9,4632.0,57930.0
1971-03-01,,,,,,,,60.0,70860.0,6.0,4642.0,57952.0
1971-04-01,,,,,,,,60.1,71036.0,5.9,4647.0,58091.0
1971-05-01,,,,,,,,60.2,71247.0,5.9,4658.0,58277.0
1971-06-01,,,,,,,,59.8,71254.0,5.9,4671.0,58246.0
1971-07-01,,,,,,,,60.1,71315.0,6.0,4677.0,58304.0
1971-08-01,,,,,,,,60.2,71373.0,6.1,4672.0,58332.0
1971-09-01,,,,,,,,60.1,71614.0,6.0,4695.0,58546.0
1971-10-01,,,,,,,,60.1,71642.0,5.8,4706.0,58527.0
1971-11-01,,,,,,,,60.4,71847.0,6.0,4722.0,58699.0
1971-12-01,,,,,,,,60.4,72109.0,6.0,4736.0,58919.0
1972-01-01,,,,,,,,60.2,72441.0,5.8,4749.0,59175.0
1972-02-01,,,,,,,,60.2,72648.0,5.7,4764.0,59350.0
1972-03-01,,,,,,,,60.5,72944.0,5.8,4781.0,59615.0
1972-04-01,,,,,,,,60.4,73162.0,5.7,4806.0,59804.0
1972-05-01,,,,,,,,60.4,73469.0,5.7,4833.0,60053.0
1972-06-01,,,,,,,,60.4,73758.0,5.7,4884.0,60353.0
1972-07-01,,,,,,,,60.4,73709.0,5.6,4879.0,60227.0
1972-08-01,,,,,,,,60.6,74141.0,5.6,4900.0,60611.0
1972-09-01,,,,,,,,60.4,74264.0,5.5,4894.0,60689.0
1972-10-01,,,,,,,,60.3,74674.0,5.6,4930.0,61068.0
1972-11-01,,,,,,,,60.3,74973.0,5.3,4952.0,61330.0
1972-12-01,,,,,,,,60.5,75268.0,5.2,4975.0,61584.0
1973-01-01,,,,,,,,60.0,75617.0,4.9,5003.0,61927.0
1973-02-01,,,,,,,,60.5,76014.0,5.0,5025.0,62303.0
1973-03-01,,,,,,,,60.8,76284.0,4.9,5042.0,62539.0
1973-04-01,,,,,,,,60.8,76455.0,5.0,5052.0,62678.0
1973-05-01,,,,,,,,60.6,76648.0,4.9,5060.0,62831.0
1973-06-01,,,,,,,,60.9,76887.0,4.9,5069.0,63015.0
1973-07-01,,,,,,,,60.9,76913.0,4.8,5058.0,63048.0
1973-08-01,,,,,,,,60.7,77168.0,4.8,5104.0,63264.0
1973-09-01,,,,,,,,60.8,77276.0,4.8,5139.0,63384.0
1973-10-01,,,,,,,,60.9,77607.0,4.6,5158.0,63630.0
1973-11-01,,,,,,,,61.2,77920.0,4.8,5189.0,63885.0
1973-12-01,,,,,,,,61.2,78031.0,4.9,5201.0,63961.0
1974-01-01,,,,,,,,61.3,78100.0,5.1,5217.0,64010.0
1974-02-01,,,,,,,,61.4,78254.0,5.2,5242.0,64119.0
1974-03-01,,,,,,,,61.3,78296.0,5.1,5259.0,64144.0
1974-04-01,,,,,,,,61.1,78382.0,5.1,5262.0,64191.0
1974-05-01,,,,,,,,61.2,78549.0,5.1,5304.0,64328.0
1974-06-01,,,,,,,,61.2,78604.0,5.4,5323.0,64365.0
1974-07-01,,,,,,,,61.4,78636.0,5.5,5349.0,64348.0
1974-08-01,,,,,,,,61.2,78619.0,5.5,5356.0,64291.0
1974-09-01,,,,,,,,61.4,78610.0,5.9,5365.0,64188.0
1974-10-01,,,,,,,,61.3,78630.0,6.0,5387.0,64146.0
1974-11-01,,,,,,,,61.3,78265.0,6.6,5394.0,63733.0
1974-12-01,,,,,,,,61.2,77652.0,7.2,5401.0,63093.0
1975-01-01,,,,,,,,61.4,77293.0,8.1,5404.0,62669.0
1975-02-01,,,,,,,,61.0,76918.0,8.1,5421.0,62171.0
1975-03-01,,,,,,,,61.2,76648.0,8.6,5430.0,61894.0
1975-04-01,,,,,,,,61.3,76460.0,8.8,5435.0,61665.0
1975-05-01,,,,,,,,61.5,76624.0,9.0,5468.0,61797.0
1975-06-01,,,,,,,,61.2,76521.0,8.8,5458.0,61737.0
1975-07-01,,,,,,,,61.3,76770.0,8.6,5515.0,61909.0
1975-08-01,,,,,,,,61.3,77153.0,8.4,5546.0,62283.0
1975-09-01,,,,,,,,61.2,77228.0,8.4,5540.0,62404.0
1975-10-01,,,,,,,,61.2,77540.0,8.4,5562.0,62640.0
1975-11-01,,,,,,,,61.1,77685.0,8.3,5578.0,62782.0
1975-12-01,,,,,,,,61.1,78017.0,8.2,5602.0,63071.0
1976-01-01,,,,,,,,61.3,78503.0,7.9,5635.0,63534.0
1976-02-01,,,,,,,,61.3,78816.0,7.7,5657.0,63835.0
1976-03-01,,,,,,,,61.3,79048.0,7.6,5687.0,64061.0
1976-04-01,,,,,,,,61.6,79292.0,7.7,5709.0,64307.0
1976-05-01,,,,,,,,61.5,79312.0,7.4,5730.0,64341.0
1976-06-01,,,,,,,,61.5,79376.0,7.6,5751.0,64413.0
1976-07-01,,,,,,,,61.8,79547.0,7.8,5780.0,64554.0
1976-08-01,,,,,,,,61.8,79704.0,7.8,5789.0,64697.0
1976-09-01,,,,,,,,61.6,79892.0,7.6,5801.0,64921.0
1976-10-01,,,,,,,,61.6,79911.0,7.7,5819.0,64883.0
1976-11-01,,,,,,,,61.9,80240.0,7.8,5843.0,65167.0
1976-12-01,,,,,,,,61.8,80448.0,7.8,5868.0,65373.0
1977-01-01,,,,,,,,61.6,80690.0,7.5,5892.0,65634.0
1977-02-01,,,,,,,,61.9,80988.0,7.6,5914.0,65932.0
1977-03-01,,,,,,,,62.0,81391.0,7.4,5941.0,66341.0
1977-04-01,,,,,,,,62.1,81728.0,7.2,5965.0,66653.0
1977-05-01,,,,,,,,62.2,82088.0,7.0,5992.0,66956.0
1977-06-01,,,,,,,,62.4,82488.0,7.2,6023.0,67281.0
1977-07-01,,,,,,,,62.1,82834.0,6.9,6060.0,67535.0
1977-08-01,,,,,,,,62.3,83075.0,7.0,6094.0,67747.0
1977-09-01,,,,,,,,62.3,83532.0,6.8,6139.0,68129.0
1977-10-01,,,,,,,,62.4,83800.0,6.8,6171.0,68337.0
1977-11-01,,,,,,,,62.8,84173.0,6.8,6204.0,68658.0
1977-12-01,,,,,,,,62.7,84410.0,6.4,6229.0,68872.0
1978-01-01,,,,,,,,62.8,84594.0,6.4,6228.0,68983.0
1978-02-01,,,,,,,,62.7,84948.0,6.3,6266.0,69277.0
1978-03-01,,,,,,,,62.8,85460.0,6.3,6308.0,69729.0
1978-04-01,,,,,,,,63.0,86162.0,6.1,6353.0,70365.0
1978-05-01,,,,,,,,63.1,86509.0,6.0,6387.0,70675.0
1978-06-01,,,,,,,,63.3,86950.0,5.9,6421.0,71098.0
1978-07-01,,,,,,,,63.2,87204.0,6.2,6455.0,71303.0
1978-08-01,,,,,,,,63.2,87483.0,5.9,6498.0,71592.0
1978-09-01,,,,,,,,63.3,87621.0,6.0,6514.0,71802.0
1978-10-01,,,,,,,,63.3,87956.0,5.8,6525.0,72098.0
1978-11-01,,,,,,,,63.5,88391.0,5.9,6567.0,72497.0
1978-12-01,,,,,,,,63.6,88671.0,6.0,6597.0,72760.0
1979-01-01,,,,,,,,63.6,88808.0,5.9,6603.0,72871.0
1979-02-01,,,,,,,,63.8,89055.0,5.9,6645.0,73108.0
1979-03-01,,,,,,,,63.8,89479.0,5.8,6683.0,73523.0
1979-04-01,,,,,,,,63.5,89417.0,5.8,6702.0,73440.0
1979-05-01,,,,,,,,63.3,89789.0,5.6,6738.0,73799.0
1979-06-01,,,,,,,,63.5,90108.0,5.7,6770.0,74063.0
1979-07-01,,,,,,,,63.6,90217.0,5.7,6784.0,74067.0
1979-08-01,,,,,,,,63.6,90300.0,6.0,6812.0,74071.0
1979-09-01,,,,,,,,63.8,90327.0,5.9,6830.0,74199.0
1979-10-01,,,,,,,,63.7,90481.0,6.0,6858.0,74345.0
1979-11-01,,,,,,,,63.7,90573.0,5.9,6879.0,74400.0
1979-12-01,,,,,,,,63.9,90672.0,6.0,6908.0,74492.0
1980-01-01,,,,,,,,64.0,90800.0,6.3,6942.0,74599.0
1980-02-01,,,,,,,,64.0,90883.0,6.3,6975.0,74657.0
1980-03-01,,,,,,,,63.7,90994.0,6.3,7002.0,74698.0
1980-04-01,,,,,,,,63.8,90849.0,6.9,7020.0,74266.0
1980-05-01,,,,,,,,63.9,90420.0,7.5,7034.0,73966.0
1980-06-01,,,,,,,,63.7,90101.0,7.6,7048.0,73660.0
1980-07-01,,,,,,,,63.8,89840.0,7.8,7077.0,73422.0
1980-08-01,,,,,,,,63.7,90099.0,7.7,7104.0,73689.0
1980-09-01,,,,,,,,63.6,90213.0,7.5,7134.0,73883.0
1980-10-01,,,,,,,,63.7,90490.0,7.5,7159.0,74104.0
1980-11-01,,,,,,,,63.8,90747.0,7.5,7194.0,74356.0
1980-12-01,,,,,,,,63.6,90943.0,7.2,7227.0,74570.0
1981-01-01,,,,,,,,63.9,91033.0,7.5,7254.0,74673.0
1981-02-01,,,,,,,,63.9,91105.0,7.4,7273.0,74759.0
1981-03-01,,,,,,,,64.1,91210.0,7.4,7285.0,74918.0
1981-04-01,,,,,,,,64.2,91283.0,7.2,7313.0,75023.0
1981-05-01,,,,,,,,64.3,91296.0,7.5,7331.0,75098.0
1981-06-01,,,,,,,,63.7,91490.0,7.5,7352.0,75331.0
1981-07-01,,,,,,,,63.8,91601.0,7.2,7371.0,75426.0
1981-08-01,,,,,,,,63.8,91565.0,7.4,7393.0,75455.0
1981-09-01,,,,,,,,63.5,91477.0,7.6,7417.0,75446.0
1981-10-01,,,,,,,,63.8,91380.0,7.9,7446.0,75311.0
1981-11-01,,,,,,,,63.9,91171.0,8.3,7459.0,75093.0
1981-12-01,,,,,,,,63.6,90895.0,8.5,7471.0,74822.0
1982-01-01,,,,,,,,63.7,90565.0,8.6,7490.0,74524.0
1982-02-01,,,,,,,,63.8,90563.0,8.9,7497.0,74552.0
1982-03-01,,,,,,,,63.8,90434.0,9.0,7502.0,74410.0
1982-04-01,,,,,,,,63.9,90150.0,9.3,7501.0,74140.0
1982-05-01,,,,,,,,64.2,90107.0,9.4,7513.0,74104.0
1982-06-01,,,,,,,,63.9,89865.0,9.6,7519.0,73849.0
1982-07-01,,,,,,,,64.0,89521.0,9.8,7530.0,73631.0
1982-08-01,,,,,,,,64.1,89363.0,9.8,7536.0,73433.0
1982-09-01,,,,,,,,64.1,89183.0,10.1,7537.0,73260.0
1982-10-01,,,,,,,,64.1,88907.0,10.4,7545.0,72951.0
1982-11-01,,,,,,,,64.2,88786.0,10.8,7565.0,72809.0
1982-12-01,,,,,,,,64.1,88771.0,10.8,7576.0,72790.0
1983-01-01,,,,,,,,63.9,88990.0,10.4,7594.0,72967.0
1983-02-01,,,,,,,,63.8,88917.0,10.4,7601.0,72913.0
1983-03-01,,,,,,,,63.7,89090.0,10.3,7648.0,73085.0
1983-04-01,,,,,,,,63.8,89364.0,10.2,7689.0,73374.0
1983-05-01,,,,,,,,63.7,89644.0,10.1,7715.0,73639.0
1983-06-01,,,,,,,,64.3,90021.0,10.1,7766.0,74001.0
1983-07-01,,,,,,,,64.1,90437.0,9.4,7810.0,74426.0
1983-08-01,,,,,,,,64.3,90129.0,9.5,7847.0,74113.0
1983-09-01,,,,,,,,64.3,91247.0,9.2,7883.0,75205.0
1983-10-01,,,,,,,,64.0,91520.0,8.8,7906.0,75534.0
1983-11-01,,,,,,,,64.1,91875.0,8.5,7933.0,75878.0
1983-12-01,,,,,,,,64.1,92230.0,8.3,7973.0,76222.0
1984-01-01,,,,,,,,63.9,92673.0,8.0,8001.0,76663.0
1984-02-01,,,,,,,,64.1,93157.0,7.8,8046.0,77132.0
1984-03-01,,,,,,,,64.1,93429.0,7.8,8080.0,77399.0
1984-04-01,,,,,,,,64.3,93792.0,7.7,8121.0,77717.0
1984-05-01,,,,,,,,64.5,94098.0,7.4,8162.0,77995.0
1984-06-01,,,,,,,,64.6,94479.0,7.2,8200.0,78352.0
1984-07-01,,,,,,,,64.6,94789.0,7.5,8226.0,78617.0
1984-08-01,,,,,,,,64.4,95032.0,7.5,8254.0,78808.0
1984-09-01,,,,,,,,64.4,95344.0,7.3,8303.0,79089.0
1984-10-01,,,,,,,,64.4,95629.0,7.4,8343.0,79355.0
1984-11-01,,,,,,,,64.5,95982.0,7.2,8380.0,79671.0
1984-12-01,,,,,,,,64.6,96107.0,7.3,8413.0,79825.0
1985-01-01,,,,,,,,64.7,96372.0,7.3,8464.0,80036.0
1985-02-01,,,,,,,,64.7,96503.0,7.2,8499.0,80154.0
1985-03-01,,,,,,,,64.9,96842.0,7.2,8544.0,80447.0
1985-04-01,,,,,,,,64.9,97038.0,7.3,8574.0,80608.0
1985-05-01,,,,,,,,64.8,97312.0,7.2,8620.0,80838.0
1985-06-01,,,,,,,,64.6,97459.0,7.4,8652.0,80961.0
1985-07-01,,,,,,,,64.7,97648.0,7.4,8686.0,81028.0
1985-08-01,,,,,,,,64.6,97840.0,7.1,8748.0,81221.0
1985-09-01,,,,,,,,64.9,98045.0,7.1,8778.0,81407.0
1985-10-01,,,,,,,,65.0,98233.0,7.1,8819.0,81579.0
1985-11-01,,,,,,,,64.9,98443.0,7.0,8864.0,81769.0
1985-12-01,,,,,,,,65.0,98609.0,7.0,8894.0,81915.0
1986-01-01,,,,,,,,64.9,98732.0,6.7,8912.0,82017.0
1986-02-01,,,,,,,,65.0,98847.0,7.2,8936.0,82088.0
1986-03-01,,,,,,,,65.1,98934.0,7.2,8965.0,82179.0
1986-04-01,,,,,,,,65.1,99121.0,7.1,9002.0,82356.0
1986-05-01,,,,,,,,65.2,99248.0,7.2,9032.0,82458.0
1986-06-01,,,,,,,,65.4,99155.0,7.2,9061.0,82376.0
1986-07-01,,,,,,,,65.4,99473.0,7.0,9111.0,82694.0
1986-08-01,,,,,,,,65.3,99588.0,6.9,9160.0,82788.0
1986-09-01,,,,,,,,65.4,99934.0,7.0,9164.0,83024.0
1986-10-01,,,,,,,,65.4,100121.0,7.0,9202.0,83152.0
1986-11-01,,,,,,,,65.4,100308.0,6.9,9232.0,83303.0
1986-12-01,,,,,,,,65.3,100509.0,6.6,9268.0,83488.0
1987-01-01,,,,,,,,65.4,100678.0,6.6,9312.0,83633.0
1987-02-01,,,,,,,,65.5,100919.0,6.6,9338.0,83883.0
1987-03-01,,,,,,,,65.5,101164.0,6.6,9383.0,84100.0
1987-04-01,,,,,,,,65.4,101499.0,6.3,9431.0,84390.0
1987-05-01,,,,,,,,65.7,101728.0,6.3,9484.0,84616.0
1987-06-01,,,,,,,,65.5,101900.0,6.2,9520.0,84776.0
1987-07-01,,,,,,,,65.6,102247.0,6.1,9602.0,85087.0
1987-08-01,,,,,,,,65.7,102420.0,6.0,9670.0,85248.0
1987-09-01,,,,,,,,65.5,102647.0,5.9,9643.0,85512.0
1987-10-01,,,,,,,,65.7,103138.0,6.0,9686.0,85869.0
1987-11-01,,,,,,,,65.7,103372.0,5.8,9711.0,86073.0
1987-12-01,,,,,,,,65.7,103661.0,5.7,9752.0,86314.0
1988-01-01,,,,,,,,65.8,103753.0,5.7,9793.0,86388.0
1988-02-01,,,,,,,,65.9,104214.0,5.7,9838.0,86825.0
1988-03-01,,,,,,,,65.7,104489.0,5.7,9883.0,87042.0
1988-04-01,,,,,,,,65.8,104732.0,5.4,9938.0,87280.0
1988-05-01,,,,,,,,65.7,104962.0,5.6,9996.0,87481.0
1988-06-01,,,,,,,,65.8,105326.0,5.4,10095.0,87811.0
1988-07-01,,,,,,,,65.9,105550.0,5.4,10181.0,88056.0
1988-08-01,,,,,,,,66.1,105674.0,5.6,10263.0,88130.0
1988-09-01,,,,,,,,65.9,106013.0,5.4,10242.0,88379.0
1988-10-01,,,,,,,,66.0,106276.0,5.4,10273.0,88606.0
1988-11-01,,,,,,,,66.2,106617.0,5.3,10310.0,88871.0
1988-12-01,,,,,,,,66.1,106898.0,5.3,10359.0,89162.0
1989-01-01,,,,,,,,66.5,107161.0,5.4,10383.0,89387.0
1989-02-01,,,,,,,,66.3,107427.0,5.2,10411.0,89615.0
1989-03-01,,,,,,,,66.3,107621.0,5.0,10468.0,89799.0
1989-04-01,,,,,,,,66.4,107791.0,5.2,10536.0,89951.0
1989-05-01,,,,,,,,66.3,107913.0,5.2,10590.0,90037.0
1989-06-01,,,,,,,,66.5,108027.0,5.3,10706.0,90115.0
1989-07-01,,,,,,,,66.5,108069.0,5.2,10764.0,90164.0
1989-08-01,,,,,,,,66.5,108120.0,5.2,10834.0,90131.0
1989-09-01,,,,,,,,66.4,108369.0,5.3,10786.0,90342.0
1989-10-01,,,,,,,,66.5,108476.0,5.3,10766.0,90443.0
1989-11-01,,,,,,,,66.6,108752.0,5.4,10792.0,90695.0
1989-12-01,,,,,,,,66.5,108836.0,5.4,10814.0,90761.0
1990-01-01,,,,1668.2,9116.0,8014.0,1102.0,66.8,109196.0,5.4,10784.0,91045.0
1990-02-01,,,,1669.7,9153.7,8048.7,1105.0,66.7,109436.0,5.3,10823.0,91259.0
1990-03-01,,,,1669.3,9202.2,8092.3,1109.9,66.7,109640.0,5.2,10872.0,91346.0
1990-04-01,,,,1662.5,9234.9,8120.5,1114.4,66.6,109674.0,5.4,10897.0,91297.0
1990-05-01,,,,1675.9,9276.9,8159.4,1117.5,66.6,109828.0,5.4,10953.0,91229.0
1990-06-01,,,,1688.3,9322.5,8201.9,1120.6,66.4,109850.0,5.2,11011.0,91294.0
1990-07-01,,,,1687.6,9360.2,8235.0,1125.2,66.5,109815.0,5.5,11048.0,91255.0
1990-08-01,,,,1699.3,9394.1,8267.5,1126.6,66.5,109607.0,5.7,11093.0,91150.0
1990-09-01,,,,1700.2,9436.4,8299.8,1136.6,66.4,109522.0,5.9,11137.0,91085.0
1990-10-01,,,,1703.2,9475.9,8330.2,1145.7,66.4,109377.0,5.9,11179.0,90934.0
1990-11-01,,,,1712.6,9508.2,8360.7,1147.5,66.4,109222.0,6.2,11221.0,90772.0
1990-12-01,,,,1719.9,9551.3,8395.2,1156.1,66.4,109168.0,6.3,11271.0,90700.0
1991-01-01,,,,1742.6,9606.8,8442.2,1164.6,66.2,109058.0,6.4,11349.0,90584.0
1991-02-01,,,,1732.8,9644.2,8470.7,1173.5,66.2,108735.0,6.6,11377.0,90253.0
1991-03-01,,,,1742.2,9685.1,8505.0,1180.1,66.3,108568.0,6.8,11427.0,90080.0
1991-04-01,,,,1742.1,9721.3,8535.4,1185.9,66.4,108350.0,6.7,11463.0,89865.0
1991-05-01,,,,1744.0,9750.2,8558.0,1192.2,66.2,108253.0,6.9,11494.0,89755.0
1991-06-01,,,,1725.6,9804.5,8601.8,1202.7,66.2,108330.0,6.9,11530.0,89769.0
1991-07-01,,,,1732.6,9839.2,8633.8,1205.4,66.1,108290.0,6.8,11572.0,89692.0
1991-08-01,,,,1732.8,9879.5,8671.8,1207.7,66.0,108300.0,6.9,11612.0,89733.0
1991-09-01,,,,1737.2,9920.6,8704.8,1215.8,66.2,108335.0,6.9,11658.0,89792.0
1991-10-01,,,,1740.8,9959.0,8733.4,1225.6,66.1,108361.0,7.0,11700.0,89768.0
1991-11-01,,,,1737.0,9989.4,8760.3,1229.1,66.1,108300.0,7.0,11726.0,89673.0
1991-12-01,,,,1732.8,10031.0,8796.1,1234.9,66.0,108330.0,7.3,11764.0,89689.0
1992-01-01,,,,1731.5,10070.5,8826.3,1244.2,66.3,108365.0,7.3,11802.0,89677.0
1992-02-01,,,,1725.5,10101.9,8851.5,1250.4,66.2,108312.0,7.4,11827.0,89623.0
1992-03-01,,,,1718.9,10128.0,8871.6,1256.4,66.4,108367.0,7.4,11847.0,89652.0
1992-04-01,,,,1716.8,10154.2,8891.2,1263.0,66.5,108516.0,7.4,11871.0,89777.0
1992-05-01,,,,1699.3,10182.7,8916.0,1266.7,66.6,108646.0,7.6,11882.0,89893.0
1992-06-01,,,,1710.5,10208.9,8939.4,1269.5,66.7,108706.0,7.8,11919.0,89944.0
1992-07-01,,,,1707.6,10257.9,8968.1,1289.8,66.7,108793.0,7.7,11966.0,89976.0
1992-08-01,,,,1707.1,10281.9,8984.8,1297.1,66.6,108916.0,7.6,11989.0,90033.0
1992-09-01,,,,1708.0,10304.0,9005.1,1298.9,66.5,108951.0,7.6,12012.0,90122.0
1992-10-01,,,,1707.0,10339.7,9035.1,1304.6,66.2,109139.0,7.3,12047.0,90311.0
1992-11-01,,,,1704.9,10375.0,9067.0,1308.0,66.3,109283.0,7.4,12080.0,90442.0
1992-12-01,,,,1708.4,10403.9,9090.8,1313.1,66.3,109502.0,7.4,12112.0,90624.0
1993-01-01,,,,1708.0,10433.6,9117.0,1316.6,66.2,109790.0,7.3,12142.0,90889.0
1993-02-01,,,,1713.2,10468.1,9146.0,1322.1,66.2,110047.0,7.1,12181.0,91145.0
1993-03-01,,,,1713.0,10488.7,9160.3,1328.4,66.2,110004.0,7.0,12202.0,91097.0
1993-04-01,,,,1724.2,10524.3,9188.5,1335.8,66.1,110300.0,7.1,12249.0,91362.0
1993-05-01,,,,1734.4,10563.2,9223.9,1339.3,66.4,110571.0,7.1,12298.0,91620.0
1993-06-01,,,,1744.1,10592.5,9245.7,1346.8,66.5,110742.0,7.0,12337.0,91773.0
1993-07-01,,,,1758.8,10633.0,9267.6,1365.4,66.4,111054.0,6.9,12392.0,91994.0
1993-08-01,,,,1776.5,10663.7,9291.5,1372.2,66.4,111200.0,6.8,12440.0,92172.0
1993-09-01,,,,1777.2,10682.8,9321.1,1361.7,66.2,111448.0,6.7,12460.0,92407.0
1993-10-01,,,,1787.2,10713.4,9343.1,1370.3,66.3,111734.0,6.8,12501.0,92692.0
1993-11-01,,,,1803.1,10737.9,9358.5,1379.4,66.3,111987.0,6.6,12541.0,92919.0
1993-12-01,,,,1813.3,10771.3,9378.3,1393.0,66.4,112325.0,6.5,12585.0,93216.0
1994-01-01,,,,1829.9,10797.0,9402.5,1394.5,66.6,112601.0,6.6,12627.0,93454.0
1994-02-01,,,,1836.4,10810.5,9415.2,1395.3,66.6,112782.0,6.6,12647.0,93632.0
1994-03-01,,,,1852.3,10846.8,9446.6,1400.2,66.5,113245.0,6.5,12699.0,94055.0
1994-04-01,,,,1860.4,10884.5,9473.6,1410.9,66.5,113589.0,6.4,12745.0,94366.0
1994-05-01,,,,1877.2,10918.4,9496.1,1422.3,66.6,113922.0,6.1,12796.0,94658.0
1994-06-01,,,,1889.5,10962.2,9517.9,1444.3,66.4,114239.0,6.1,12852.0,94965.0
1994-07-01,,,,1902.5,11017.5,9547.4,1470.1,66.4,114608.0,6.1,12920.0,95307.0
1994-08-01,,,,1912.8,11046.2,9573.1,1473.1,66.6,114902.0,6.0,12959.0,95596.0
1994-09-01,,,,1925.2,11063.4,9591.1,1472.3,66.6,115246.0,5.9,12989.0,95909.0
1994-10-01,,,,1936.4,11093.6,9611.4,1482.2,66.7,115457.0,5.8,13030.0,96113.0
1994-11-01,,,,1950.2,11121.6,9627.7,1493.9,66.7,115867.0,5.6,13072.0,96500.0
1994-12-01,,,,1963.0,11161.9,9658.1,1503.8,66.7,116174.0,5.5,13125.0,96786.0
1995-01-01,,,,1971.2,11195.9,9680.7,1515.2,66.8,116505.0,5.6,13167.0,97108.0
1995-02-01,,,,1983.9,11229.4,9706.1,1523.3,66.8,116694.0,5.4,13213.0,97287.0
1995-03-01,,,,1993.0,11263.7,9732.3,1531.4,66.7,116908.0,5.4,13257.0,97481.0
1995-04-01,,,,1999.9,11284.8,9749.8,1535.0,66.9,117066.0,5.8,13285.0,97632.0
1995-05-01,,,,2004.4,11303.2,9764.9,1538.3,66.5,117046.0,5.6,13308.0,97628.0
1995-06-01,,,,2010.9,11337.3,9795.2,1542.1,66.5,117291.0,5.6,13348.0,97846.0
1995-07-01,,,,2012.9,11351.2,9816.8,1534.4,66.6,117382.0,5.7,13364.0,97945.0
1995-08-01,,,,2028.4,11380.4,9845.5,1534.9,66.6,117646.0,5.7,13409.0,98217.0
1995-09-01,,,,2015.8,11422.0,9868.2,1553.8,66.6,117873.0,5.6,13438.0,98443.0
1995-10-01,,,,2031.8,11442.6,9888.7,1553.9,66.6,118026.0,5.5,13474.0,98562.0
1995-11-01,,,,2031.3,11475.1,9918.2,1556.9,66.5,118165.0,5.6,13506.0,98702.0
1995-12-01,,,,2038.5,11506.1,9942.8,1563.3,66.4,118325.0,5.6,13545.0,98859.0
1996-01-01,,,,2037.8,11512.8,9951.2,1561.6,66.4,118317.0,5.6,13551.0,98867.0
1996-02-01,,,,2046.1,11557.5,9987.4,1570.1,66.6,118738.0,5.5,13604.0,99253.0
1996-03-01,,,,2056.2,11590.4,10015.1,1575.3,66.6,118992.0,5.5,13647.0,99460.0
1996-04-01,,,,2063.8,11615.8,10036.5,1579.3,66.7,119158.0,5.6,13680.0,99643.0
1996-05-01,,,,2069.8,11650.7,10064.1,1586.6,66.7,119497.0,5.6,13721.0,99968.0
1996-06-01,,,,2076.7,11674.1,10086.0,1588.1,66.7,119770.0,5.3,13751.0,100242.0
1996-07-01,,,,2092.4,11707.6,10108.8,1598.8,66.9,120019.0,5.5,13800.0,100472.0
1996-08-01,,,,2088.8,11715.2,10127.2,1588.0,66.7,120198.0,5.1,13804.0,100694.0
1996-09-01,,,,2085.2,11749.0,10148.7,1600.3,66.9,120400.0,5.2,13834.0,100833.0
1996-10-01,,,,2100.6,11785.9,10173.4,1612.5,67.0,120665.0,5.2,13887.0,101111.0
1996-11-01,,,,2109.3,11817.5,10200.4,1617.1,67.0,120947.0,5.4,13927.0,101382.0
1996-12-01,,,,2112.3,11836.8,10217.2,1619.6,67.0,121143.0,5.4,13949.0,101572.0
1997-01-01,,,,2121.7,11872.1,10244.6,1627.5,67.0,121356.0,5.3,13994.0,101763.0
1997-02-01,,,,2126.3,11899.9,10266.2,1633.7,66.9,121673.0,5.2,14026.0,102075.0
1997-03-01,,,,2129.2,11926.2,10286.0,1640.2,67.1,121991.0,5.2,14055.0,102383.0
1997-04-01,,,,2141.5,11963.0,10314.6,1648.4,67.1,122289.0,5.1,14105.0,102686.0
1997-05-01,,,,2148.1,11999.4,10342.2,1657.2,67.1,122560.0,4.9,14148.0,102959.0
1997-06-01,,,,2149.9,12017.7,10349.1,1668.6,67.1,122816.0,5.0,14168.0,103156.0
1997-07-01,,,,2162.3,12071.1,10375.0,1696.1,67.2,123114.0,4.9,14233.0,103428.0
1997-08-01,,,,2158.9,12069.5,10386.7,1682.8,67.2,123087.0,4.8,14228.0,103470.0
1997-09-01,,,,2175.1,12094.7,10401.7,1693.0,67.1,123575.0,4.9,14270.0,103896.0
1997-10-01,,,,2177.1,12125.0,10423.3,1701.7,67.1,123924.0,4.7,14302.0,104186.0
1997-11-01,,,,2184.3,12142.1,10438.1,1704.0,67.2,124225.0,4.6,14326.0,104464.0
1997-12-01,,,,2189.0,12175.3,10466.0,1709.3,67.2,124549.0,4.7,14364.0,104783.0
1998-01-01,,,,2201.2,12186.6,10467.6,1719.0,67.1,124806.0,4.6,14388.0,105036.0
1998-02-01,,,,2206.5,12209.9,10482.5,1727.4,67.1,125017.0,4.6,14416.0,105231.0
1998-03-01,,,,2210.6,12228.8,10492.0,1736.8,67.1,125165.0,4.7,14439.0,105373.0
1998-04-01,,,,2210.7,12255.8,10504.0,1751.8,67.0,125445.0,4.3,14467.0,105629.0
1998-05-01,,,,2213.3,12294.2,10523.9,1770.3,67.0,125845.0,4.4,14508.0,105970.0
1998-06-01,,,,2223.0,12329.8,10536.9,1792.9,67.0,126076.0,4.5,14553.0,106197.0
1998-07-01,,,,2226.3,12385.8,10543.5,1842.3,67.0,126212.0,4.5,14612.0,106282.0
1998-08-01,,,,2223.5,12370.0,10555.6,1814.4,67.0,126546.0,4.5,14594.0,106587.0
1998-09-01,,,,2243.6,12404.1,10574.1,1830.0,67.2,126744.0,4.6,14648.0,106759.0
1998-10-01,,,,2261.6,12430.5,10590.1,1840.4,67.2,126949.0,4.5,14692.0,106948.0
1998-11-01,,,,2272.7,12451.1,10598.5,1852.6,67.1,127222.0,4.4,14724.0,107178.0
1998-12-01,,,,2280.6,12478.7,10610.5,1868.2,67.2,127595.0,4.4,14759.0,107516.0
1999-01-01,,,,2285.0,12490.2,10613.3,1876.9,67.2,127699.0,4.3,14775.0,107615.0
1999-02-01,,,,2301.7,12530.6,10639.2,1891.4,67.2,128117.0,4.4,14832.0,107973.0
1999-03-01,,,,2305.1,12554.3,10653.2,1901.1,67.0,128234.0,4.2,14859.0,108066.0
1999-04-01,,,,2311.1,12578.7,10671.8,1906.9,67.1,128595.0,4.3,14890.0,108358.0
1999-05-01,,,,2312.7,12588.8,10677.5,1911.3,67.1,128813.0,4.2,14902.0,108584.0
1999-06-01,,,,2313.2,12612.9,10688.0,1924.9,67.1,129084.0,4.3,14926.0,108812.0
1999-07-01,,,,2317.4,12636.5,10695.3,1941.2,67.1,129422.0,4.3,14954.0,109083.0
1999-08-01,,,,2321.9,12640.1,10710.3,1929.8,67.0,129572.0,4.2,14962.0,109197.0
1999-09-01,,,,2318.5,12661.1,10716.8,1944.3,67.0,129771.0,4.2,14980.0,109367.0
1999-10-01,,,,2339.7,12681.9,10728.4,1953.5,67.0,130178.0,4.1,15022.0,109721.0
1999-11-01,,,,2347.8,12707.1,10740.3,1966.8,67.1,130466.0,4.1,15055.0,109970.0
1999-12-01,,,,2349.7,12730.2,10757.3,1972.9,67.1,130783.0,4.0,15080.0,110243.0
2000-01-01,,,,2350.9,12749.5,10768.8,1980.7,67.3,131011.0,4.0,15100.0,110440.0
2000-02-01,,,,2350.3,12763.6,10781.8,1981.8,67.3,131120.0,4.1,15114.0,110521.0
2000-03-01,,,,2360.6,12780.8,10790.8,1990.0,67.3,131604.0,4.0,15141.0,110871.0
2000-04-01,,,,2369.9,12791.4,10799.3,1992.1,67.3,131884.0,3.8,15161.0,111082.0
2000-05-01,,,,2378.8,12810.5,10815.2,1995.3,67.1,132105.0,4.0,15189.0,110958.0
2000-06-01,,,,2390.8,12827.0,10836.7,1990.3,67.1,132063.0,4.0,15218.0,111176.0
2000-07-01,,,,2398.2,12847.6,10864.3,1983.3,66.9,132228.0,4.0,15246.0,111361.0
2000-08-01,,,,2415.0,12871.3,10882.7,1988.6,66.9,132234.0,4.1,15286.0,111397.0
2000-09-01,,,,2410.6,12925.8,10906.5,2019.3,66.9,132337.0,3.9,15336.0,111602.0
2000-10-01,,,,2403.9,12957.0,10926.5,2030.5,66.8,132352.0,3.9,15361.0,111609.0
2000-11-01,,,,2421.4,12987.9,10947.6,2040.3,66.9,132556.0,3.9,15409.0,111796.0
2000-12-01,,,,2440.0,13025.3,10976.4,2048.9,67.0,132716.0,3.9,15465.0,111912.0
2001-01-01,,,,2448.2,13070.3,11014.8,2055.5,67.2,132703.0,4.2,15519.0,111868.0
2001-02-01,,,,2458.2,13115.1,11047.2,2067.9,67.1,132788.0,4.2,15573.0,111882.0
2001-03-01,,,,2475.7,13153.6,11073.9,2079.7,67.2,132751.0,4.3,15629.0,111806.0
2001-04-01,,,,2482.7,13189.1,11101.2,2087.9,66.9,132458.0,4.4,15672.0,111466.0
2001-05-01,,,,2514.9,13232.1,11131.7,2100.4,66.7,132408.0,4.3,15747.0,111379.0
2001-06-01,,,,2502.5,13281.3,11173.8,2107.5,66.7,132300.0,4.5,15784.0,111163.0
2001-07-01,,,,2509.6,13330.8,11211.8,2119.0,66.8,132172.0,4.6,15840.0,110987.0
2001-08-01,,,,2526.1,13373.5,11243.1,2130.4,66.5,132021.0,4.9,15900.0,110803.0
2001-09-01,,,,2543.7,13413.9,11271.2,2142.7,66.8,131763.0,5.0,15958.0,110521.0
2001-10-01,,,,2546.3,13452.5,11296.9,2155.6,66.7,131452.0,5.3,15999.0,110177.0
2001-11-01,,,,2554.8,13489.3,11326.7,2162.6,66.7,131144.0,5.5,16044.0,109818.0
2001-12-01,,,,2564.8,13532.7,11357.4,2175.3,66.7,130983.0,5.7,16098.0,109628.0
2002-01-01,,,,2581.0,13572.0,11392.3,2179.7,66.5,130859.0,5.7,16153.0,109482.0
2002-02-01,,,,2598.9,13601.7,11418.1,2183.6,66.8,130737.0,5.7,16201.0,109347.0
2002-03-01,,,,2608.4,13633.8,11445.5,2188.3,66.6,130722.0,5.7,16242.0,109291.0
2002-04-01,,,,2614.5,13665.6,11470.6,2195.0,66.7,130616.0,5.9,16280.0,109173.0
2002-05-01,,,,2635.9,13689.4,11490.3,2199.1,66.7,130632.0,5.8,16325.0,109118.0
2002-06-01,,,,2677.4,13736.9,11508.5,2228.4,66.6,130674.0,5.8,16414.0,109125.0
2002-07-01,,,,2692.6,13770.9,11532.0,2238.9,66.5,130584.0,5.8,16464.0,109040.0
2002-08-01,,,,2677.2,13808.1,11566.4,2241.7,66.6,130581.0,5.7,16485.0,108992.0
2002-09-01,,,,2667.5,13845.2,11614.1,2231.1,66.7,130502.0,5.7,16513.0,108956.0
2002-10-01,,,,2659.6,13879.1,11638.6,2240.5,66.6,130617.0,5.7,16539.0,109058.0
2002-11-01,,,,2664.7,13920.7,11670.6,2250.1,66.4,130616.0,5.9,16585.0,109035.0
2002-12-01,,,,2662.0,13943.0,11682.7,2260.3,66.3,130465.0,6.0,16605.0,108877.0
2003-01-01,,,,2665.6,13984.4,11705.0,2279.4,66.4,130573.0,5.8,16650.0,108947.0
2003-02-01,,,,2671.1,14023.7,11732.3,2291.4,66.4,130441.0,5.9,16695.0,108817.0
2003-03-01,,,,2668.4,14053.8,11752.9,2300.9,66.3,130235.0,5.9,16722.0,108625.0
2003-04-01,,,,2687.5,14093.9,11781.4,2312.5,66.4,130173.0,6.0,16781.0,108578.0
2003-05-01,,,,2702.0,14119.8,11805.8,2314.0,66.4,130197.0,6.1,16822.0,108630.0
2003-06-01,,,,2686.5,14143.1,11825.3,2317.8,66.5,130186.0,6.3,16830.0,108580.0
2003-07-01,,,,2692.0,14147.9,11817.8,2330.1,66.2,130184.0,6.2,16840.0,108551.0
2003-08-01,,,,2685.8,14165.6,11834.8,2330.8,66.1,130153.0,6.1,16851.0,108597.0
2003-09-01,,,,2695.5,14189.5,11849.9,2339.6,66.1,130252.0,6.1,16885.0,108748.0
2003-10-01,,,,2719.7,14225.3,11877.8,2347.5,66.1,130439.0,6.0,16945.0,108881.0
2003-11-01,,,,2731.2,14244.5,11889.8,2354.7,66.1,130480.0,5.8,16976.0,108945.0
2003-12-01,,,,2738.1,14276.9,11919.3,2357.6,65.9,130589.0,5.7,17015.0,109043.0
2004-01-01,,,,2743.3,14296.1,11932.2,2363.9,66.1,130756.0,5.7,17039.0,109218.0
2004-02-01,,,,2744.0,14319.4,11944.3,2375.1,66.0,130821.0,5.6,17063.0,109271.0
2004-03-01,,,,2752.8,14362.0,11979.4,2382.6,66.0,131140.0,5.8,17115.0,109552.0
2004-04-01,,,,2752.2,14400.8,12012.0,2388.8,65.9,131412.0,5.6,17153.0,109798.0
2004-05-01,,,,2754.2,14434.2,12036.6,2397.6,66.0,131697.0,5.6,17188.0,110083.0
2004-06-01,,,,2744.8,14457.2,12050.8,2406.4,66.1,131794.0,5.6,17202.0,110193.0
2004-07-01,,,,2755.7,14481.0,12065.9,2415.1,66.1,131854.0,5.5,17237.0,110248.0
2004-08-01,,,,2759.0,14515.4,12087.2,2428.2,66.0,131939.0,5.4,17274.0,110313.0
2004-09-01,,,,2737.5,14529.1,12099.0,2430.1,65.8,132089.0,5.4,17267.0,110454.0
2004-10-01,,,,2788.4,14572.8,12131.2,2441.6,65.9,132429.0,5.5,17361.0,110773.0
2004-11-01,,,,2788.3,14598.7,12150.2,2448.5,66.0,132503.0,5.4,17387.0,110811.0
2004-12-01,,,,2803.3,14631.6,12171.2,2460.4,65.9,132630.0,5.4,17435.0,110937.0
2005-01-01,,,,2824.0,14646.9,12181.8,2465.1,65.8,132781.0,5.3,17471.0,111046.0
2005-02-01,,,,2803.6,14675.7,12204.5,2471.2,65.9,133034.0,5.4,17479.0,111290.0
2005-03-01,,,,2808.8,14697.0,12218.6,2478.4,65.9,133154.0,5.2,17506.0,111414.0
2005-04-01,,,,2812.4,14733.9,12244.3,2489.6,66.1,133520.0,5.2,17546.0,111766.0
2005-05-01,,,,2824.8,14782.2,12275.3,2506.9,66.1,133689.0,5.1,17607.0,111908.0
2005-06-01,,,,2838.0,14831.2,12307.7,2523.5,66.1,133948.0,5.0,17669.0,112185.0
2005-07-01,,,,2836.6,14882.1,12341.1,2541.0,66.1,134300.0,5.0,17719.0,112443.0
2005-08-01,,,,2849.3,14909.3,12364.6,2544.7,66.2,134502.0,4.9,17759.0,112639.0
2005-09-01,,,,2855.1,14937.4,12381.8,2555.6,66.1,134552.0,5.0,17793.0,112707.0
2005-10-01,,,,2847.3,14963.9,12394.2,2569.7,66.1,134641.0,5.0,17811.0,112812.0
2005-11-01,,,,2858.4,15002.1,12422.9,2579.2,66.0,134997.0,5.0,17861.0,113138.0
2005-12-01,,,,2866.2,15026.4,12436.4,2590.0,66.0,135159.0,4.9,17893.0,113280.0
2006-01-01,,,,2876.7,15068.9,12467.6,2601.3,66.0,135427.0,4.7,17946.0,113580.0
2006-02-01,,,,2895.3,15101.0,12487.2,2613.8,66.1,135733.0,4.8,17996.0,113855.0
2006-03-01,,,20.04,2899.4,15142.7,12519.9,2622.8,66.2,136038.0,4.7,18042.0,114135.0
2006-04-01,,,20.17,2905.7,15162.7,12534.3,2628.4,66.1,136210.0,4.7,18068.0,114291.0
2006-05-01,,,20.13,2905.2,15195.1,12559.6,2635.5,66.1,136249.0,4.6,18100.0,114323.0
2006-06-01,,,20.22,2875.2,15233.6,12584.4,2649.2,66.2,136337.0,4.6,18109.0,114415.0
2006-07-01,,,20.29,2870.9,15262.1,12611.3,2650.8,66.1,136529.0,4.7,18133.0,114556.0
2006-08-01,,,20.32,2893.2,15292.5,12633.5,2659.0,66.2,136692.0,4.7,18186.0,114681.0
2006-09-01,,,20.4,2922.9,15327.7,12659.3,2668.4,66.1,136826.0,4.5,18251.0,114744.0
2006-10-01,,,20.42,2915.3,15371.4,12688.5,2682.9,66.2,136843.0,4.4,18287.0,114775.0
2006-11-01,,,20.49,2922.2,15411.2,12715.6,2695.6,66.3,137060.0,4.5,18333.0,114977.0
2006-12-01,,,20.58,2916.1,15460.6,12756.9,2703.7,66.4,137249.0,4.4,18377.0,115161.0
2007-01-01,,,20.59,2914.7,15498.5,12777.7,2720.8,66.4,137472.0,4.6,18413.0,115377.0
2007-02-01,,,20.68,2915.3,15536.2,12805.3,2730.9,66.3,137560.0,4.5,18452.0,115429.0
2007-03-01,,,20.72,2928.4,15579.6,12833.4,2746.2,66.2,137784.0,4.4,18508.0,115635.0
2007-04-01,,,20.79,2931.1,15632.2,12869.3,2762.9,65.9,137847.0,4.5,18563.0,115672.0
2007-05-01,,,20.84,2932.9,15675.6,12897.2,2778.4,66.0,137992.0,4.4,18609.0,115799.0
2007-06-01,,,20.95,2930.1,15729.5,12937.4,2792.1,66.0,138070.0,4.6,18660.0,115863.0
2007-07-01,,,20.94,2928.9,15766.0,12963.5,2802.5,66.0,138044.0,4.7,18695.0,115873.0
2007-08-01,,,21.0,2942.7,15808.3,12998.6,2809.7,65.8,138013.0,4.6,18751.0,115787.0
2007-09-01,,,21.04,2955.8,15850.1,13032.5,2817.6,66.0,138099.0,4.7,18806.0,115820.0
2007-10-01,,,21.06,2970.6,15878.0,13059.2,2818.8,65.8,138175.0,4.7,18849.0,115878.0
2007-11-01,,,21.12,2967.8,15907.6,13075.2,2832.4,66.0,138290.0,4.7,18875.0,115956.0
2007-12-01,,,21.16,2976.8,15947.4,13103.2,2844.2,66.0,138395.0,5.0,18924.0,116019.0
2008-01-01,,,21.19,2986.0,15990.0,13137.0,2853.0,66.2,138391.0,5.0,18976.0,116003.0
2008-02-01,,,21.27,2994.9,16023.7,13165.1,2858.6,66.0,138329.0,4.9,19019.0,115912.0
2008-03-01,,,21.36,3004.1,16064.5,13195.4,2869.1,66.1,138259.0,5.1,19069.0,115816.0
2008-04-01,,,21.38,3019.0,16109.5,13231.4,2878.1,65.9,138040.0,5.0,19129.0,115590.0
2008-05-01,,,21.47,3021.6,16144.2,13259.3,2884.9,66.1,137851.0,5.4,19166.0,115368.0
2008-06-01,,,21.52,3055.7,16176.7,13284.3,2892.4,66.1,137700.0,5.6,19232.0,115183.0
2008-07-01,,,21.6,3070.2,16212.8,13316.0,2896.8,66.1,137497.0,5.8,19283.0,114929.0
2008-08-01,,,21.7,3093.5,16245.7,13336.2,2909.5,66.1,137211.0,6.1,19339.0,114644.0
2008-09-01,,,21.73,3069.6,16273.2,13349.4,2923.8,66.0,136760.0,6.1,19343.0,114223.0
2008-10-01,,,21.76,3056.0,16302.1,13369.1,2933.0,66.0,136291.0,6.5,19358.0,113742.0
2008-11-01,,,21.86,3060.7,16336.0,13398.3,2937.7,65.9,135541.0,6.8,19397.0,112981.0
2008-12-01,,,21.95,3068.5,16369.7,13420.9,2948.8,65.8,134847.0,7.3,19438.0,112291.0
2009-01-01,,,21.96,3101.3,16393.1,13437.9,2955.2,65.7,134079.0,7.8,19494.0,111500.0
2009-02-01,,,21.98,3088.8,16419.5,13459.8,2959.7,65.8,133318.0,8.3,19508.0,110742.0
2009-03-01,,,22.05,3082.8,16430.7,13464.9,2965.8,65.6,132494.0,8.7,19514.0,109934.0
2009-04-01,,,22.1,3072.5,16446.7,13477.0,2969.7,65.7,131822.0,9.0,19519.0,109145.0
2009-05-01,,,22.12,3082.6,16498.5,13507.8,2990.7,65.7,131466.0,9.4,19581.0,108849.0
2009-06-01,,,22.14,3099.0,16520.3,13533.6,2986.7,65.7,131008.0,9.5,19619.0,108432.0
2009-07-01,,,22.18,3086.7,16544.8,13553.2,2991.6,65.5,130662.0,9.5,19632.0,108141.0
2009-08-01,,,22.23,3093.4,16582.4,13572.2,3010.2,65.4,130472.0,9.6,19676.0,107935.0
2009-09-01,,,22.27,3077.3,16618.1,13592.0,3026.1,65.1,130246.0,9.8,19695.0,107795.0
2009-10-01,,,22.31,3087.9,16642.8,13614.8,3028.0,65.0,130061.0,10.0,19731.0,107537.0
2009-11-01,,,22.34,3095.7,16671.8,13638.2,3033.6,65.0,130057.0,9.9,19768.0,107524.0
2009-12-01,,,22.37,3107.4,16694.5,13656.9,3037.6,64.6,129808.0,9.9,19802.0,107326.0
2010-01-01,18594.0,104263.0,22.4,3114.3,16714.7,13677.7,3037.0,64.8,129802.0,9.8,19829.0,107311.0
2010-02-01,18591.0,104225.0,22.46,3114.7,16727.8,13689.4,3038.4,64.9,129706.0,9.8,19843.0,107230.0
2010-03-01,18606.0,104225.0,22.46,3133.0,16763.1,13719.9,3043.2,64.9,129866.0,9.9,19896.0,107348.0
2010-04-01,18637.0,104258.0,22.49,3132.8,16773.7,13733.9,3039.8,65.2,130120.0,9.9,19907.0,107551.0
2010-05-01,18664.0,104337.0,22.51,3143.6,16790.5,13747.3,3043.2,64.9,130642.0,9.6,19934.0,107646.0
2010-06-01,18684.0,104435.0,22.53,3160.0,16803.6,13764.2,3039.4,64.6,130510.0,9.4,19964.0,107770.0
2010-07-01,18697.0,104550.0,22.59,3160.0,16816.3,13782.7,3033.6,64.6,130415.0,9.4,19976.0,107846.0
2010-08-01,18708.0,104644.0,22.62,3166.5,16845.3,13805.9,3039.4,64.7,130415.0,9.5,20012.0,107995.0
2010-09-01,18739.0,104802.0,22.67,3150.5,16854.5,13812.7,3041.8,64.6,130341.0,9.5,20005.0,108094.0
2010-10-01,18777.0,104926.0,22.73,3183.8,16889.3,13840.6,3048.7,64.4,130620.0,9.4,20073.0,108323.0
2010-11-01,18814.0,105052.0,22.73,3193.7,16919.2,13866.2,3053.0,64.6,130749.0,9.8,20113.0,108462.0
2010-12-01,18859.0,105235.0,22.76,3190.8,16934.8,13889.2,3045.6,64.3,130830.0,9.3,20126.0,108564.0
2011-01-01,18894.0,105416.0,22.87,3214.2,16935.6,13901.6,3034.0,64.2,130837.0,9.1,20150.0,108579.0
2011-02-01,18931.0,105600.0,22.87,3222.2,16944.4,13920.0,3024.4,64.1,131057.0,9.0,20167.0,108842.0
2011-03-01,18962.0,105770.0,22.87,3213.6,16966.0,13946.1,3019.9,64.2,131283.0,9.0,20180.0,109091.0
2011-04-01,18995.0,105994.0,22.91,3230.2,17002.0,13978.1,3023.9,64.2,131597.0,9.1,20232.0,109413.0
2011-05-01,19013.0,106175.0,22.97,3227.5,17025.0,13989.9,3035.1,64.1,131703.0,9.0,20253.0,109574.0
2011-06-01,19026.0,106428.0,23.0,3234.5,17049.0,14014.3,3034.7,64.0,131931.0,9.1,20284.0,109767.0
2011-07-01,19050.0,106662.0,23.11,3246.8,17085.2,14044.9,3040.3,64.0,131992.0,9.0,20332.0,109943.0
2011-08-01,19094.0,106904.0,23.06,3252.9,17113.8,14068.4,3045.4,64.1,132125.0,9.0,20367.0,110108.0
2011-09-01,19143.0,107144.0,23.11,3265.9,17151.1,14101.1,3050.0,64.2,132344.0,9.0,20417.0,110361.0
2011-10-01,19168.0,107296.0,23.18,3278.1,17174.0,14113.6,3060.4,64.1,132553.0,8.8,20452.0,110555.0
2011-11-01,19192.0,107476.0,23.19,3294.2,17189.9,14119.0,3070.9,64.1,132690.0,8.6,20484.0,110719.0
2011-12-01,19241.0,107825.0,23.22,3305.1,17209.7,14123.1,3086.6,64.0,132888.0,8.5,20515.0,110934.0
2012-01-01,19289.0,108070.0,23.26,3310.1,17263.1,14166.0,3097.1,63.7,133246.0,8.3,20573.0,111300.0
2012-02-01,19344.0,108337.0,23.28,3330.2,17315.9,14197.5,3118.4,63.8,133509.0,8.3,20646.0,111562.0
2012-03-01,19378.0,108556.0,23.36,3343.8,17346.1,14221.5,3124.6,63.8,133748.0,8.2,20690.0,111805.0
2012-04-01,19414.0,108754.0,23.39,3343.9,17362.8,14235.8,3127.0,63.7,133825.0,8.2,20707.0,111894.0
2012-05-01,19459.0,108917.0,23.41,3350.8,17393.3,14263.1,3130.2,63.7,133932.0,8.2,20744.0,112021.0
2012-06-01,19535.0,109073.0,23.46,3343.1,17400.6,14268.5,3132.1,63.8,134013.0,8.2,20744.0,112083.0
2012-07-01,19599.0,109183.0,23.49,3350.4,17428.5,14287.2,3141.3,63.7,134157.0,8.2,20779.0,112244.0
2012-08-01,19668.0,109315.0,23.48,3353.4,17452.6,14296.7,3155.9,63.5,134339.0,8.1,20806.0,112423.0
2012-09-01,19726.0,109445.0,23.57,3354.9,17489.7,14327.5,3162.2,63.6,134517.0,7.8,20845.0,112592.0
2012-10-01,19793.0,109643.0,23.56,3342.8,17532.1,14350.3,3181.8,63.8,134669.0,7.8,20875.0,112766.0
2012-11-01,19882.0,109970.0,23.63,3333.8,17546.2,14358.4,3187.8,63.6,134825.0,7.7,20880.0,112942.0
2012-12-01,19946.0,110224.0,23.72,3336.8,17596.0,14395.9,3200.1,63.7,135074.0,7.9,20933.0,113187.0
2013-01-01,20010.0,110428.0,23.74,3331.1,17616.8,14413.2,3203.6,63.7,135257.0,8.0,20948.0,113388.0
2013-02-01,20091.0,110624.0,23.78,3317.4,17641.6,14429.7,3211.9,63.4,135546.0,7.7,20959.0,113665.0
2013-03-01,20145.0,110753.0,23.8,3339.4,17667.4,14446.0,3221.4,63.3,135689.0,7.5,21007.0,113819.0
2013-04-01,20184.0,110913.0,23.87,3345.8,17711.3,14473.5,3237.8,63.4,135873.0,7.6,21057.0,114004.0
2013-05-01,20209.0,111107.0,23.89,3361.5,17714.0,14474.7,3239.3,63.4,136096.0,7.5,21076.0,114232.0
2013-06-01,20217.0,111281.0,23.96,3351.8,17729.8,14486.7,3243.1,63.4,136279.0,7.5,21082.0,114439.0
2013-07-01,20227.0,111462.0,23.98,3363.3,17710.1,14485.6,3224.5,63.3,136391.0,7.3,21073.0,114576.0
2013-08-01,20241.0,111698.0,24.02,3378.2,17768.6,14523.6,3245.0,63.3,136646.0,7.2,21147.0,114815.0
2013-09-01,20254.0,111850.0,24.06,3354.5,17778.9,14517.4,3261.5,63.2,136821.0,7.2,21133.0,114986.0
2013-10-01,20271.0,112024.0,24.09,3369.8,17788.4,14529.6,3258.8,62.8,137041.0,7.2,21158.0,115211.0
2013-11-01,20308.0,112255.0,24.16,3379.6,17820.7,14552.8,3267.9,63.0,137317.0,6.9,21200.0,115474.0
2013-12-01,20360.0,112534.0,24.18,3375.4,17823.9,14556.5,3267.4,62.9,137372.0,6.7,21199.0,115552.0
2014-01-01,20417.0,112784.0,24.22,3395.5,17840.1,14559.8,3280.3,62.9,137561.0,6.6,21236.0,115747.0
2014-02-01,20444.0,112897.0,24.33,3390.5,17861.0,14568.9,3292.1,62.9,137712.0,6.7,21252.0,115887.0
2014-03-01,20472.0,113005.0,24.31,3395.7,17896.2,14592.6,3303.6,63.1,137985.0,6.7,21292.0,116152.0
2014-04-01,20492.0,113154.0,24.34,3407.1,17915.5,14608.2,3307.3,62.8,138298.0,6.2,21323.0,116445.0
2014-05-01,20508.0,113369.0,24.4,3408.2,17966.5,14643.2,3323.3,62.9,138513.0,6.3,21375.0,116681.0
2014-06-01,20529.0,113610.0,24.46,3432.0,17991.9,14655.6,3336.3,62.8,138849.0,6.1,21424.0,116954.0
2014-07-01,20557.0,113881.0,24.48,3421.2,18028.9,14668.8,3360.1,62.9,139072.0,6.2,21450.0,117171.0
2014-08-01,20604.0,114188.0,24.54,3426.8,18074.4,14706.5,3367.9,62.9,139269.0,6.1,21501.0,117414.0
2014-09-01,20639.0,114391.0,24.56,3435.9,18104.6,14727.8,3376.8,62.8,139563.0,5.9,21541.0,117666.0
2014-10-01,20685.0,114641.0,24.59,3431.2,18137.9,14752.7,3385.2,62.9,139798.0,5.7,21569.0,117881.0
2014-11-01,20725.0,114817.0,24.66,3430.6,18195.3,14794.3,3401.0,62.9,140089.0,5.8,21626.0,118157.0
2014-12-01,20778.0,115000.0,24.63,3435.7,18242.6,14828.0,3414.6,62.8,140364.0,5.6,21678.0,118417.0
2015-01-01,20854.0,115272.0,24.74,3440.9,18305.0,14872.1,3432.9,62.9,140568.0,5.7,21746.0,118608.0
2015-02-01,20895.0,115525.0,24.79,3449.7,18337.4,14892.7,3444.7,62.7,140827.0,5.5,21787.0,118849.0
2015-03-01,20925.0,115731.0,24.85,3454.3,18375.1,14914.9,3460.2,62.6,140923.0,5.4,21829.0,118953.0
2015-04-01,20961.0,115931.0,24.89,3451.1,18451.2,14954.6,3496.6,62.8,141196.0,5.4,21902.0,119191.0
2015-05-01,21002.0,116100.0,24.97,3453.1,18502.5,14997.2,3505.3,62.9,141538.0,5.6,21956.0,119526.0
2015-06-01,21049.0,116311.0,24.97,3465.2,18545.8,15029.9,3515.9,62.7,141709.0,5.3,22011.0,119694.0
2015-07-01,21113.0,116604.0,25.01,3471.0,18580.7,15060.6,3520.1,62.6,141991.0,5.2,22052.0,119941.0
2015-08-01,21173.0,116812.0,25.1,3468.8,18619.6,15095.2,3524.4,62.6,142125.0,5.1,22088.0,120065.0
2015-09-01,21245.0,117005.0,25.11,3473.2,18666.7,15122.1,3544.6,62.4,142275.0,5.0,22140.0,120235.0
2015-10-01,21336.0,117242.0,25.2,3490.3,18721.8,15158.9,3562.9,62.5,142579.0,5.0,22212.0,120523.0
2015-11-01,21391.0,117446.0,25.25,3500.6,18759.4,15185.8,3573.6,62.5,142808.0,5.1,22260.0,120727.0
2015-12-01,21419.0,117609.0,25.25,3522.3,18795.6,15207.2,3588.4,62.7,143077.0,5.0,22318.0,120980.0
2016-01-01,21436.0,117745.0,25.37,3509.9,18838.1,15245.0,3593.1,62.7,143210.0,4.8,22348.0,121096.0
2016-02-01,21453.0,117868.0,25.38,3520.7,18880.2,15270.9,3609.3,62.8,143406.0,4.9,22401.0,121268.0
2016-03-01,21487.0,118045.0,25.45,3535.4,18911.9,15296.6,3615.3,63.0,143662.0,5.0,22447.0,121484.0
2016-04-01,21535.0,118253.0,25.53,3551.7,18951.0,15334.0,3617.0,62.9,143854.0,5.1,22503.0,121670.0
2016-05-01,21567.0,118374.0,25.58,3566.1,18997.7,15372.1,3625.6,62.7,143900.0,4.8,22564.0,121701.0
2016-06-01,21595.0,118511.0,25.62,3569.3,19046.1,15403.2,3642.9,62.7,144147.0,4.9,22615.0,121967.0
2016-07-01,21611.0,118640.0,25.69,3568.8,19100.3,15443.2,3657.1,62.8,144520.0,4.8,22669.0,122231.0
2016-08-01,21625.0,118790.0,25.71,3569.5,19145.2,15462.7,3682.5,62.9,144661.0,4.9,22715.0,122377.0
2016-09-01,21653.0,119003.0,25.77,3589.2,19189.9,15496.7,3693.2,62.9,144967.0,5.0,22779.0,122644.0
2016-10-01,21696.0,119207.0,25.9,3607.1,19219.6,15519.5,3700.1,62.8,145065.0,4.9,22827.0,122770.0
2016-11-01,21751.0,119461.0,25.9,3610.8,19254.3,15543.2,3711.1,62.7,145183.0,4.7,22865.0,122906.0
2016-12-01,21831.0,119788.0,25.93,3617.7,19309.9,15582.7,3727.2,62.7,145408.0,4.7,22928.0,123104.0
2017-01-01,21899.0,119980.0,26.0,3610.6,19330.2,15590.3,3739.9,62.8,145628.0,4.7,22941.0,123312.0
2017-02-01,21987.0,120156.0,26.07,3646.6,19371.2,15618.9,3752.3,62.9,145846.0,4.6,23018.0,123520.0
2017-03-01,22040.0,120262.0,26.11,3656.8,19390.6,15627.2,3763.4,62.9,145970.0,4.4,23047.0,123641.0
2017-04-01,22086.0,120400.0,26.18,3661.2,19443.3,15656.6,3786.7,63.0,146175.0,4.4,23105.0,123840.0
2017-05-01,22129.0,120556.0,26.21,3669.3,19470.5,15673.2,3797.3,62.8,146380.0,4.4,23140.0,124033.0
2017-06-01,22189.0,120777.0,26.26,3643.9,19521.1,15705.3,3815.8,62.8,146583.0,4.3,23165.0,124223.0
2017-07-01,22242.0,120967.0,26.35,3662.6,19569.1,15745.2,3823.9,62.9,146772.0,4.3,23232.0,124398.0
2017-08-01,22290.0,121148.0,26.37,3679.6,19589.0,15761.9,3827.1,62.9,146919.0,4.4,23269.0,124609.0
2017-09-01,22341.0,121320.0,26.49,3691.6,19603.4,15781.3,3822.1,63.1,147008.0,4.3,23295.0,124675.0
2017-10-01,22369.0,121431.0,26.5,3689.6,19623.3,15795.8,3827.5,62.7,147149.0,4.2,23313.0,124788.0
2017-11-01,22394.0,121610.0,26.54,3698.2,19655.8,15812.5,3843.3,62.7,147372.0,4.2,23354.0,124993.0
2017-12-01,22418.0,121789.0,26.63,3700.0,19682.6,15834.3,3848.3,62.7,147523.0,4.1,23383.0,125139.0
2018-01-01,22444.0,121994.0,26.72,3705.9,19731.9,15854.8,3877.1,62.7,147660.0,4.0,23438.0,125286.0
2018-02-01,22488.0,122257.0,26.74,3708.7,19785.2,15887.1,3898.1,63.0,148054.0,4.1,23494.0,125635.0
2018-03-01,22527.0,122434.0,26.85,3707.6,19815.7,15901.3,3914.4,62.9,148280.0,4.0,23523.0,125853.0
2018-04-01,22582.0,122608.0,26.91,3706.3,19839.2,15918.6,3920.6,62.9,148420.0,4.0,23546.0,125976.0
2018-05-01,22631.0,122761.0,26.98,3707.8,19875.1,15943.4,3931.7,62.9,148742.0,3.8,23583.0,126293.0
2018-06-01,22693.0,122968.0,27.03,3723.1,19891.7,15952.2,3939.5,63.0,148960.0,4.0,23615.0,126478.0
2018-07-01,22745.0,123150.0,27.1,3727.0,19916.2,15961.5,3954.7,63.0,149020.0,3.8,23643.0,126584.0
2018-08-01,22805.0,123324.0,27.21,3739.0,19962.3,15988.0,3974.3,62.6,149277.0,3.8,23701.0,126809.0
2018-09-01,22841.0,123400.0,27.32,3718.8,19990.5,15997.8,3992.7,62.8,149358.0,3.7,23709.0,126884.0
2018-10-01,22864.0,123509.0,27.37,3716.8,20039.2,16028.5,4010.7,62.9,149527.0,3.8,23756.0,127048.0
2018-11-01,22890.0,123719.0,27.44,3703.1,20065.1,16042.2,4022.9,62.9,149617.0,3.8,23768.0,127144.0
2018-12-01,22917.0,123892.0,27.56,3719.3,20132.6,16087.1,4045.5,63.0,149809.0,3.9,23852.0,127298.0
2019-01-01,22943.0,124107.0,27.59,3737.0,20164.7,16112.4,4052.3,63.1,150060.0,4.0,23902.0,127552.0
2019-02-01,22980.0,124336.0,27.69,3722.2,20200.7,16135.8,4064.9,63.1,150067.0,3.8,23923.0,127542.0
2019-03-01,23017.0,124438.0,27.77,3724.6,20263.2,16175.8,4087.4,63.0,150295.0,3.8,23988.0,127726.0
2019-04-01,23065.0,124533.0,27.79,3733.4,20320.2,16200.7,4119.5,62.8,150591.0,3.7,24054.0,127972.0
2019-05-01,23113.0,124672.0,27.88,3737.5,20352.5,16222.7,4129.8,62.9,150618.0,3.6,24090.0,128056.0
2019-06-01,23139.0,124764.0,27.97,3742.1,20392.7,16253.0,4139.7,63.0,150838.0,3.6,24135.0,128234.0
2019-07-01,23160.0,124842.0,28.03,3752.5,20428.1,16276.8,4151.3,63.1,150937.0,3.7,24181.0,128365.0
2019-08-01,23187.0,124939.0,28.14,3755.8,20489.9,16311.9,4178.0,63.1,151169.0,3.6,24246.0,128544.0
2019-09-01,23213.0,124990.0,28.16,3755.3,20532.4,16344.2,4188.2,63.2,151365.0,3.5,24288.0,128712.0
2019-10-01,23242.0,125029.0,28.24,3749.4,20578.3,16365.4,4212.9,63.3,151460.0,3.6,24328.0,128790.0
2019-11-01,23285.0,125083.0,28.34,3751.6,20639.6,16404.5,4235.1,63.3,151667.0,3.6,24391.0,128958.0
2019-12-01,23328.0,125163.0,28.38,3752.4,20675.5,16421.6,4253.9,63.3,151794.0,3.6,24428.0,129068.0
2020-01-01,23378.0,125098.0,28.43,3785.0,20724.7,16451.9,4272.8,63.3,152031.0,3.6,24510.0,129250.0
2020-02-01,23413.0,124969.0,28.54,3801.8,20771.0,16475.0,4296.0,63.3,152293.0,3.5,24573.0,129436.0
2020-03-01,23435.0,124782.0,28.73,3700.3,20655.7,16395.7,4260.0,62.6,150895.0,4.4,24356.0,128068.0
2020-04-01,23162.0,123327.0,30.04,3257.4,18485.0,14879.6,3605.4,60.1,130426.0,14.8,21742.0,108517.0
2020-05-01,22800.0,121499.0,29.72,3285.8,18864.3,15205.9,3658.4,60.8,133040.0,13.2,22150.0,111647.0
2020-06-01,22479.0,119957.0,29.38,3382.6,19344.5,15577.8,3766.7,61.5,137671.0,11.0,22727.0,116259.0
2020-07-01,22354.0,119115.0,29.39,3397.6,19525.4,15703.3,3822.1,61.5,139255.0,10.2,22923.0,117741.0
2020-08-01,22293.0,118758.0,29.49,3470.4,19653.2,15785.8,3867.4,61.7,140821.0,8.4,23124.0,118821.0
2020-09-01,22284.0,118978.0,29.51,3422.7,19766.3,15849.3,3917.0,61.4,141770.0,7.8,23189.0,119841.0
2020-10-01,22343.0,119197.0,29.54,3424.6,19853.3,15909.5,3943.8,61.7,142460.0,6.9,23278.0,120655.0
2020-11-01,22413.0,119424.0,29.64,3427.9,19909.2,15941.6,3967.6,61.5,142733.0,6.7,23337.0,121050.0
2020-12-01,22493.0,119612.0,29.91,3367.5,19966.8,15996.5,3970.3,61.5,142548.0,6.7,23334.0,120870.0
2021-01-01,22557.0,119529.0,29.93,3458.7,19903.6,15931.2,3972.4,61.4,142863.0,6.4,23362.0,121122.0
2021-02-01,22578.0,119330.0,30.05,3470.2,19942.8,15949.1,3993.7,61.4,143380.0,6.2,23413.0,121626.0
2021-03-01,22604.0,119262.0,30.03,3512.7,20023.5,16003.2,4020.3,61.5,144232.0,6.1,23536.0,122388.0
2021-04-01,22644.0,119308.0,30.22,3517.6,20066.0,16009.8,4056.2,61.6,144587.0,6.1,23584.0,122694.0
2021-05-01,22665.0,119380.0,30.41,3540.6,20075.6,16017.8,4057.8,61.6,145065.0,5.8,23616.0,123136.0
2021-06-01,22684.0,119592.0,30.54,3572.0,20069.8,16003.2,4066.6,61.7,145820.0,5.9,23642.0,123789.0
2021-07-01,22711.0,120165.0,30.66,3606.1,20077.8,16007.9,4069.9,61.8,146762.0,5.4,23684.0,124723.0
2021-08-01,22730.0,120762.0,30.78,3631.0,20076.5,15997.9,4078.6,61.7,147314.0,5.1,23708.0,125178.0
2021-09-01,22784.0,121476.0,30.98,3620.8,20083.8,15975.9,4107.9,61.7,147771.0,4.7,23705.0,125669.0
2021-10-01,22850.0,122155.0,31.14,3680.5,20119.1,15999.3,4119.8,61.8,148572.0,4.5,23800.0,126545.0
2021-11-01,22912.0,123013.0,31.23,3695.4,20149.5,16018.5,4131.0,61.9,149230.0,4.1,23845.0,127184.0
2021-12-01,22967.0,123960.0,31.39,3702.6,20183.4,16032.8,4150.6,62.0,149816.0,3.9,23886.0,127754.0
2022-01-01,22993.0,124431.0,31.6,3708.7,20160.2,16032.6,4127.6,62.2,150006.0,4.0,23869.0,127957.0
2022-02-01,23022.0,125015.0,31.64,3727.6,20256.3,16089.3,4167.0,62.3,150825.0,3.9,23984.0,128793.0
2022-03-01,23073.0,125613.0,31.8,3740.4,20316.5,16120.6,4195.9,62.4,151315.0,3.7,24057.0,129282.0
2022-04-01,23146.0,126298.0,31.96,3736.4,20380.8,16167.8,4213.0,62.2,151623.0,3.7,24117.0,129554.0
2022-05-01,23212.0,126601.0,32.1,3741.8,20434.5,16206.7,4227.8,62.3,151924.0,3.6,24176.0,129799.0
2022-06-01,23302.0,127139.0,32.19,3753.8,20513.3,16258.0,4255.3,62.2,152358.0,3.6,24267.0,130216.0
2022-07-01,23382.0,127548.0,32.34,3777.9,20616.7,16327.1,4289.6,62.1,153072.0,3.5,24395.0,130766.0
2022-08-01,23455.0,127913.0,32.44,3783.5,20684.8,16375.5,4309.3,62.3,153362.0,3.6,24468.0,131056.0
2022-09-01,23561.0,128252.0,32.57,3785.3,20766.3,16435.7,4330.6,62.2,153582.0,3.5,24552.0,131285.0
2022-10-01,23678.0,128503.0,32.7,3787.3,20855.0,16498.7,4356.3,62.2,153939.0,3.6,24642.0,131646.0
2022-11-01,23795.0,128772.0,32.82,3798.2,20931.1,16547.0,4384.1,62.1,154242.0,3.6,24729.0,131863.0
2022-12-01,23887.0,128963.0,32.94,3755.5,21017.7,16603.7,4414.0,62.3,154342.0,3.5,24773.0,131977.0
2023-01-01,23936.0,129150.0,33.02,3778.9,21103.6,16657.8,4445.8,62.4,154776.0,3.5,24883.0,132292.0
2023-02-01,24001.0,129300.0,33.15,3785.9,21170.1,16699.6,4470.5,62.5,155066.0,3.6,24956.0,132528.0
2023-03-01,24064.0,129376.0,33.27,3792.4,21240.9,16743.5,4497.4,62.6,155134.0,3.5,25033.0,132554.0
2023-04-01,24136.0,129467.0,33.43,3803.3,21309.4,16787.1,4522.3,62.6,155375.0,3.4,25113.0,132733.0
2023-05-01,24211.0,129827.0,33.5,3838.5,21382.4,16836.7,4545.7,62.6,155655.0,3.6,25221.0,132933.0
2023-06-01,24301.0,130310.0,33.69,3850.1,21464.2,16897.1,4567.1,62.6,155880.0,3.6,25314.0,133088.0
2023-07-01,24379.0,130579.0,33.85,3858.7,21576.6,16968.8,4607.8,62.6,156043.0,3.5,25435.0,133206.0
2023-08-01,24469.0,130695.0,33.89,3867.6,21676.7,17037.5,4639.2,62.8,156261.0,3.7,25544.0,133354.0
2023-09-01,24565.0,130732.0,34.01,3879.2,21761.7,17098.6,4663.1,62.7,156417.0,3.7,25641.0,133469.0
2023-10-01,24628.0,130703.0,34.08,3895.6,21839.2,17151.2,4688.0,62.6,156576.0,3.9,25735.0,133583.0
2023-11-01,24705.0,130808.0,34.17,3907.3,21945.4,17227.2,4718.2,62.8,156703.0,3.7,25853.0,133667.0
2023-12-01,24785.0,131090.0,34.29,3916.1,22018.7,17275.6,4743.1,62.5,156857.0,3.8,25935.0,133766.0
2024-01-01,24878.0,131330.0,34.47,3937.6,22095.6,17332.9,4762.7,62.5,157032.0,3.7,26033.0,133892.0
2024-02-01,25000.0,131223.0,34.52,3938.9,22191.2,17397.8,4793.4,62.6,157238.0,3.9,26130.0,134027.0
2024-03-01,25079.0,131120.0,34.65,3948.8,22276.6,17471.3,4805.3,62.7,157466.0,3.9,26225.0,134170.0
2024-04-01,25143.0,131164.0,34.76,3954.1,22359.2,17532.2,4827.0,62.6,157530.0,3.9,26313.0,134233.0
2024-05-01,25211.0,131365.0,34.89,3958.8,22424.6,17579.1,4845.5,62.6,157608.0,3.9,26383.0,134278.0
2024-06-01,25272.0,131469.0,35.01,3979.9,22493.7,17624.5,4869.2,62.6,157695.0,4.1,26474.0,134356.0
2024-07-01,25334.0,131589.0,35.08,3973.1,22541.9,17659.1,4882.8,62.7,157748.0,4.2,26515.0,134348.0
2024-08-01,25411.0,131635.0,35.22,3985.9,22586.7,17695.3,4891.4,62.7,157757.0,4.2,26573.0,134321.0
2024-09-01,25472.0,131614.0,35.34,4017.1,22673.6,17746.6,4927.0,62.7,157912.0,4.1,26691.0,134463.0
2024-10-01,25542.0,131602.0,35.46,4031.5,22754.8,17806.9,4947.9,62.5,157945.0,4.1,26786.0,134459.0
2024-11-01,25629.0,131704.0,35.6,4038.6,22831.6,17865.0,4966.6,62.4,158079.0,4.2,26870.0,134575.0
2024-12-01,25692.0,131861.0,35.69,4044.0,22901.4,17908.1,4993.3,62.5,158316.0,4.1,26945.0,134787.0
2025-01-01,25751.0,132001.0,35.84,4045.3,22960.4,17943.8,5016.6,62.6,158268.0,4.0,27006.0,134711.0
2025-02-01,25798.0,132015.0,35.94,4055.5,23008.3,17980.5,5027.8,62.5,158310.0,4.2,27064.0,134751.0
2025-03-01,25860.0,131962.0,36.11,4055.5,23076.0,18028.1,5047.9,62.5,158377.0,4.2,27132.0,134818.0
2025-04-01,25933.0,131939.0,36.12,4063.5,23152.0,17989.9,5162.1,62.6,158485.0,4.2,27216.0,134917.0
2025-05-01,26014.0,131915.0,36.28,4058.7,23217.0,18028.8,5188.2,62.4,158498.0,4.3,27276.0,134937.0
2025-06-01,26065.0,131914.0,36.36,4047.7,23277.5,18064.7,5212.8,62.3,158478.0,4.1,27325.0,134892.0
2025-07-01,26088.0,131991.0,36.47,4052.0,23360.1,18126.6,5233.5,62.2,158542.0,4.3,27412.0,134957.0
2025-08-01,26120.0,132040.0,36.62,4052.2,23382.9,18142.2,5240.7,62.3,158472.0,4.3,27435.0,134937.0
2025-09-01,26164.0,132128.0,36.7,4050.3,23438.2,18181.8,5256.4,62.5,158548.0,4.4,27489.0,135005.0
2025-10-01,26235.0,132148.0,36.85,4047.2,23485.8,18215.4,5270.4,,158408.0,,27533.0,135018.0
2025-11-01,26294.0,132222.0,37.0,4043.3,23545.7,18265.4,5280.3,62.5,158449.0,4.5,27589.0,135090.0
2025-12-01,26334.0,132259.0,37.02,4039.3,23587.5,18295.3,5292.2,62.4,158432.0,4.4,27627.0,135083.0
2026-01-01,26384.0,132270.0,37.15,4052.0,23694.4,18363.6,5330.8,62.1,158592.0,4.3,27746.0,135263.0
2026-02-01,26443.0,132336.0,37.27,4033.1,23664.0,18330.7,5333.3,62.0,158436.0,4.4,27697.0,135115.0
2026-03-01,26496.0,132397.0,37.35,4035.6,23756.7,18411.1,5345.6,61.9,158650.0,4.3,27792.0,135317.0
2026-04-01,26557.0,132502.0,37.41,4044.8,23813.8,18446.5,5367.3,61.8,158798.0,4.3,27859.0,135467.0
2026-05-01,26614.0,132624.0,37.49,4034.0,23848.6,18476.2,5372.4,61.8,158861.0,4.3,27883.0,135528.0
2026-06-01,26662.0,132719.0,37.6,4046.9,23889.6,18496.5,5393.1,61.5,158881.0,4.2,27937.0,135558.0
2026-07-01,26698.0,132763.0,37.62,4049.7,23912.2,18518.5,5393.7,61.4,158858.0,4.1,27962.0,135588.0
