date,initial_claims,claims_4wk_avg
2019-01-05,225000.0,
2019-01-12,218000.0,
2019-01-19,214000.0,
2019-01-26,234000.0,222750.0
2019-02-02,232000.0,224500.0
2019-02-09,226000.0,226500.0
2019-02-16,211000.0,225750.0
2019-02-23,221000.0,222500.0
2019-03-02,216000.0,218500.0
2019-03-09,218000.0,216500.0
2019-03-16,212000.0,216750.0
2019-03-23,210000.0,214000.0
2019-03-30,203000.0,210750.0
2019-04-06,196000.0,205250.0
2019-04-13,197000.0,201500.0
2019-04-20,222000.0,204500.0
2019-04-27,224000.0,209750.0
2019-05-04,225000.0,217000.0
2019-05-11,212000.0,220750.0
2019-05-18,215000.0,219000.0
2019-05-25,222000.0,218500.0
2019-06-01,223000.0,218000.0
2019-06-08,226000.0,221500.0
2019-06-15,217000.0,222000.0
2019-06-22,234000.0,225000.0
2019-06-29,226000.0,225750.0
2019-07-06,215000.0,223000.0
2019-07-13,211000.0,221500.0
2019-07-20,202000.0,213500.0
2019-07-27,206000.0,208500.0
2019-08-03,208000.0,206750.0
2019-08-10,212000.0,207000.0
2019-08-17,207000.0,208250.0
2019-08-24,213000.0,210000.0
2019-08-31,215000.0,211750.0
2019-09-07,207000.0,210500.0
2019-09-14,205000.0,210000.0
2019-09-21,211000.0,209500.0
2019-09-28,215000.0,209500.0
2019-10-05,209000.0,210000.0
2019-10-12,215000.0,212500.0
2019-10-19,210000.0,212250.0
2019-10-26,215000.0,212250.0
2019-11-02,214000.0,213500.0
2019-11-09,227000.0,216500.0
2019-11-16,229000.0,221250.0
2019-11-23,221000.0,222750.0
2019-11-30,231000.0,227000.0
2019-12-07,247000.0,232000.0
2019-12-14,236000.0,233750.0
2019-12-21,230000.0,236000.0
2019-12-28,231000.0,236000.0
2020-01-04,224000.0,230250.0
2020-01-11,207000.0,223000.0
2020-01-18,221000.0,220750.0
2020-01-25,210000.0,215500.0
2020-02-01,207000.0,211250.0
2020-02-08,202000.0,210000.0
2020-02-15,209000.0,207000.0
2020-02-22,218000.0,209000.0
2020-02-29,215000.0,211000.0
2020-03-07,208000.0,212500.0
2020-03-14,273000.0,228500.0
2020-03-21,2914000.0,902500.0
2020-03-28,5946000.0,2335250.0
2020-04-04,6137000.0,3817500.0
2020-04-11,4869000.0,4966500.0
2020-04-18,4201000.0,5288250.0
2020-04-25,3446000.0,4663250.0
2020-05-02,2796000.0,3828000.0
2020-05-09,2335000.0,3194500.0
2020-05-16,2176000.0,2688250.0
2020-05-23,1921000.0,2307000.0
2020-05-30,1639000.0,2017750.0
2020-06-06,1575000.0,1827750.0
2020-06-13,1473000.0,1652000.0
2020-06-20,1467000.0,1538500.0
2020-06-27,1446000.0,1490250.0
2020-07-04,1413000.0,1449750.0
2020-07-11,1468000.0,1448500.0
2020-07-18,1393000.0,1430000.0
2020-07-25,1260000.0,1383500.0
2020-08-01,1044000.0,1291250.0
2020-08-08,884000.0,1145250.0
2020-08-15,927000.0,1028750.0
2020-08-22,876000.0,932750.0
2020-08-29,881000.0,892000.0
2020-09-05,892000.0,894000.0
2020-09-12,861000.0,877500.0
2020-09-19,859000.0,873250.0
2020-09-26,795000.0,851750.0
2020-10-03,785000.0,825000.0
2020-10-10,839000.0,819500.0
2020-10-17,804000.0,805750.0
2020-10-24,776000.0,801000.0
2020-10-31,773000.0,798000.0
2020-11-07,737000.0,772500.0
2020-11-14,738000.0,756000.0
2020-11-21,793000.0,760250.0
2020-11-28,737000.0,751250.0
2020-12-05,873000.0,785250.0
2020-12-12,886000.0,822250.0
2020-12-19,815000.0,827750.0
2020-12-26,773000.0,836750.0
2021-01-02,803000.0,819250.0
2021-01-09,890000.0,820250.0
2021-01-16,844000.0,827500.0
2021-01-23,799000.0,834000.0
2021-01-30,803000.0,834000.0
2021-02-06,812000.0,814500.0
2021-02-13,802000.0,804000.0
2021-02-20,702000.0,779750.0
2021-02-27,704000.0,755000.0
2021-03-06,693000.0,725250.0
2021-03-13,699000.0,699500.0
2021-03-20,627000.0,680750.0
2021-03-27,658000.0,669250.0
2021-04-03,645000.0,657250.0
2021-04-10,571000.0,625250.0
2021-04-17,566000.0,610000.0
2021-04-24,574000.0,589000.0
2021-05-01,517000.0,557000.0
2021-05-08,494000.0,537750.0
2021-05-15,467000.0,513000.0
2021-05-22,441000.0,479750.0
2021-05-29,427000.0,457250.0
2021-06-05,420000.0,438750.0
2021-06-12,428000.0,429000.0
2021-06-19,422000.0,424250.0
2021-06-26,368000.0,409500.0
2021-07-03,371000.0,397250.0
2021-07-10,333000.0,373500.0
2021-07-17,387000.0,364750.0
2021-07-24,380000.0,367750.0
2021-07-31,379000.0,369750.0
2021-08-07,361000.0,376750.0
2021-08-14,367000.0,371750.0
2021-08-21,358000.0,366250.0
2021-08-28,353000.0,359750.0
2021-09-04,335000.0,353250.0
2021-09-11,342000.0,347000.0
2021-09-18,367000.0,349250.0
2021-09-25,375000.0,354750.0
2021-10-02,312000.0,349000.0
2021-10-09,291000.0,336250.0
2021-10-16,289000.0,316750.0
2021-10-23,269000.0,290250.0
2021-10-30,261000.0,277500.0
2021-11-06,251000.0,267500.0
2021-11-13,250000.0,257750.0
2021-11-20,224000.0,246500.0
2021-11-27,221000.0,236500.0
2021-12-04,206000.0,225250.0
2021-12-11,227000.0,219500.0
2021-12-18,215000.0,217250.0
2021-12-25,217000.0,216250.0
2022-01-01,229000.0,222000.0
2022-01-08,250000.0,227750.0
2022-01-15,246000.0,235500.0
2022-01-22,240000.0,241250.0
2022-01-29,231000.0,241750.0
2022-02-05,210000.0,231750.0
2022-02-12,234000.0,228750.0
2022-02-19,224000.0,224750.0
2022-02-26,208000.0,219000.0
2022-03-05,222000.0,222000.0
2022-03-12,217000.0,217750.0
2022-03-19,207000.0,213500.0
2022-03-26,214000.0,215000.0
2022-04-02,214000.0,213000.0
2022-04-09,214000.0,212250.0
2022-04-16,210000.0,213000.0
2022-04-23,209000.0,211750.0
2022-04-30,218000.0,212750.0
2022-05-07,204000.0,210250.0
2022-05-14,225000.0,214000.0
2022-05-21,211000.0,214500.0
2022-05-28,199000.0,209750.0
2022-06-04,213000.0,212000.0
2022-06-11,211000.0,208500.0
2022-06-18,214000.0,209250.0
2022-06-25,212000.0,212500.0
2022-07-02,214000.0,212750.0
2022-07-09,212000.0,213000.0
2022-07-16,216000.0,213500.0
2022-07-23,221000.0,215750.0
2022-07-30,228000.0,219250.0
2022-08-06,221000.0,221500.0
2022-08-13,220000.0,222500.0
2022-08-20,215000.0,221000.0
2022-08-27,210000.0,216500.0
2022-09-03,203000.0,212000.0
2022-09-10,195000.0,205750.0
2022-09-17,202000.0,202500.0
2022-09-24,190000.0,197500.0
2022-10-01,203000.0,197500.0
2022-10-08,207000.0,200500.0
2022-10-15,199000.0,199750.0
2022-10-22,202000.0,202750.0
2022-10-29,202000.0,202500.0
2022-11-05,204000.0,201750.0
2022-11-12,210000.0,204500.0
2022-11-19,220000.0,209000.0
2022-11-26,209000.0,210750.0
2022-12-03,209000.0,212000.0
2022-12-10,209000.0,211750.0
2022-12-17,213000.0,210000.0
2022-12-24,205000.0,209000.0
2022-12-31,205000.0,208000.0
2023-01-07,210000.0,208250.0
2023-01-14,204000.0,206000.0
2023-01-21,204000.0,205750.0
2023-01-28,200000.0,204500.0
2023-02-04,215000.0,205750.0
2023-02-11,220000.0,209750.0
2023-02-18,217000.0,213000.0
2023-02-25,207000.0,214750.0
2023-03-04,230000.0,218500.0
2023-03-11,222000.0,219000.0
2023-03-18,230000.0,222250.0
2023-03-25,234000.0,229000.0
2023-04-01,217000.0,225750.0
2023-04-08,220000.0,225250.0
2023-04-15,223000.0,223500.0
2023-04-22,209000.0,217250.0
2023-04-29,213000.0,216250.0
2023-05-06,223000.0,217000.0
2023-05-13,225000.0,217500.0
2023-05-20,227000.0,222000.0
2023-05-27,229000.0,226000.0
2023-06-03,252000.0,233250.0
2023-06-10,256000.0,241000.0
2023-06-17,259000.0,249000.0
2023-06-24,236000.0,250750.0
2023-07-01,248000.0,249750.0
2023-07-08,230000.0,243250.0
2023-07-15,229000.0,235750.0
2023-07-22,231000.0,234500.0
2023-07-29,238000.0,232000.0
2023-08-05,258000.0,239000.0
2023-08-12,248000.0,243750.0
2023-08-19,240000.0,246000.0
2023-08-26,234000.0,245000.0
2023-09-02,225000.0,236750.0
2023-09-09,225000.0,231000.0
2023-09-16,211000.0,223750.0
2023-09-23,216000.0,219250.0
2023-09-30,216000.0,217000.0
2023-10-07,210000.0,213250.0
2023-10-14,200000.0,210500.0
2023-10-21,214000.0,210000.0
2023-10-28,217000.0,210250.0
2023-11-04,216000.0,211750.0
2023-11-11,230000.0,219250.0
2023-11-18,213000.0,219000.0
2023-11-25,213000.0,218000.0
2023-12-02,215000.0,217750.0
2023-12-09,203000.0,211000.0
2023-12-16,209000.0,210000.0
2023-12-23,212000.0,209750.0
2023-12-30,200000.0,206000.0
2024-01-06,201000.0,205500.0
2024-01-13,195000.0,202000.0
2024-01-20,224000.0,205000.0
2024-01-27,226000.0,211500.0
2024-02-03,213000.0,214500.0
2024-02-10,213000.0,219000.0
2024-02-17,202000.0,213500.0
2024-02-24,212000.0,210000.0
2024-03-02,213000.0,210000.0
2024-03-09,213000.0,210000.0
2024-03-16,213000.0,212750.0
2024-03-23,214000.0,213250.0
2024-03-30,223000.0,215750.0
2024-04-06,213000.0,215750.0
2024-04-13,212000.0,215500.0
2024-04-20,209000.0,214250.0
2024-04-27,207000.0,210250.0
2024-05-04,230000.0,214500.0
2024-05-11,222000.0,217000.0
2024-05-18,216000.0,218750.0
2024-05-25,220000.0,222000.0
2024-06-01,227000.0,221250.0
2024-06-08,240000.0,225750.0
2024-06-15,236000.0,230750.0
2024-06-22,233000.0,234000.0
2024-06-29,238000.0,236750.0
2024-07-06,223000.0,232500.0
2024-07-13,241000.0,233750.0
2024-07-20,237000.0,234750.0
2024-07-27,248000.0,237250.0
2024-08-03,234000.0,240000.0
2024-08-10,228000.0,236750.0
2024-08-17,232000.0,235500.0
2024-08-24,232000.0,231500.0
2024-08-31,227000.0,229750.0
2024-09-07,227000.0,229500.0
2024-09-14,223000.0,227250.0
2024-09-21,221000.0,224500.0
2024-09-28,227000.0,224500.0
2024-10-05,258000.0,232250.0
2024-10-12,241000.0,236750.0
2024-10-19,227000.0,238250.0
2024-10-26,219000.0,236250.0
2024-11-02,221000.0,227000.0
2024-11-09,218000.0,221250.0
2024-11-16,216000.0,218500.0
2024-11-23,219000.0,218500.0
2024-11-30,222000.0,218750.0
2024-12-07,238000.0,223750.0
2024-12-14,222000.0,225250.0
2024-12-21,219000.0,225250.0
2024-12-28,212000.0,222750.0
2025-01-04,206000.0,214750.0
2025-01-11,219000.0,214000.0
2025-01-18,223000.0,215000.0
2025-01-25,212000.0,215000.0
2025-02-01,220000.0,218500.0
2025-02-08,216000.0,217750.0
2025-02-15,223000.0,217750.0
2025-02-22,241000.0,225000.0
2025-03-01,224000.0,226000.0
2025-03-08,222000.0,227500.0
2025-03-15,225000.0,228000.0
2025-03-22,224000.0,223750.0
2025-03-29,220000.0,222750.0
2025-04-05,223000.0,223000.0
2025-04-12,217000.0,221000.0
2025-04-19,224000.0,221000.0
2025-04-26,239000.0,225750.0
2025-05-03,228000.0,227000.0
2025-05-10,226000.0,229250.0
2025-05-17,225000.0,229500.0
2025-05-24,236000.0,228750.0
2025-05-31,244000.0,232750.0
2025-06-07,246000.0,237750.0
2025-06-14,243000.0,242250.0
2025-06-21,236000.0,242250.0
2025-06-28,231000.0,239000.0
2025-07-05,228000.0,234500.0
2025-07-12,221000.0,229000.0
2025-07-19,218000.0,224500.0
2025-07-26,219000.0,221500.0
2025-08-02,226000.0,221000.0
2025-08-09,224000.0,221750.0
2025-08-16,233000.0,225500.0
2025-08-23,229000.0,228000.0
2025-08-30,236000.0,230500.0
2025-09-06,259000.0,239250.0
2025-09-13,233000.0,239250.0
2025-09-20,219000.0,236750.0
2025-09-27,225000.0,234000.0
2025-10-04,233000.0,227500.0
2025-10-11,222000.0,224750.0
2025-10-18,231000.0,227750.0
2025-10-25,221000.0,226750.0
2025-11-01,228000.0,225500.0
2025-11-08,228000.0,227000.0
2025-11-15,222000.0,224750.0
2025-11-22,218000.0,224000.0
2025-11-29,216000.0,221000.0
2025-12-06,235000.0,222750.0
2025-12-13,224000.0,223250.0
2025-12-20,215000.0,222500.0
2025-12-27,203000.0,219250.0
2026-01-03,207000.0,212250.0
2026-01-10,201000.0,206500.0
2026-01-17,210000.0,205250.0
2026-01-24,211000.0,207250.0
2026-01-31,230000.0,213000.0
2026-02-07,230000.0,220250.0
2026-02-14,208000.0,219750.0
2026-02-21,211000.0,219750.0
2026-02-28,214000.0,215750.0
2026-03-07,213000.0,211500.0
2026-03-14,205000.0,210750.0
2026-03-21,211000.0,210750.0
2026-03-28,203000.0,208000.0
2026-04-04,218000.0,209250.0
2026-04-11,208000.0,210000.0
2026-04-18,215000.0,211000.0
2026-04-25,190000.0,207750.0
2026-05-02,199000.0,203000.0
2026-05-09,212000.0,204000.0
2026-05-16,210000.0,202750.0
2026-05-23,212000.0,208250.0
2026-05-30,225000.0,214750.0
2026-06-06,230000.0,219250.0
2026-06-13,227000.0,223500.0
2026-06-20,216000.0,224500.0
2026-06-27,217000.0,222500.0
2026-07-04,217000.0,219250.0
2026-07-11,209000.0,214750.0
2026-07-18,189000.0,208000.0
2026-07-25,198000.0,203250.0
2026-08-01,200000.0,199000.0
2026-08-08,212000.0,199750.0
2026-08-15,207000.0,204250.0
2026-08-22,204000.0,205750.0
2026-08-29,206000.0,207250.0
