date,payems,uspriv,usgovt,unrate,u6rate,civpart,emratio,ahe,ahe_prod,hours,food_services,local_education,construction,manufacturing,information,leisure,healthcare,labor_force,employed,nilf,unemployed,pte_economic,jolts_openings,jolts_quits_rate,payems_chg,uspriv_chg,usgovt_chg,food_services_chg,local_education_chg,construction_chg,manufacturing_chg,information_chg,leisure_chg,healthcare_chg,labor_force_chg,employed_chg,nilf_chg,unemployed_chg,pte_economic_chg,ahe_mom,ahe_yoy,ahe_prod_mom,ahe_prod_yoy,payroll_3m_avg,two_sector_chg,rest_chg,two_sector_share_pct
2019-01-01,150060.0,127552.0,22508.0,4.0,8.0,63.1,60.6,27.59,23.13,34.5,12002.9,7986.4,7425.0,12790.0,2842.0,16488.0,16112.4,162963.0,156487.0,95277.0,6475.0,5190.0,7502.0,2.3,,,,,,,,,,,,,,,,,,,,,,,
2019-02-01,150067.0,127542.0,22525.0,3.8,7.2,63.1,60.7,27.69,23.19,34.4,11999.4,7991.0,7395.0,12782.0,2843.0,16494.0,16135.8,162999.0,156863.0,95393.0,6136.0,4345.0,7066.0,2.4,7.0,-10.0,17.0,-3.5,4.600000000000364,-30.0,-8.0,1.0,6.0,23.399999999999636,36.0,376.0,116.0,-339.0,-845.0,0.36245016310256783,,0.25940337224383825,,,1.1000000000003638,5.899999999999636,15.714285714290913
2019-03-01,150295.0,127726.0,22569.0,3.8,7.4,63.0,60.6,27.77,23.29,34.5,12000.4,8015.5,7425.0,12788.0,2849.0,16504.0,16175.8,162904.0,156701.0,95633.0,6202.0,4507.0,7317.0,2.3,228.0,184.0,44.0,1.0,24.5,30.0,6.0,6.0,10.0,40.0,-95.0,-162.0,240.0,66.0,162.0,0.2889129649692901,,0.4312203536006809,,,25.5,202.5,11.18421052631579
2019-04-01,150591.0,127972.0,22619.0,3.7,7.4,62.8,60.5,27.79,23.33,34.4,12026.1,8032.3,7468.0,12785.0,2846.0,16527.0,16200.7,162586.0,156625.0,96107.0,5961.0,4687.0,7272.0,2.3,296.0,246.0,50.0,25.700000000000728,16.800000000000182,43.0,-3.0,-3.0,23.0,24.900000000001455,-318.0,-76.0,474.0,-241.0,180.0,0.07202016564638036,,0.17174753112922936,,177.0,42.50000000000091,253.4999999999991,14.358108108108416
2019-05-01,150618.0,128056.0,22562.0,3.6,7.1,62.9,60.6,27.88,23.4,34.4,12003.3,8009.6,7478.0,12778.0,2858.0,16507.0,16222.7,162751.0,156821.0,96110.0,5930.0,4362.0,7275.0,2.3,27.0,84.0,-57.0,-22.80000000000109,-22.699999999999818,10.0,-7.0,12.0,-20.0,22.0,165.0,196.0,3.0,-31.0,-325.0,0.32385750269881,,0.30004286326619223,,183.66666666666666,-45.50000000000091,72.50000000000091,-168.5185185185219
2019-06-01,150838.0,128234.0,22604.0,3.6,7.2,63.0,60.7,27.97,23.48,34.4,11999.0,7983.0,7502.0,12787.0,2875.0,16512.0,16253.0,163168.0,157232.0,95870.0,5935.0,4397.0,7194.0,2.3,220.0,178.0,42.0,-4.299999999999272,-26.600000000000364,24.0,9.0,17.0,5.0,30.299999999999272,417.0,411.0,-240.0,5.0,35.0,0.3228120516499233,,0.34188034188034067,,181.0,-30.899999999999636,250.89999999999964,-14.04545454545438
2019-07-01,150937.0,128365.0,22572.0,3.7,6.9,63.1,60.8,28.03,23.53,34.4,12006.0,7964.0,7526.0,12790.0,2866.0,16522.0,16276.8,163590.0,157529.0,95635.0,6061.0,3952.0,7042.0,2.4,99.0,131.0,-32.0,7.0,-19.0,24.0,3.0,-9.0,10.0,23.799999999999272,422.0,297.0,-235.0,126.0,-445.0,0.2145155523775477,,0.2129471890971013,,115.33333333333333,-12.0,111.0,-12.121212121212121
2019-08-01,151169.0,128544.0,22625.0,3.6,7.2,63.1,60.8,28.14,23.61,34.4,12074.7,7980.6,7530.0,12789.0,2865.0,16602.0,16311.9,163774.0,157829.0,95658.0,5945.0,4393.0,7178.0,2.3,232.0,179.0,53.0,68.70000000000073,16.600000000000364,4.0,-1.0,-1.0,80.0,35.100000000000364,184.0,300.0,23.0,-116.0,441.0,0.39243667499107016,,0.3399915002124887,,183.66666666666666,85.30000000000109,146.6999999999989,36.76724137931082
2019-09-01,151365.0,128712.0,22653.0,3.5,6.9,63.2,61.0,28.16,23.68,34.4,12138.9,7997.9,7547.0,12787.0,2871.0,16673.0,16344.2,164092.0,158339.0,95546.0,5753.0,4320.0,7124.0,2.3,196.0,168.0,28.0,64.19999999999891,17.299999999999272,17.0,-2.0,6.0,71.0,32.30000000000109,318.0,510.0,-112.0,-192.0,-73.0,0.0710732054015617,,0.2964845404489713,,175.66666666666666,81.49999999999818,114.50000000000182,41.581632653060296
2019-10-01,151460.0,128790.0,22670.0,3.6,6.9,63.3,61.0,28.24,23.75,34.4,12182.1,8011.3,7553.0,12733.0,2874.0,16722.0,16365.4,164416.0,158545.0,95429.0,5871.0,4358.0,7289.0,2.3,95.0,78.0,17.0,43.20000000000073,13.400000000000546,6.0,-54.0,3.0,49.0,21.19999999999891,324.0,206.0,-117.0,118.0,38.0,0.28409090909089496,,0.2956081081081141,,174.33333333333334,56.60000000000127,38.39999999999873,59.5789473684224
2019-11-01,151667.0,128958.0,22709.0,3.6,6.8,63.3,61.0,28.34,23.83,34.3,12206.8,8028.9,7541.0,12777.0,2885.0,16761.0,16404.5,164496.0,158629.0,95524.0,5868.0,4233.0,6888.0,2.3,207.0,168.0,39.0,24.69999999999891,17.599999999999454,-12.0,44.0,11.0,39.0,39.100000000000364,80.0,84.0,95.0,-3.0,-125.0,0.3541076487252104,,0.3368421052631465,,166.0,42.29999999999836,164.70000000000164,20.434782608694864
2019-12-01,151794.0,129068.0,22726.0,3.6,6.8,63.3,61.1,28.38,23.85,34.3,12217.9,8033.4,7527.0,12760.0,2891.0,16805.0,16421.6,164699.0,158845.0,95483.0,5853.0,4134.0,6699.0,2.3,127.0,110.0,17.0,11.100000000000364,4.5,-14.0,-17.0,6.0,44.0,17.099999999998545,203.0,216.0,-41.0,-15.0,-99.0,0.14114326040930436,,0.08392782207302663,,143.0,15.600000000000364,111.39999999999964,12.283464566929421
2020-01-01,152031.0,129250.0,22781.0,3.6,7.0,63.3,61.1,28.43,23.91,34.3,12218.5,8039.6,7575.0,12745.0,2901.0,16823.0,16451.9,164377.0,158508.0,95124.0,5869.0,4275.0,7124.0,2.3,237.0,182.0,55.0,0.6000000000003638,6.200000000000728,48.0,-15.0,10.0,18.0,30.30000000000291,-322.0,-337.0,-359.0,16.0,141.0,0.17618040873854657,3.0445813700616053,0.2515723270440251,3.3722438391699194,190.33333333333334,6.800000000001091,230.1999999999989,2.8691983122367475
2020-02-01,152293.0,129436.0,22857.0,3.5,7.0,63.3,61.1,28.54,24.03,34.3,12285.0,8055.6,7610.0,12743.0,2910.0,16889.0,16475.0,164467.0,158714.0,95161.0,5753.0,4378.0,6966.0,2.3,262.0,186.0,76.0,66.5,16.0,35.0,-2.0,9.0,66.0,23.099999999998545,90.0,206.0,37.0,-116.0,103.0,0.38691523039042774,3.069700252798846,0.5018820577164407,3.6222509702457995,208.66666666666666,82.5,179.5,31.48854961832061
2020-03-01,150895.0,128068.0,22827.0,4.4,8.8,62.6,59.8,28.73,24.12,34.1,11695.0,8049.7,7541.0,12684.0,2902.0,16158.0,16395.7,162559.0,155353.0,97200.0,7206.0,5763.0,5894.0,1.9,-1398.0,-1368.0,-30.0,-590.0,-5.900000000000546,-69.0,-59.0,-8.0,-731.0,-79.29999999999927,-1908.0,-3361.0,2039.0,1453.0,1385.0,0.6657323055361042,3.4569679510262796,0.3745318352059934,3.5637612709317423,-299.6666666666667,-595.9000000000005,-802.0999999999995,42.625178826895606
2020-04-01,130426.0,108517.0,21909.0,14.8,22.9,60.1,51.2,30.04,25.14,34.2,6317.3,7627.0,6522.0,11382.0,2643.0,8719.0,14879.6,156269.0,133185.0,103627.0,23084.0,10880.0,4606.0,1.5,-20469.0,-19551.0,-918.0,-5377.7,-422.6999999999998,-1019.0,-1302.0,-259.0,-7439.0,-1516.1000000000004,-6290.0,-22168.0,6427.0,15878.0,5117.0,4.559693699965184,8.096437567470316,4.228855721393043,7.758251178739828,-7201.666666666667,-5800.4,-14668.6,28.337485954370024
2020-05-01,133040.0,111647.0,21393.0,13.2,21.1,60.8,52.7,29.72,24.98,34.7,7701.7,7328.0,7004.0,11610.0,2609.0,9947.0,15205.9,158101.0,137173.0,101945.0,20929.0,10627.0,5612.0,1.7,2614.0,3130.0,-516.0,1384.3999999999996,-299.0,482.0,228.0,-34.0,1228.0,326.2999999999993,1832.0,3988.0,-1682.0,-2155.0,-253.0,-1.0652463382157085,6.599713055954082,-0.6364359586316648,6.75213675213675,-6417.666666666667,1085.3999999999996,1528.6000000000004,41.52257077276204
2020-06-01,137671.0,116259.0,21412.0,11.0,18.0,61.5,54.7,29.38,24.78,34.6,9117.9,7342.0,7159.0,11950.0,2622.0,11777.0,15577.8,159994.0,142342.0,100210.0,17652.0,9109.0,6129.0,1.9,4631.0,4612.0,19.0,1416.1999999999998,14.0,155.0,340.0,13.0,1830.0,371.89999999999964,1893.0,5169.0,-1735.0,-3277.0,-1518.0,-1.144010767160164,5.04111548087236,-0.8006405124099225,5.536626916524701,-4408.0,1430.1999999999998,3200.8,30.88317857914057
2020-07-01,139255.0,117741.0,21514.0,10.2,16.5,61.5,55.2,29.39,24.69,34.6,9636.6,7385.3,7196.0,11973.0,2622.0,12415.0,15703.3,160132.0,143779.0,100241.0,16352.0,8418.0,6530.0,2.2,1584.0,1482.0,102.0,518.7000000000007,43.30000000000018,37.0,23.0,0.0,638.0,125.5,138.0,1437.0,31.0,-1300.0,-691.0,0.034036759700484254,4.851944345344261,-0.3631961259079941,4.929876753081164,2943.0,562.0000000000009,1021.9999999999991,35.479797979798036
2020-08-01,140821.0,118821.0,22000.0,8.4,14.2,61.7,56.5,29.49,24.8,34.7,9757.2,7527.1,7226.0,11999.0,2640.0,12573.0,15785.8,160706.0,147245.0,99852.0,13461.0,7553.0,6429.0,2.1,1566.0,1080.0,486.0,120.60000000000036,141.80000000000018,30.0,26.0,18.0,158.0,82.5,574.0,3466.0,-389.0,-2891.0,-865.0,0.3402517863218657,4.797441364605537,0.44552450384771625,5.040237187632357,2593.6666666666665,262.40000000000055,1303.5999999999995,16.75606641123886
2020-09-01,141770.0,119841.0,21929.0,7.8,12.8,61.4,56.6,29.51,24.82,34.8,10007.8,7419.3,7253.0,12057.0,2695.0,13065.0,15849.3,160174.0,147620.0,100569.0,12554.0,6283.0,6511.0,2.2,949.0,1020.0,-71.0,250.59999999999854,-107.80000000000018,27.0,58.0,55.0,492.0,63.5,-532.0,375.0,717.0,-907.0,-1270.0,0.06781959986437158,4.794034090909105,0.08064516129031585,4.814189189189189,1366.3333333333333,142.79999999999836,806.2000000000016,15.047418335089397
2020-10-01,142460.0,120655.0,21805.0,6.9,12.1,61.7,57.5,29.54,24.84,34.8,10196.1,7396.3,7301.0,12086.0,2684.0,13303.0,15909.5,161003.0,149931.0,99922.0,11072.0,6657.0,6798.0,2.3,690.0,814.0,-124.0,188.3000000000011,-23.0,48.0,29.0,-11.0,238.0,60.20000000000073,829.0,2311.0,-647.0,-1482.0,374.0,0.10166045408335211,4.603399433427757,0.08058017727639033,4.589473684210521,1068.3333333333333,165.3000000000011,524.6999999999989,23.956521739130594
2020-11-01,142733.0,121050.0,21683.0,6.7,11.9,61.5,57.4,29.64,24.94,34.8,10108.6,7379.9,7321.0,12118.0,2696.0,13260.0,15941.6,160629.0,149934.0,100456.0,10694.0,6635.0,6820.0,2.2,273.0,395.0,-122.0,-87.5,-16.400000000000546,20.0,32.0,12.0,-43.0,32.100000000000364,-374.0,3.0,534.0,-378.0,-22.0,0.3385240352065111,4.587155963302747,0.40257648953301306,4.657994125052478,637.3333333333334,-103.90000000000055,376.90000000000055,-38.05860805860826
2020-12-01,142548.0,120870.0,21678.0,6.7,11.7,61.5,57.4,29.91,25.16,34.8,9741.3,7377.4,7357.0,12153.0,2712.0,12798.0,15996.5,160745.0,149975.0,100485.0,10770.0,6142.0,6773.0,2.4,-185.0,-180.0,-5.0,-367.3000000000011,-2.5,36.0,35.0,16.0,-462.0,54.899999999999636,116.0,41.0,29.0,76.0,-493.0,0.9109311740890691,5.391120507399583,0.8821170809943712,5.492662473794541,259.3333333333333,-369.8000000000011,184.8000000000011,199.8918918918925
2021-01-01,142863.0,121122.0,21741.0,6.4,11.2,61.4,57.4,29.93,25.16,35.0,9755.0,7419.7,7362.0,12142.0,2747.0,12801.0,15931.2,160081.0,149821.0,100770.0,10260.0,5948.0,7162.0,2.3,315.0,252.0,63.0,13.700000000000728,42.30000000000018,5.0,-11.0,35.0,3.0,-65.29999999999927,-664.0,-154.0,285.0,-510.0,-194.0,0.06686726847207058,5.276116778051354,0.0,5.227938101212892,134.33333333333334,56.00000000000091,258.9999999999991,17.777777777778066
2021-02-01,143380.0,121626.0,21754.0,6.2,11.1,61.4,57.6,30.05,25.25,34.6,10048.5,7422.4,7278.0,12172.0,2764.0,13142.0,15949.1,160248.0,150234.0,100671.0,10013.0,6066.0,7827.0,2.4,517.0,504.0,13.0,293.5,2.699999999999818,-84.0,30.0,17.0,341.0,17.899999999999636,167.0,413.0,-99.0,-247.0,118.0,0.4009355162044814,5.290819901892085,0.3577106518283024,5.076987099459007,215.66666666666666,296.1999999999998,220.80000000000018,57.29206963249512
2021-03-01,144232.0,122388.0,21844.0,6.1,10.8,61.5,57.7,30.03,25.33,34.9,10132.4,7458.1,7399.0,12229.0,2770.0,13298.0,16003.2,160439.0,150666.0,100564.0,9772.0,5784.0,8499.0,2.5,852.0,762.0,90.0,83.89999999999964,35.70000000000073,121.0,57.0,6.0,156.0,54.100000000000364,191.0,432.0,-107.0,-241.0,-282.0,-0.06655574043260559,4.52488687782806,0.3168316831683171,5.016583747927017,561.3333333333334,119.60000000000036,732.3999999999996,14.037558685446053
2021-04-01,144587.0,122694.0,21893.0,6.1,10.3,61.6,57.8,30.22,25.52,34.9,10288.2,7487.8,7400.0,12193.0,2796.0,13568.0,16009.8,160799.0,151045.0,100304.0,9754.0,5222.0,9346.0,2.7,355.0,306.0,49.0,155.8000000000011,29.699999999999818,1.0,-36.0,26.0,270.0,6.599999999998545,360.0,379.0,-260.0,-18.0,-562.0,0.6327006327006224,0.5992010652463353,0.7500986971969992,1.511535401750197,574.6666666666666,185.5000000000009,169.4999999999991,52.253521126760816
2021-05-01,145065.0,123136.0,21929.0,5.8,10.1,61.6,58.0,30.41,25.68,34.9,10453.1,7526.0,7391.0,12216.0,2816.0,13802.0,16017.8,160806.0,151546.0,100404.0,9260.0,5245.0,9954.0,2.6,478.0,442.0,36.0,164.89999999999964,38.19999999999982,-9.0,23.0,20.0,234.0,8.0,7.0,501.0,100.0,-494.0,23.0,0.6287227001985585,2.3216689098250365,0.6269592476489061,2.8022417934347343,561.6666666666666,203.09999999999945,274.90000000000055,42.48953974895386
2021-06-01,145820.0,123789.0,22031.0,5.9,9.8,61.7,58.1,30.54,25.82,34.8,10663.5,7634.5,7393.0,12247.0,2824.0,14085.0,16003.2,161202.0,151721.0,100136.0,9481.0,4651.0,10319.0,2.8,755.0,653.0,102.0,210.39999999999964,108.5,2.0,31.0,8.0,283.0,-14.599999999998545,396.0,175.0,-268.0,221.0,-594.0,0.42749095692207195,3.9482641252552853,0.5451713395638658,4.196933010492332,529.3333333333334,318.89999999999964,436.10000000000036,42.23841059602644
2021-07-01,146762.0,124723.0,22039.0,5.4,9.2,61.8,58.4,30.66,25.97,34.8,10957.4,7661.4,7425.0,12305.0,2881.0,14495.0,16007.9,161543.0,152812.0,99927.0,8731.0,4455.0,10983.0,2.8,942.0,934.0,8.0,293.89999999999964,26.899999999999636,32.0,58.0,57.0,410.0,4.699999999998909,341.0,1091.0,-209.0,-750.0,-196.0,0.39292730844793233,4.321197686287848,0.5809450038729569,5.184285135682454,725.0,320.7999999999993,621.2000000000007,34.05520169851372
2021-08-01,147314.0,125178.0,22136.0,5.1,8.8,61.7,58.6,30.78,26.12,34.8,10997.5,7763.0,7432.0,12353.0,2903.0,14621.0,15997.9,161527.0,153258.0,100084.0,8269.0,4456.0,10872.0,2.8,552.0,455.0,97.0,40.100000000000364,101.60000000000036,7.0,48.0,22.0,126.0,-10.0,-16.0,446.0,157.0,-462.0,1.0,0.391389432485334,4.374364191251279,0.5775895263765873,5.32258064516129,749.6666666666666,141.70000000000073,410.2999999999993,25.670289855072596
2021-09-01,147771.0,125669.0,22102.0,4.7,8.4,61.7,58.8,30.98,26.3,34.8,11056.0,7717.0,7484.0,12393.0,2917.0,14746.0,15975.9,161454.0,153844.0,100311.0,7610.0,4476.0,10834.0,2.9,457.0,491.0,-34.0,58.5,-46.0,52.0,40.0,14.0,125.0,-22.0,-73.0,586.0,227.0,-659.0,20.0,0.6497725795971299,4.98136225008472,0.6891271056661541,5.962933118452862,650.3333333333334,12.5,444.5,2.735229759299781
2021-10-01,148572.0,126545.0,22027.0,4.5,8.2,61.8,59.0,31.14,26.45,34.7,11200.9,7665.4,7518.0,12453.0,2938.0,14949.0,15999.3,161736.0,154468.0,100172.0,7267.0,4414.0,11238.0,2.8,801.0,876.0,-75.0,144.89999999999964,-51.600000000000364,34.0,60.0,21.0,203.0,23.399999999999636,282.0,624.0,-139.0,-343.0,-62.0,0.5164622336991664,5.416384563304,0.5703422053231932,6.481481481481488,603.3333333333334,93.29999999999927,707.7000000000007,11.647940074906277
2021-11-01,149230.0,127184.0,22046.0,4.1,7.7,61.9,59.3,31.23,26.56,34.8,11272.1,7686.8,7562.0,12498.0,2957.0,15071.0,16018.5,162243.0,155513.0,99786.0,6729.0,4301.0,11199.0,3.0,658.0,639.0,19.0,71.20000000000073,21.400000000000546,44.0,45.0,19.0,122.0,19.200000000000728,507.0,1045.0,-386.0,-538.0,-113.0,0.28901734104045396,5.3643724696356365,0.41587901701323204,6.495589414595027,638.6666666666666,92.60000000000127,565.3999999999987,14.072948328267671
2021-12-01,149816.0,127754.0,22062.0,3.9,7.3,62.0,59.5,31.39,26.76,34.9,11379.1,7706.0,7595.0,12537.0,2967.0,15246.0,16032.8,162466.0,156053.0,99670.0,6413.0,3949.0,11520.0,2.9,586.0,570.0,16.0,107.0,19.199999999999818,33.0,39.0,10.0,175.0,14.299999999999272,223.0,540.0,-116.0,-316.0,-352.0,0.5123278898494954,4.948177866934134,0.7530120481927804,6.359300476947549,681.6666666666666,126.19999999999982,459.8000000000002,21.535836177474373
2022-01-01,150006.0,127957.0,22049.0,4.0,7.1,62.2,59.7,31.6,26.91,34.5,11445.1,7725.9,7595.0,12564.0,2984.0,15329.0,16032.6,163614.0,157081.0,99589.0,6533.0,3720.0,11210.0,2.9,190.0,203.0,-13.0,66.0,19.899999999999636,0.0,27.0,17.0,83.0,-0.1999999999989086,1148.0,1028.0,-81.0,120.0,-229.0,0.669002867155144,5.579685933845635,0.5605381165919132,6.955484896661357,478.0,85.89999999999964,104.10000000000036,45.21052631578929
2022-02-01,150825.0,128793.0,22032.0,3.9,7.2,62.3,59.9,31.64,26.97,34.7,11527.2,7730.2,7651.0,12601.0,2990.0,15462.0,16089.3,163978.0,157654.0,99346.0,6323.0,4105.0,11698.0,2.8,819.0,836.0,-17.0,82.10000000000036,4.300000000000182,56.0,37.0,6.0,133.0,56.69999999999891,364.0,573.0,-243.0,-210.0,385.0,0.12658227848101333,5.291181364392683,0.22296544035673715,6.811881188118818,531.6666666666666,86.40000000000055,732.5999999999995,10.549450549450617
2022-03-01,151315.0,129282.0,22033.0,3.7,7.0,62.4,60.1,31.8,27.1,34.7,11543.1,7745.4,7692.0,12674.0,3018.0,15523.0,16120.6,164271.0,158238.0,99174.0,6033.0,4137.0,12301.0,2.9,490.0,489.0,1.0,15.899999999999636,15.199999999999818,41.0,73.0,28.0,61.0,31.30000000000109,293.0,584.0,-172.0,-290.0,32.0,0.5056890012642201,5.894105894105883,0.4820170559881376,6.987761547572058,499.6666666666667,31.099999999999454,458.90000000000055,6.346938775510093
2022-04-01,151623.0,129554.0,22069.0,3.7,7.0,62.2,59.9,31.96,27.28,34.6,11580.9,7756.5,7698.0,12726.0,3034.0,15626.0,16167.8,163847.0,157852.0,99712.0,5995.0,4013.0,11861.0,3.0,308.0,272.0,36.0,37.79999999999927,11.100000000000364,6.0,52.0,16.0,103.0,47.19999999999891,-424.0,-386.0,538.0,-38.0,-124.0,0.5031446540880502,5.757776307081408,0.6642066420664117,6.896551724137945,539.0,48.899999999999636,259.10000000000036,15.87662337662326
2022-05-01,151924.0,129799.0,22125.0,3.6,7.1,62.3,60.1,32.1,27.4,34.6,11621.5,7767.2,7738.0,12735.0,3057.0,15704.0,16206.7,164372.0,158393.0,99306.0,5979.0,4314.0,11535.0,2.8,301.0,245.0,56.0,40.600000000000364,10.699999999999818,40.0,9.0,23.0,78.0,38.900000000001455,525.0,541.0,-406.0,-16.0,301.0,0.43804755944931717,5.557382439986847,0.4398826979472137,6.697819314641751,366.3333333333333,51.30000000000018,249.69999999999982,17.043189368770825
2022-06-01,152358.0,130216.0,22142.0,3.6,6.7,62.2,59.9,32.19,27.52,34.6,11705.5,7778.4,7761.0,12767.0,3076.0,15794.0,16258.0,164059.0,158085.0,99775.0,5975.0,3652.0,11283.0,2.7,434.0,417.0,17.0,84.0,11.199999999999818,23.0,32.0,19.0,90.0,51.29999999999927,-313.0,-308.0,469.0,-4.0,-662.0,0.2803738317756821,5.402750491159125,0.43795620437956373,6.584043377226956,347.6666666666667,95.19999999999982,338.8000000000002,21.9354838709677
2022-07-01,153072.0,130766.0,22306.0,3.5,6.8,62.1,60.0,32.34,27.66,34.6,11810.5,7892.4,7792.0,12800.0,3094.0,15931.0,16327.1,164076.0,158307.0,99935.0,5770.0,3934.0,11576.0,2.6,714.0,550.0,164.0,105.0,114.0,31.0,33.0,18.0,137.0,69.10000000000036,17.0,222.0,160.0,-205.0,282.0,0.4659832246039386,5.47945205479452,0.5087209302325535,6.507508663842909,483.0,219.0,495.0,30.672268907563026
2022-08-01,153362.0,131056.0,22306.0,3.6,6.9,62.3,60.1,32.44,27.75,34.5,11860.1,7862.1,7801.0,12832.0,3097.0,15990.0,16375.5,164653.0,158744.0,99531.0,5909.0,4131.0,10092.0,2.8,290.0,290.0,0.0,49.600000000000364,-30.299999999999272,9.0,32.0,3.0,59.0,48.399999999999636,577.0,437.0,-404.0,139.0,197.0,0.3092145949288527,5.393112410656253,0.32537960954446277,6.240428790199082,479.3333333333333,19.30000000000109,270.6999999999989,6.65517241379348
2022-09-01,153582.0,131285.0,22297.0,3.5,6.7,62.2,60.1,32.57,27.87,34.6,11895.7,7845.7,7832.0,12849.0,3095.0,16052.0,16435.7,164561.0,158814.0,99795.0,5747.0,3869.0,10800.0,2.7,220.0,229.0,-9.0,35.600000000000364,-16.400000000000546,31.0,17.0,-2.0,62.0,60.20000000000073,-92.0,70.0,264.0,-162.0,-262.0,0.4007398273736307,5.132343447385401,0.432432432432428,5.969581749049424,408.0,19.199999999999818,200.80000000000018,8.727272727272645
2022-10-01,153939.0,131646.0,22293.0,3.6,6.7,62.2,60.0,32.7,27.99,34.6,11950.3,7829.6,7847.0,12883.0,3100.0,16142.0,16498.7,164620.0,158671.0,99915.0,5949.0,3676.0,10447.0,2.6,357.0,361.0,-4.0,54.599999999998545,-16.099999999999454,15.0,34.0,5.0,90.0,63.0,59.0,-143.0,120.0,202.0,-193.0,0.3991403131716309,5.009633911368017,0.43057050592032464,5.822306238185249,289.0,38.49999999999909,318.5000000000009,10.784313725489941
2022-11-01,154242.0,131863.0,22379.0,3.6,6.7,62.1,59.9,32.82,28.11,34.5,11979.1,7869.9,7863.0,12896.0,3115.0,16183.0,16547.0,164402.0,158484.0,100306.0,5918.0,3718.0,10632.0,2.6,303.0,217.0,86.0,28.80000000000109,40.29999999999927,16.0,13.0,15.0,41.0,48.29999999999927,-218.0,-187.0,391.0,-31.0,42.0,0.3669724770642091,5.091258405379451,0.4287245444801746,5.835843373493987,293.3333333333333,69.10000000000036,233.89999999999964,22.805280528052926
2022-12-01,154342.0,131977.0,22365.0,3.5,6.6,62.3,60.1,32.94,28.22,34.4,11986.6,7875.4,7885.0,12895.0,3092.0,16245.0,16603.7,164983.0,159202.0,99861.0,5781.0,3891.0,10902.0,2.7,100.0,114.0,-14.0,7.5,5.5,22.0,-1.0,-23.0,62.0,56.70000000000073,581.0,718.0,-445.0,-137.0,173.0,0.3656307129798808,4.937878305192722,0.3913198150124586,5.455904334828099,253.33333333333334,13.0,87.0,13.0
2023-01-01,154776.0,132292.0,22484.0,3.5,6.7,62.4,60.2,33.02,28.31,34.6,12062.6,7906.9,7932.0,12903.0,3061.0,16352.0,16657.8,165943.0,160173.0,100019.0,5770.0,4042.0,10318.0,2.5,434.0,315.0,119.0,76.0,31.5,47.0,8.0,-31.0,107.0,54.099999999998545,960.0,971.0,158.0,-11.0,151.0,0.24286581663632845,4.493670886075951,0.3189227498228142,5.2025269416573705,279.0,107.5,326.5,24.76958525345622
2023-02-01,155066.0,132528.0,22538.0,3.6,6.8,62.5,60.3,33.15,28.42,34.5,12096.6,7927.9,7943.0,12898.0,3048.0,16431.0,16699.6,166443.0,160457.0,99669.0,5987.0,4042.0,9857.0,2.5,290.0,236.0,54.0,34.0,21.0,11.0,-5.0,-13.0,79.0,41.79999999999927,500.0,284.0,-350.0,217.0,0.0,0.3937007874015519,4.772439949431084,0.3885552808195136,5.376344086021523,274.6666666666667,55.0,235.0,18.96551724137931
2023-03-01,155134.0,132554.0,22580.0,3.5,6.7,62.6,60.4,33.27,28.56,34.4,12107.5,7934.6,7926.0,12888.0,3049.0,16450.0,16743.5,166707.0,160848.0,99565.0,5859.0,4076.0,9655.0,2.4,68.0,26.0,42.0,10.899999999999636,6.700000000000728,-17.0,-10.0,1.0,19.0,43.900000000001455,264.0,391.0,-104.0,-128.0,34.0,0.36199095022626526,4.622641509433967,0.49261083743841194,5.387453874538739,264.0,17.600000000000364,50.399999999999636,25.882352941177007
2023-04-01,155375.0,132733.0,22642.0,3.4,6.6,62.6,60.4,33.43,28.7,34.4,12116.1,7939.8,7955.0,12884.0,3043.0,16487.0,16787.1,166674.0,160927.0,99769.0,5747.0,3882.0,9966.0,2.3,241.0,179.0,62.0,8.600000000000364,5.199999999999818,29.0,-4.0,-6.0,37.0,43.599999999998545,-33.0,79.0,204.0,-112.0,-194.0,0.480913736098576,4.599499374217775,0.4901960784313708,5.205278592375362,199.66666666666666,13.800000000000182,227.19999999999982,5.72614107883825
2023-05-01,155655.0,132933.0,22722.0,3.6,6.7,62.6,60.3,33.5,28.78,34.4,12140.8,7958.2,7965.0,12869.0,3034.0,16533.0,16836.7,166896.0,160812.0,99722.0,6084.0,3734.0,9368.0,2.6,280.0,200.0,80.0,24.69999999999891,18.399999999999636,10.0,-15.0,-9.0,46.0,49.60000000000218,222.0,-115.0,-47.0,337.0,-148.0,0.2093927609931212,4.361370716510904,0.2787456445993097,5.036496350364983,196.33333333333334,43.099999999998545,236.90000000000146,15.392857142856622
2023-06-01,155880.0,133088.0,22792.0,3.6,6.9,62.6,60.3,33.69,28.89,34.4,12166.5,7969.8,8006.0,12875.0,3021.0,16594.0,16897.1,166958.0,160973.0,99843.0,5985.0,4218.0,9180.0,2.4,225.0,155.0,70.0,25.700000000000728,11.600000000000364,41.0,6.0,-13.0,61.0,60.39999999999782,62.0,161.0,121.0,-99.0,484.0,0.5671641791044735,4.659832246039142,0.38220986796386747,4.978197674418605,248.66666666666666,37.30000000000109,187.6999999999989,16.577777777778262
2023-07-01,156043.0,133206.0,22837.0,3.5,6.7,62.6,60.4,33.85,29.01,34.3,12195.1,7994.3,8016.0,12862.0,3001.0,16616.0,16968.8,167169.0,161246.0,99833.0,5923.0,4009.0,8657.0,2.3,163.0,118.0,45.0,28.600000000000364,24.5,10.0,-13.0,-20.0,22.0,71.70000000000073,211.0,273.0,-10.0,-62.0,-209.0,0.474918373404587,4.669140383426096,0.41536863966771254,4.88069414316703,222.66666666666666,53.100000000000364,109.89999999999964,32.57668711656464
2023-08-01,156261.0,133354.0,22907.0,3.7,7.1,62.8,60.4,33.89,29.06,34.4,12221.4,8021.3,8042.0,12861.0,2981.0,16651.0,17037.5,167760.0,161485.0,99453.0,6275.0,4215.0,9254.0,2.3,218.0,148.0,70.0,26.299999999999272,27.0,26.0,-1.0,-20.0,35.0,68.70000000000073,591.0,239.0,-380.0,352.0,206.0,0.11816838995568624,4.469790382244154,0.17235436056530773,4.720720720720717,202.0,53.29999999999927,164.70000000000073,24.449541284403338
2023-09-01,156417.0,133469.0,22948.0,3.7,7.0,62.7,60.4,34.01,29.18,34.4,12221.7,8030.4,8053.0,12872.0,2975.0,16643.0,17098.6,167725.0,161451.0,99702.0,6274.0,4088.0,9259.0,2.3,156.0,115.0,41.0,0.3000000000010914,9.099999999999454,11.0,11.0,-6.0,-8.0,61.099999999998545,-35.0,-34.0,249.0,-1.0,-127.0,0.35408675125405686,4.421246545901125,0.4129387474191448,4.700394689630416,179.0,9.400000000000546,146.59999999999945,6.0256410256413755
2023-10-01,156576.0,133583.0,22993.0,3.9,7.2,62.6,60.2,34.08,29.26,34.3,12223.7,8038.0,8080.0,12837.0,2951.0,16689.0,17151.2,167661.0,161198.0,99982.0,6463.0,4293.0,8580.0,2.3,159.0,114.0,45.0,2.0,7.600000000000364,27.0,-35.0,-24.0,46.0,52.60000000000218,-64.0,-253.0,280.0,189.0,205.0,0.20582181711261693,4.220183486238516,0.274160383824551,4.537334762415157,177.66666666666666,9.600000000000364,149.39999999999964,6.0377358490568325
2023-11-01,156703.0,133667.0,23036.0,3.7,7.0,62.8,60.4,34.17,29.37,34.4,12227.4,8059.8,8088.0,12859.0,2962.0,16694.0,17227.2,168090.0,161863.0,99732.0,6226.0,4008.0,8602.0,2.3,127.0,84.0,43.0,3.6999999999989086,21.800000000000182,8.0,22.0,11.0,5.0,76.0,429.0,665.0,-250.0,-237.0,-285.0,0.2640845070422726,4.113345521023781,0.3759398496240518,4.482390608324449,147.33333333333334,25.49999999999909,101.50000000000091,20.0787401574796
2023-12-01,156857.0,133766.0,23091.0,3.8,7.2,62.5,60.1,34.29,29.47,34.4,12209.9,8079.0,8100.0,12872.0,2963.0,16704.0,17275.6,167388.0,161058.0,100603.0,6329.0,4223.0,8520.0,2.2,154.0,99.0,55.0,-17.5,19.199999999999818,12.0,13.0,1.0,10.0,48.39999999999782,-702.0,-805.0,871.0,103.0,215.0,0.3511852502194879,4.098360655737721,0.340483486550891,4.4294826364280615,146.66666666666666,1.699999999999818,152.30000000000018,1.1038961038959858
2024-01-01,157032.0,133892.0,23140.0,3.7,7.2,62.5,60.2,34.47,29.61,34.2,12196.6,8082.1,8123.0,12875.0,2963.0,16716.0,17332.9,167308.0,161133.0,100232.0,6175.0,4418.0,8378.0,2.1,175.0,126.0,49.0,-13.299999999999272,3.100000000000364,23.0,3.0,0.0,12.0,57.30000000000291,-80.0,75.0,-371.0,-154.0,195.0,0.5249343832020914,4.391278013325239,0.47505938242280443,4.592016955139533,152.0,-10.199999999998909,185.1999999999989,-5.828571428570805
2024-02-01,157238.0,134027.0,23211.0,3.9,7.3,62.6,60.2,34.52,29.66,34.4,12219.5,8098.6,8132.0,12852.0,2958.0,16744.0,17397.8,167569.0,161083.0,100142.0,6486.0,4349.0,8440.0,2.2,206.0,135.0,71.0,22.899999999999636,16.5,9.0,-23.0,-5.0,28.0,64.89999999999782,261.0,-50.0,-90.0,311.0,-69.0,0.14505366985786416,4.132730015082964,0.16886187098952288,4.363124560168896,178.33333333333334,39.399999999999636,166.60000000000036,19.126213592232833
2024-03-01,157466.0,134170.0,23296.0,3.9,7.3,62.7,60.3,34.65,29.78,34.4,12239.0,8130.2,8164.0,12836.0,2951.0,16780.0,17471.3,167983.0,161462.0,99902.0,6521.0,4293.0,8206.0,2.1,228.0,143.0,85.0,19.5,31.599999999999454,32.0,-16.0,-7.0,36.0,73.5,414.0,379.0,-240.0,35.0,-56.0,0.3765932792583859,4.147880973850304,0.4045853000674393,4.271708683473396,203.0,51.099999999999454,176.90000000000055,22.41228070175415
2024-04-01,157530.0,134233.0,23297.0,3.9,7.4,62.6,60.2,34.76,29.85,34.2,12220.7,8123.0,8170.0,12833.0,2940.0,16762.0,17532.2,167923.0,161438.0,100142.0,6486.0,4457.0,7529.0,2.2,64.0,63.0,1.0,-18.299999999999272,-7.199999999999818,6.0,-3.0,-11.0,-18.0,60.900000000001455,-60.0,-24.0,240.0,-35.0,164.0,0.31746031746031633,3.9784624588692807,0.2350570852921452,4.006968641114983,166.0,-25.49999999999909,89.49999999999909,-39.84374999999858
2024-05-01,157608.0,134278.0,23330.0,3.9,7.4,62.6,60.1,34.89,29.97,34.3,12190.7,8126.7,8176.0,12825.0,2930.0,16731.0,17579.1,167807.0,161180.0,100441.0,6627.0,4416.0,7782.0,2.1,78.0,45.0,33.0,-30.0,3.699999999999818,6.0,-8.0,-10.0,-31.0,46.89999999999782,-116.0,-258.0,299.0,141.0,-41.0,0.3739930955120929,4.149253731343294,0.4020100502512447,4.134815844336326,123.33333333333333,-26.300000000000182,104.30000000000018,-33.71794871794896
2024-06-01,157695.0,134356.0,23339.0,4.1,7.4,62.6,60.0,35.01,30.07,34.3,12202.9,8106.2,8196.0,12814.0,2930.0,16744.0,17624.5,168034.0,161152.0,100405.0,6881.0,4236.0,7416.0,2.1,87.0,78.0,9.0,12.199999999998909,-20.5,20.0,-11.0,0.0,13.0,45.400000000001455,227.0,-28.0,-36.0,254.0,-180.0,0.34393809114359186,3.918076580587715,0.3336670003336817,4.084458290065762,76.33333333333333,-8.300000000001091,95.30000000000109,-9.540229885058727
2024-07-01,157748.0,134348.0,23400.0,4.2,7.8,62.7,60.0,35.08,30.16,34.2,12208.2,8140.4,8208.0,12806.0,2917.0,16751.0,17659.1,168395.0,161297.0,100250.0,7098.0,4569.0,7426.0,2.1,53.0,-8.0,61.0,5.300000000001091,34.19999999999982,12.0,-8.0,-13.0,7.0,34.599999999998545,361.0,145.0,-155.0,217.0,333.0,0.19994287346472017,3.633677991137363,0.2993016295310902,3.964150293002411,72.66666666666667,39.50000000000091,13.49999999999909,74.52830188679417
2024-08-01,157757.0,134321.0,23436.0,4.2,7.8,62.7,60.0,35.22,30.27,34.3,12204.1,8146.0,8236.0,12772.0,2909.0,16746.0,17695.3,168492.0,161429.0,100364.0,7063.0,4828.0,7520.0,2.1,9.0,-27.0,36.0,-4.100000000000364,5.600000000000364,28.0,-34.0,-8.0,-5.0,36.20000000000073,97.0,132.0,114.0,-35.0,259.0,0.3990877993158559,3.9244614930658006,0.3647214854111347,4.163799036476257,49.666666666666664,1.5,7.5,16.666666666666664
2024-09-01,157912.0,134463.0,23449.0,4.1,7.7,62.7,60.1,35.34,30.39,34.3,12229.9,8148.4,8254.0,12758.0,2903.0,16776.0,17746.6,168662.0,161813.0,100418.0,6849.0,4643.0,6943.0,2.0,155.0,142.0,13.0,25.799999999999272,2.399999999999636,18.0,-14.0,-6.0,30.0,51.29999999999927,170.0,384.0,54.0,-214.0,-185.0,0.34071550255538874,3.9106145251396773,0.3964321110009994,4.146675805346134,72.33333333333333,28.19999999999891,126.80000000000109,18.19354838709607
2024-10-01,157945.0,134459.0,23486.0,4.1,7.7,62.5,60.0,35.46,30.48,34.2,12235.3,8160.2,8262.0,12697.0,2887.0,16799.0,17806.9,168395.0,161444.0,100894.0,6951.0,4566.0,7379.0,2.0,33.0,-4.0,37.0,5.399999999999636,11.800000000000182,8.0,-61.0,-16.0,23.0,60.30000000000291,-267.0,-369.0,476.0,102.0,-77.0,0.339558573853993,4.049295774647899,0.29615004935834577,4.16951469583049,65.66666666666667,17.199999999999818,15.800000000000182,52.12121212121157
2024-11-01,158079.0,134575.0,23504.0,4.2,7.7,62.4,59.8,35.6,30.56,34.3,12238.4,8165.2,8267.0,12711.0,2885.0,16823.0,17865.0,168248.0,161159.0,101215.0,7089.0,4463.0,7566.0,1.9,134.0,116.0,18.0,3.100000000000364,5.0,5.0,14.0,-2.0,24.0,58.099999999998545,-147.0,-285.0,321.0,138.0,-103.0,0.3948110547095318,4.184957565115588,0.2624671916010346,4.051753489955723,107.33333333333333,8.100000000000364,125.89999999999964,6.044776119403257
2024-12-01,158316.0,134787.0,23529.0,4.1,7.6,62.5,59.9,35.69,30.66,34.3,12265.3,8173.5,8276.0,12693.0,2895.0,16862.0,17908.1,168506.0,161586.0,101132.0,6920.0,4361.0,7295.0,1.9,237.0,212.0,25.0,26.899999999999636,8.300000000000182,9.0,-18.0,10.0,39.0,43.099999999998545,258.0,427.0,-83.0,-169.0,-102.0,0.2528089887640306,4.082822980460765,0.327225130890052,4.038004750593838,134.66666666666666,35.19999999999982,201.80000000000018,14.852320675105407
2025-01-01,158268.0,134711.0,23557.0,4.0,7.5,62.6,60.1,35.84,30.79,34.1,12236.2,8183.5,8264.0,12673.0,2877.0,16832.0,17943.8,170696.0,163831.0,101989.0,6865.0,4478.0,7431.0,2.0,-48.0,-76.0,28.0,-29.099999999998545,10.0,-12.0,-20.0,-18.0,-30.0,35.70000000000073,2190.0,2245.0,857.0,-55.0,117.0,0.42028579434016944,3.974470554105025,0.4240052185257692,3.9851401553529175,107.66666666666667,-19.099999999998545,-28.900000000001455,39.79166666666363
2025-02-01,158310.0,134751.0,23559.0,4.2,8.0,62.5,59.9,35.94,30.89,34.2,12198.0,8191.4,8267.0,12671.0,2876.0,16796.0,17980.5,170441.0,163338.0,102405.0,7104.0,4923.0,7242.0,2.0,42.0,40.0,2.0,-38.20000000000073,7.899999999999636,3.0,-2.0,-1.0,-36.0,36.70000000000073,-255.0,-493.0,416.0,239.0,445.0,0.2790178571428381,4.113557358053277,0.32478077297823926,4.146999325691159,77.0,-30.30000000000109,72.30000000000109,-72.14285714285974
2025-03-01,158377.0,134818.0,23559.0,4.2,7.9,62.5,59.9,36.11,31.02,34.2,12208.4,8198.8,8273.0,12666.0,2867.0,16823.0,18028.1,170641.0,163509.0,102382.0,7132.0,4771.0,6952.0,2.2,67.0,67.0,0.0,10.399999999999636,7.399999999999636,6.0,-5.0,-9.0,27.0,47.599999999998545,200.0,171.0,-23.0,28.0,-152.0,0.4730105731775236,4.213564213564225,0.420848170929089,4.163868368032242,20.333333333333332,17.799999999999272,49.20000000000073,26.567164179103393
2025-04-01,158485.0,134917.0,23568.0,4.2,7.8,62.6,60.0,36.12,31.09,34.3,12221.9,8203.9,8271.0,12662.0,2865.0,16836.0,17989.9,171054.0,163898.0,102143.0,7155.0,4686.0,7098.0,2.0,108.0,99.0,9.0,13.5,5.100000000000364,-2.0,-4.0,-2.0,13.0,-38.19999999999709,413.0,389.0,-239.0,23.0,-85.0,0.02769315978952136,3.9125431530494748,0.22566086395874319,4.154103852596314,72.33333333333333,18.600000000000364,89.39999999999964,17.22222222222256
2025-05-01,158498.0,134937.0,23561.0,4.3,7.8,62.4,59.7,36.28,31.2,34.2,12217.5,8207.9,8269.0,12651.0,2864.0,16839.0,18028.8,170492.0,163244.0,102893.0,7248.0,4624.0,7310.0,2.1,13.0,20.0,-7.0,-4.399999999999636,4.0,-2.0,-11.0,-1.0,3.0,38.89999999999782,-562.0,-654.0,750.0,93.0,-62.0,0.44296788482836025,3.9839495557466353,0.35381151495657015,4.1041041041041115,62.666666666666664,-0.3999999999996362,13.399999999999636,-3.0769230769202784
2025-06-01,158478.0,134892.0,23586.0,4.1,7.7,62.3,59.7,36.36,31.31,34.2,12218.7,8219.8,8267.0,12636.0,2863.0,16837.0,18064.7,170380.0,163327.0,103205.0,7054.0,4473.0,7204.0,2.1,-20.0,-45.0,25.0,1.2000000000007276,11.899999999999636,-2.0,-15.0,-1.0,-2.0,35.900000000001455,-112.0,83.0,312.0,-194.0,-151.0,0.22050716648289725,3.8560411311054033,0.3525641025641013,4.123711340206171,33.666666666666664,13.100000000000364,-33.100000000000364,-65.50000000000182
2025-07-01,158542.0,134957.0,23585.0,4.3,7.9,62.2,59.6,36.47,31.39,34.2,12224.0,8224.4,8261.0,12625.0,2861.0,16848.0,18126.6,170412.0,163140.0,103373.0,7272.0,4689.0,7089.0,2.0,64.0,65.0,-1.0,5.299999999999272,4.600000000000364,-6.0,-11.0,-2.0,11.0,61.89999999999782,32.0,-187.0,168.0,218.0,216.0,0.30253025302529046,3.9623717217788013,0.25550942190994963,4.078249336870021,19.0,9.899999999999636,54.100000000000364,15.468749999999432
2025-08-01,158472.0,134937.0,23535.0,4.3,8.1,62.3,59.6,36.62,31.49,34.2,12245.0,8227.0,8239.0,12615.0,2860.0,16870.0,18142.2,170750.0,163370.0,103251.0,7380.0,4755.0,6919.0,2.0,-70.0,-20.0,-50.0,21.0,2.600000000000364,-22.0,-10.0,-1.0,22.0,15.600000000002183,338.0,230.0,-122.0,108.0,66.0,0.4112969564025182,3.9750141964792762,0.3185727938833871,4.030393128510079,-8.666666666666666,23.600000000000364,-93.60000000000036,-33.714285714286234
2025-09-01,158548.0,135005.0,23543.0,4.4,8.1,62.5,59.7,36.7,31.56,34.2,12283.9,8234.0,8255.0,12612.0,2859.0,16907.0,18181.8,171261.0,163656.0,102964.0,7605.0,4594.0,7169.0,1.9,76.0,68.0,8.0,38.899999999999636,7.0,16.0,-3.0,-1.0,37.0,39.599999999998545,511.0,286.0,-287.0,225.0,-161.0,0.21845985800110768,3.848330503678543,0.22229279136234403,3.8499506416584284,23.333333333333332,45.899999999999636,30.100000000000364,60.39473684210478
2025-10-01,158408.0,135018.0,23390.0,,,,,36.85,31.7,34.2,12326.5,8239.6,8243.0,12603.0,2853.0,16948.0,18215.4,,,,,,7170.0,1.9,-140.0,13.0,-153.0,42.600000000000364,5.600000000000364,-12.0,-9.0,-6.0,41.0,33.60000000000218,,,,,,0.4087193460490468,3.9199097574732056,0.44359949302914536,4.002624671916011,-44.666666666666664,48.20000000000073,-188.20000000000073,-34.42857142857195
2025-11-01,158449.0,135090.0,23359.0,4.5,8.7,62.5,59.6,37.0,31.79,34.3,12348.1,8237.6,8279.0,12593.0,2848.0,16936.0,18265.4,171541.0,163760.0,103092.0,7781.0,5487.0,6846.0,2.0,41.0,72.0,-31.0,21.600000000000364,-2.0,36.0,-10.0,-5.0,-12.0,50.0,,,,,,0.407055630936215,3.93258426966292,0.28391167192429734,4.0248691099476375,-7.666666666666667,19.600000000000364,21.399999999999636,47.804878048781376
2025-12-01,158432.0,135083.0,23349.0,4.4,8.4,62.4,59.7,37.02,31.83,34.2,12343.3,8231.8,8272.0,12580.0,2842.0,16961.0,18295.3,171495.0,163992.0,103321.0,7503.0,5341.0,6550.0,2.0,-17.0,-7.0,-10.0,-4.800000000001091,-5.800000000001091,-7.0,-13.0,-6.0,25.0,29.899999999997817,-46.0,232.0,229.0,-278.0,-146.0,0.0540540540540535,3.7265340431493543,0.12582573136206143,3.816046966731901,-38.666666666666664,-10.600000000002183,-6.399999999997817,62.35294117648343
2026-01-01,158592.0,135263.0,23329.0,4.3,8.1,62.1,59.4,37.15,31.94,34.3,12366.5,8234.7,8317.0,12582.0,2815.0,16966.0,18363.6,170465.0,163097.0,104211.0,7368.0,4873.0,7240.0,2.0,160.0,180.0,-20.0,23.200000000000728,2.900000000001455,45.0,2.0,-27.0,5.0,68.29999999999927,-1030.0,-895.0,890.0,-135.0,-468.0,0.35116153430576613,3.655133928571419,0.345585925227776,3.7349788892497626,61.333333333333336,26.100000000002183,133.89999999999782,16.312500000001364
2026-02-01,158436.0,135115.0,23321.0,4.4,7.9,62.0,59.3,37.27,32.04,34.3,12327.7,8229.5,8296.0,12583.0,2792.0,16935.0,18330.7,170483.0,162912.0,104283.0,7571.0,4396.0,6922.0,1.9,-156.0,-148.0,-8.0,-38.79999999999927,-5.200000000000728,-21.0,1.0,-23.0,-31.0,-32.89999999999782,18.0,-185.0,72.0,203.0,-477.0,0.32301480484524525,3.7006121313300167,0.3130870381966133,3.7228876659112897,-4.333333333333333,-44.0,-112.0,28.205128205128204
2026-03-01,158650.0,135317.0,23333.0,4.3,8.0,61.9,59.2,37.35,32.12,34.2,12355.2,8240.5,8311.0,12598.0,2793.0,16979.0,18411.1,170087.0,162848.0,104771.0,7239.0,4497.0,6887.0,2.0,214.0,202.0,12.0,27.5,11.0,15.0,15.0,1.0,44.0,80.39999999999782,-396.0,-64.0,488.0,-332.0,101.0,0.2146498524282281,3.433951813901981,0.24968789013732895,3.546099290780136,72.66666666666667,38.5,175.5,17.990654205607477
2026-04-01,158798.0,135467.0,23331.0,4.3,8.2,61.8,59.1,37.41,32.23,34.3,12360.1,8229.5,8314.0,12597.0,2787.0,16972.0,18446.5,169995.0,162622.0,104959.0,7373.0,4942.0,7585.0,1.9,148.0,150.0,-2.0,4.899999999999636,-11.0,3.0,-1.0,-6.0,-7.0,35.400000000001455,-92.0,-226.0,188.0,134.0,445.0,0.16064257028112205,3.5714285714285587,0.3424657534246478,3.666773882277252,68.66666666666667,-6.100000000000364,154.10000000000036,-4.121621621621867
2026-05-01,158861.0,135528.0,23333.0,4.3,8.1,61.8,59.2,37.49,32.31,34.3,12385.0,8203.4,8316.0,12595.0,2782.0,17014.0,18476.2,170078.0,162771.0,104976.0,7307.0,4805.0,7537.0,2.0,63.0,61.0,2.0,24.899999999999636,-26.100000000000364,2.0,-2.0,-5.0,42.0,29.700000000000728,83.0,149.0,17.0,-66.0,-137.0,0.21384656508955935,3.335170893054018,0.24821594787467482,3.5576923076923173,141.66666666666666,-1.2000000000007276,64.20000000000073,-1.9047619047630595
2026-06-01,158892.0,135554.0,23338.0,4.2,7.9,61.5,59.0,37.59,32.38,34.3,12378.0,8209.4,8319.0,12608.0,2763.0,16960.0,18494.6,169358.0,162264.0,105808.0,7094.0,4681.0,7182.0,2.0,31.0,26.0,5.0,-7.0,6.0,3.0,13.0,-19.0,-54.0,18.399999999997817,-720.0,-507.0,832.0,-213.0,-124.0,0.26673779674579734,3.3828382838283932,0.21665119158156276,3.417438518045368,80.66666666666667,-1.0,32.0,-3.225806451612903
2026-07-01,158913.0,135625.0,23288.0,4.1,7.9,61.4,58.9,37.65,32.42,34.3,12367.6,8151.9,8337.0,12622.0,2768.0,16939.0,18507.8,169094.0,162177.0,106189.0,6916.0,4804.0,7271.0,1.9,21.0,71.0,-50.0,-10.399999999999636,-57.5,18.0,14.0,5.0,-21.0,13.200000000000728,-264.0,-87.0,381.0,-178.0,123.0,0.15961691939343492,3.2355360570331726,0.12353304508956331,3.281299776999047,38.333333333333336,-67.89999999999964,88.89999999999964,-323.3333333333316
2026-08-01,159075.0,135752.0,23323.0,4.1,7.7,61.6,59.1,37.75,32.53,34.4,12426.8,8193.8,8359.0,12638.0,2745.0,17001.0,18520.7,169777.0,162746.0,105638.0,7031.0,4390.0,,,162.0,127.0,35.0,59.19999999999891,41.899999999999636,22.0,16.0,-23.0,62.0,12.900000000001455,683.0,569.0,-551.0,115.0,-414.0,0.26560424966799445,3.085745494265435,0.33929673041332986,3.3026357573832987,71.33333333333333,101.09999999999854,60.900000000001455,62.40740740740651
