date,retail_sales,housing_starts,retail_sales_mom,retail_sales_yoy,housing_starts_mom
2019-01-01,490440.0,1226.0,,,
2019-02-01,491751.0,1121.0,0.26731098605334846,,-8.564437194127239
2019-03-01,499292.0,1191.0,1.533499677682415,,6.244424620874223
2019-04-01,499343.0,1272.0,0.010214463680568997,,6.801007556675054
2019-05-01,504741.0,1293.0,1.0810204608856067,,1.650943396226423
2019-06-01,505251.0,1243.0,0.10104192050972571,,-3.8669760247486473
2019-07-01,509091.0,1240.0,0.7600182879400563,,-0.24135156878519748
2019-08-01,512561.0,1375.0,0.6816070211415948,,10.88709677419355
2019-09-01,509282.0,1311.0,-0.6397287347262082,,-4.654545454545456
2019-10-01,510648.0,1325.0,0.26822074999706125,,1.067887109077037
2019-11-01,514215.0,1353.0,0.6985242280396653,,2.1132075471698153
2019-12-01,515866.0,1548.0,0.32107192516748206,,14.412416851441234
2020-01-01,515119.0,1581.0,-0.144805046271701,5.032012070793579,2.131782945736438
2020-02-01,515330.0,1549.0,0.04096140891716171,4.794906365213292,-2.024035420619863
2020-03-01,468324.0,1266.0,-9.12153377447461,-6.202382573724396,-18.269851517107817
2020-04-01,401028.0,936.0,-14.369539037076894,-19.68887117672622,-26.066350710900476
2020-05-01,478449.0,1039.0,19.30563451928544,-5.209008184395558,11.00427350427351
2020-06-01,518038.0,1266.0,8.274445134173124,2.5308213145545544,21.84793070259865
2020-07-01,526304.0,1526.0,1.595635841386156,3.381124396227797,20.53712480252765
2020-08-01,530735.0,1396.0,0.8419088587584334,3.5457243137889893,-8.51900393184797
2020-09-01,541302.0,1473.0,1.991012463847297,6.28728288060445,5.515759312320911
2020-10-01,539114.0,1543.0,-0.40421058854391845,5.574485751437397,4.752206381534285
2020-11-01,533941.0,1543.0,-0.9595373149278275,3.836138580165893,0.0
2020-12-01,538548.0,1614.0,0.862829413736721,4.396878259082793,4.601425793907965
2021-01-01,559230.0,1624.0,3.840326210477052,8.563264022488015,0.6195786864931829
2021-02-01,544891.0,1398.0,-2.564061298571252,5.736324297052375,-13.916256157635464
2021-03-01,603581.0,1688.0,10.770961531755896,28.88107378652387,20.743919885550778
2021-04-01,608961.0,1489.0,0.8913468117783596,51.849995511535354,-11.789099526066348
2021-05-01,605282.0,1600.0,-0.6041437793224858,26.50919951760793,7.45466756212223
2021-06-01,611950.0,1664.0,1.1016352708324462,18.128399847115475,4.0000000000000036
2021-07-01,601817.0,1600.0,-1.6558542364572215,14.347791390527153,-3.8461538461538436
2021-08-01,605533.0,1596.0,0.617463448191069,14.093285726398296,-0.24999999999999467
2021-09-01,609671.0,1576.0,0.6833649033165745,12.63047245345481,-1.253132832080206
2021-10-01,618573.0,1587.0,1.4601317759906474,14.73881219927511,0.6979695431472033
2021-11-01,624874.0,1707.0,1.0186348256390199,17.0305333360802,7.5614366729678695
2021-12-01,619938.0,1711.0,-0.7899192477203387,15.112859020922919,0.23432923257176164
2022-01-01,631509.0,1693.0,1.866476970277664,12.92473579743576,-1.0520163646990044
2022-02-01,638101.0,1730.0,1.0438489396033868,17.10617352828363,2.1854695806261093
2022-03-01,651027.0,1700.0,2.025698126158715,7.860751083947304,-1.7341040462427793
2022-04-01,660194.0,1807.0,1.408082921292042,8.413182453391933,6.294117647058828
2022-05-01,659847.0,1546.0,-0.052560308030669134,9.014806321681457,-14.443829551743226
2022-06-01,666113.0,1556.0,0.9496140772027539,8.850886510335808,0.6468305304010435
2022-07-01,659550.0,1382.0,-0.9852682652943257,9.593115515181516,-11.18251928020566
2022-08-01,663566.0,1532.0,0.608900007580937,9.583788166788597,10.85383502170767
2022-09-01,661854.0,1481.0,-0.2579999578037451,8.559206522862329,-3.3289817232376007
2022-10-01,668671.0,1446.0,1.0299854650723583,8.098963258984782,-2.363268062120194
2022-11-01,659458.0,1434.0,-1.3778076213863066,5.534555766442506,-0.8298755186721962
2022-12-01,651763.0,1296.0,-1.1668673365096804,5.133577873916417,-9.623430962343093
2023-01-01,680253.0,1358.0,4.3712208272025155,7.718654841023653,4.783950617283961
2023-02-01,672152.0,1395.0,-1.1908804518318883,5.336302560252992,2.72459499263622
2023-03-01,665071.0,1366.0,-1.0534819505111925,2.1572069975592356,-2.078853046594986
2023-04-01,670494.0,1343.0,0.8154016638824979,1.5601474718037522,-1.68374816983895
2023-05-01,673902.0,1609.0,0.5082819533060778,2.1300392363684306,19.806403574087874
2023-06-01,677117.0,1420.0,0.4770723339595273,1.6519719627150264,-11.746426351771289
2023-07-01,678424.0,1464.0,0.19302424839429122,2.861648093397018,3.0985915492957705
2023-08-01,684755.0,1321.0,0.933192221973278,3.1932015805511416,-9.767759562841526
2023-09-01,689403.0,1369.0,0.6787829223591002,4.16239835371548,3.6336109008326956
2023-10-01,686148.0,1380.0,-0.47214764078484794,2.613691935196827,0.8035062089116085
2023-11-01,685328.0,1522.0,-0.1195077446848214,3.922918517934426,10.28985507246376
2023-12-01,686277.0,1504.0,0.1384738402633534,5.295483174098559,-1.182654402102501
2024-01-01,680456.0,1378.0,-0.8481997793893692,0.029841838257227415,-8.377659574468089
2024-02-01,685280.0,1555.0,0.7089363603230758,1.9531296492460104,12.844702467343971
2024-03-01,687641.0,1297.0,0.3445307027784228,3.393622635778737,-16.591639871382636
2024-04-01,687602.0,1379.0,-0.005671564086495717,2.551551542593966,6.32228218966846
2024-05-01,692774.0,1329.0,0.7521793130328192,2.8004071808660713,-3.6258158085569203
2024-06-01,692449.0,1318.0,-0.046912846036373246,2.2643058732833454,-0.8276899924755443
2024-07-01,698835.0,1269.0,0.9222339840190497,3.008590497977659,-3.7177541729893737
2024-08-01,697039.0,1394.0,-0.25699914858300366,1.7939262948061696,9.85027580772262
2024-09-01,703055.0,1357.0,0.863079397279054,1.9802640835621554,-2.654232424677183
2024-10-01,708290.0,1370.0,0.7446074631429989,3.22700058879426,0.9579955784819516
2024-11-01,711853.0,1300.0,0.5030425390729842,3.87040949735018,-5.109489051094895
2024-12-01,717265.0,1494.0,0.7602693252680037,4.515377901343043,14.923076923076927
2025-01-01,711260.0,1353.0,-0.83720800540944,4.526964271018263,-9.437751004016059
2025-02-01,711575.0,1491.0,0.044287602283277216,3.8371176745271907,10.19955654101996
2025-03-01,723339.0,1346.0,1.6532340231177223,5.191371660503075,-9.72501676727029
2025-04-01,722442.0,1400.0,-0.12400824509669617,5.066884622208767,4.011887072808329
2025-05-01,714513.0,1289.0,-1.097527552384825,3.1379641845681316,-7.928571428571429
2025-06-01,719484.0,1379.0,0.6957186223343736,3.9042586529838275,6.982156710628384
2025-07-01,727176.0,1432.0,1.0690995213236132,4.055463736075038,3.8433647570703444
2025-08-01,731700.0,1291.0,0.6221327436549018,4.972605550048126,-9.846368715083798
2025-09-01,732192.0,1319.0,0.06724067240673204,4.14434148110745,2.168861347792417
2025-10-01,731051.0,1273.0,-0.15583344259428866,3.2135142385181226,-3.487490523123582
2025-11-01,734718.0,1319.0,0.5016065910586232,3.212039564348257,3.6135113904163463
2025-12-01,734717.0,1378.0,-0.00013610664227892144,2.4331314088934963,4.473085670962851
2026-01-01,734503.0,1385.0,-0.02912686109073359,3.267862666254251,0.5079825834542806
2026-02-01,741278.0,1346.0,0.922392420453022,4.174261321715922,-2.8158844765342916
2026-03-01,754013.0,1522.0,1.7179789498676712,4.240611939906458,13.075780089153044
2026-04-01,759097.0,1414.0,0.6742589318751824,5.073763706982715,-7.0959264126149835
2026-05-01,766192.0,1182.0,0.9346631589902232,7.232758536233774,-16.407355021216407
2026-06-01,768072.0,1415.0,0.2453693069100149,6.7531731073936285,19.71235194585448
2026-07-01,763602.0,1239.0,-0.5819766896853373,5.009241229083461,-12.438162544169607
