date,cpi_headline,cpi_core,cpi_headline_unadjusted,cpi_core_unadjusted,cpi_energy,cpi_food,cpi_shelter,cpi_core_goods,pce_headline,pce_core,cpi_headline_mom,cpi_headline_yoy,cpi_headline_ann3,cpi_core_mom,cpi_core_yoy,cpi_core_ann3,cpi_headline_unadjusted_mom,cpi_headline_unadjusted_yoy,cpi_headline_unadjusted_ann3,cpi_core_unadjusted_mom,cpi_core_unadjusted_yoy,cpi_core_unadjusted_ann3,cpi_energy_mom,cpi_energy_yoy,cpi_energy_ann3,cpi_food_mom,cpi_food_yoy,cpi_food_ann3,cpi_shelter_mom,cpi_shelter_yoy,cpi_shelter_ann3,cpi_core_goods_mom,cpi_core_goods_yoy,cpi_core_goods_ann3,pce_headline_mom,pce_headline_yoy,pce_headline_ann3,pce_core_mom,pce_core_yoy,pce_core_ann3,cpi_headline_release_yoy,cpi_core_release_yoy,contrib_energy_mom_pp,contrib_food_mom_pp,contrib_core_goods_mom_pp,contrib_shelter_mom_pp,contrib_other_services_mom_pp
2019-01-01,252.561,260.766,251.712,260.122,204.34,256.302,312.998,144.788,102.648,102.87,,,,,,,,,,,,,,,,,,,,,,,,,,,,,,,,,,,,,
2019-02-01,253.319,261.186,252.776,261.114,208.144,256.998,314.072,144.749,102.836,102.963,0.3001255142321968,,,0.16106394238510902,,,0.4227053140096748,,,0.38135951591944384,,,1.861603210335705,,,0.27155465037338455,,,0.3431331829596429,,,-0.02693593391718263,,,0.1831501831501825,,,0.09040536599591587,,,,,0.12100420867182082,0.038832315003393986,-0.004983147774678787,0.12490047859731002,0.020371659734350733
2019-03-01,254.277,261.567,254.202,261.836,214.934,257.374,315.051,144.733,103.069,103.058,0.37817929172307974,,,0.1458730559831034,,,0.5641358356806014,,,0.2765075790650995,,,3.262164655238675,,,0.1463046405030477,,,0.311711964135597,,,-0.011053616950718048,,,0.22657435139445958,,,0.09226615386110915,,,,,0.21204070259051389,0.02092156359193582,-0.002044919135882839,0.1134631549453573,0.033798789731155576
2019-04-01,255.233,261.997,255.548,262.332,222.42,257.018,316.172,144.37,103.36,103.265,0.3759679404743643,,4.2994809018042535,0.1643938264383582,,1.9016961591955317,0.5295001612890538,,6.236624673774971,0.18943155257489241,,3.44196053549779,3.482929643518462,,40.37242075086746,-0.13832011003444,,1.1221229580050895,0.35581540766416175,,4.118373669484399,-0.2508066577767365,,-1.1498006607469247,0.28233513471558336,,2.803531727251185,0.2008577694113889,,1.5447882169246308,,,0.22639042682870003,-0.01977977573492492,-0.04639923168869625,0.12951680838975488,0.08623971267953057
2019-05-01,255.296,262.217,256.092,262.59,220.523,257.523,317.03,144.146,103.435,103.371,0.02468332856644384,,3.1584911773706814,0.08397042714227698,,1.5883251039966018,0.21287585893843275,,5.351493998850421,0.09834865742646137,,2.280325550870077,-0.8528909270749008,,25.9969355847794,0.19648429292891123,,0.8196342551194613,0.27137127892411517,,3.820845735474454,-0.15515688855026744,,-1.6559491498091106,0.07256191950464341,,2.3503595747754957,0.10264852563792726,,1.5944815787033662,,,-0.05543791025986855,0.028097253888834304,-0.028704024381799476,0.09877914552837792,-0.018051136209100357
2019-06-01,255.213,262.739,256.143,263.177,214.926,257.664,317.949,144.173,103.484,103.56,-0.03251128102280676,,1.4805599461274799,0.1990717611749071,,1.8043569789720992,0.019914718148150712,,3.089424326050483,0.22354240450894736,,2.06440240451089,-2.53805725479882,,-0.014887460080481585,0.05475239104855145,,0.4514683084335447,0.28987792953349967,,3.730483886465108,0.018731008838268615,,-1.5387181992224552,0.04737274616908316,,1.6203249737351433,0.18283657892446126,,1.9626999213617102,,,-0.1649737215619233,0.007829591919942857,0.0034652366350796937,0.10551556635019388,0.015652045633900102
2019-07-01,255.802,263.28,256.571,263.566,216.696,257.836,318.777,144.206,103.622,103.678,0.23078761661827762,,0.8947206158462562,0.2059077639787077,,1.973236466672379,0.16709416224534035,,1.6109056022754142,0.14780926904705005,,1.894903210462906,0.8235392646771533,,-9.90343504169282,0.06675360158967525,,1.2791530738667234,0.26041912382173127,,3.336629205495689,0.022889167874695637,,-0.4536143601335474,0.13335394843647652,,1.017793624582386,0.11394360757048805,,1.609390413936329,,,0.053530052204014966,0.00954576502732356,0.004234496056818693,0.09479256107111018,0.06868474225901022
2019-08-01,256.036,263.877,256.558,264.169,213.847,258.046,319.37,144.225,103.67,103.797,0.09147700174354512,,1.1644893199990625,0.2267547857794039,,2.556401626183291,-0.005066823608290694,,0.7298525296141056,0.22878519991198498,,2.427052649614847,-1.3147450806660022,,-11.570518176075073,0.08144712142601485,,0.8148326770290426,0.1860234584051046,,2.98525066274522,0.0131755960223634,,0.21940246223179916,0.04632220956939381,,0.9118850640048137,0.11477844865834808,,1.6586493753997678,,,-0.08545843024329014,0.011646938363920122,0.002437485264137229,0.06771253885945806,0.09513846949931984
2019-09-01,256.43,264.388,256.759,264.522,213.015,258.575,320.436,144.175,103.733,103.873,0.1538846099767177,,1.9211133031748817,0.19365082974263093,,2.534209560080214,0.07834485769300237,,0.9654383661544585,0.13362657995450444,,2.0599761654668702,-0.3890632087427126,,-3.5094189669276243,0.20500220890848908,,1.4217629350440797,0.3337821335754665,,3.165705779255057,-0.034668053388786646,,0.00554900464595498,0.06076975016879871,,0.965946993303124,0.07321984257735448,,1.2144529909229984,,,-0.02528910856827632,0.029315315873913936,-0.0064135898769255295,0.1214966966214698,0.03477529592653583
2019-10-01,257.155,264.97,257.346,265.059,215.268,259.088,320.862,144.225,103.917,104.028,0.2827282299262768,,2.1325438094435434,0.2201310195621753,,2.59243689748192,0.22861905522297832,,1.2137280228980751,0.2030076893415389,,2.28517165495683,1.057671994929943,,-2.610009218776488,0.19839504979213274,,1.9565130525271313,0.1329438639853242,,2.6420289271764874,0.034680076296145224,,0.052712800784204816,0.17737846201304475,,1.1436264097215654,0.1492206829493803,,1.3571878560266537,,,0.06874867967044629,0.028370492120274978,0.006415814114786866,0.04839156649065801,0.13080167753011063
2019-11-01,257.879,265.548,257.208,265.108,217.488,259.624,321.611,144.257,104.024,104.092,0.281542260504386,,2.910520563122132,0.2181379024040364,,2.5571603660805575,-0.053624303466914824,,1.0172738742104892,0.018486450186561143,,1.4294159390984218,1.0312726461898736,,6.986394070849955,0.20687951584017483,,2.4686044382364214,0.2334336880029264,,2.836456745636884,0.022187554168850987,,0.08877975829830742,0.10296679080419313,,1.3728844483368974,0.06152189795054497,,1.1416900588430146,,,0.06703272200234178,0.029583770765144998,0.004104697521237433,0.08496986243306522,0.09585120778259659
2019-12-01,258.63,266.02,256.974,264.935,221.18,260.052,322.247,144.38,104.307,104.322,0.29122185210892493,,3.4761519298788013,0.17774564297226014,,2.492054347720485,-0.09097695250538385,,0.3353653811399848,-0.06525642379709984,,0.6259868543609493,1.6975649231222079,,16.236538686407243,0.16485378855575217,,2.3044816614574692,0.1977544300412637,,2.2799070038153513,0.08526449323082996,,0.5699674525217135,0.2720526032454096,,2.231813940261884,0.22095838296891657,,1.740277686593883,,,0.11034172000294351,0.023574091763472558,0.015773931247703543,0.07198261253501999,0.06954949655978532
2020-01-01,259.127,266.716,257.971,266.004,220.147,260.858,323.487,144.308,104.49,104.507,0.19216641534238743,2.599767976845202,3.102875216144496,0.2616344635741674,2.2817391837892886,2.6619370370557505,0.3879769937814803,2.4865719552504606,0.9749994727498157,0.4034951969350997,2.261246645804671,1.433742307769248,-0.46704041956777687,7.735636683958114,9.378807129608457,0.30993801239751484,1.777590498708559,2.76079292817486,0.38479799656785385,3.3511396238953717,3.312812463820336,-0.04986840282588112,-0.3315191866729461,0.2303946637782328,0.17544364232504606,1.7944821136310463,2.223916173360241,0.17733555721708427,1.5913288616700605,1.8545719297980545,2.4865719552504606,2.261246645804671,-0.030357627271905496,0.04432113577284462,-0.009225654522788007,0.1400664707506988,0.04736209061353752
2020-02-01,259.25,267.37,258.678,267.268,214.294,261.567,324.483,144.717,104.573,104.711,0.04746707213065804,2.3413166797595197,2.143597695430355,0.2452046371421268,2.3676613601035346,2.772888981975563,0.2740618131495287,2.3348735639459495,2.305760538958479,0.47518082434849784,2.3568249883192838,3.299096185765027,-2.658678065111031,2.9546852179260563,-5.746204560446366,0.27179538292865235,1.7778348469637884,3.0273331503563705,0.30789490767788585,3.314845003693412,3.620150013911161,0.2834215705297183,-0.022107233901436096,1.2816152309465867,0.07943343860656871,1.689097203314005,2.127822189208617,0.19520223525695268,1.6976972310441596,2.3999669458061534,2.3348735639459495,2.3568249883192838,-0.172814074232217,0.038866739758797286,0.05243299054799788,0.11207374639475044,0.016907669661329436
2020-03-01,258.076,267.054,258.115,267.312,201.681,262.239,324.54,144.488,104.271,104.632,-0.4528447444551498,1.4940399642909163,-0.8540733741588147,-0.11818827841568735,2.097741687598198,1.5638587458973507,-0.21764510317846542,1.5393269919198094,1.787919113408365,0.016462876214151656,2.0913854473792792,3.6373925368007987,-5.885839080888877,-6.166078889333459,-30.868412597215833,0.2569131427129445,1.8902453239254768,3.406616425168596,0.017566405636038063,3.0118933125113267,2.8767878288964877,-0.1582398750665237,-0.16927722081350183,0.29954631018374034,-0.2887934744149945,1.1662090444265472,-0.13798255916109836,-0.0754457506852102,1.5272953094374042,1.1939361549530902,1.5393269919198094,2.0913854473792792,-0.382579540257777,0.03673857940795106,-0.029274376887306885,0.006394171651517855,-0.08412357836953477
2020-04-01,256.032,265.746,256.389,266.089,182.586,265.777,324.391,143.211,103.838,104.293,-0.7920147553434065,0.3130472940411133,-4.692664861410889,-0.48978858208451603,1.4309324152566472,-1.4468141911167853,-0.6686941866997254,0.3290966863368272,-2.4305166809340695,-0.4575178069072927,1.4321546742296132,0.12787890490135734,-9.467922114626559,-17.90936066900457,-52.68282461931941,1.349150965340784,3.4079325183450138,7.758847756564435,-0.0459111357613895,2.5995344306263712,1.1225136985683726,-0.8838104202425034,-0.8027983653113524,-3.0062214613756244,-0.415264071505983,0.4624613003096023,-2.472668355154395,-0.3239926599892917,0.9954970222243897,-0.8165714528069801,0.3290966863368272,1.4321546742296132,-0.6154149374507263,0.1929285880437321,-0.16350492774486314,-0.016711653417145776,-0.18931182477440345
2020-05-01,255.802,265.412,256.394,265.799,180.04,267.464,324.973,142.711,103.942,104.402,-0.08983252093487382,0.1982013035848551,-5.214766871657483,-0.12568392374673332,1.2184564692601985,-2.8972534222683755,0.0019501616683959,0.11792637021070806,-3.4853026028275225,-0.10898609111990032,1.2220571994363771,-2.1804826579723935,-1.394411400655049,-18.357722323748547,-50.17630052655233,0.6347426602000938,3.8602377263389887,9.327529886553986,0.17941311565363716,2.505441125445551,0.6054074170697588,-0.34913519212909083,-0.9955184327001598,-5.430391005256052,0.10015601224984128,0.49016290423937736,-2.391866734240855,0.10451324633484749,0.9973783749794407,-1.1751770489774827,0.11792637021070806,1.2220571994363771,-0.09063674104257818,0.09076820040861341,-0.0645900105438818,0.06530637409792392,-0.09068034385495116
2020-06-01,257.042,265.849,257.797,266.302,188.734,268.849,325.425,142.586,104.27,104.565,0.4847499237691677,0.7166562831830481,-1.5930228135305535,0.16464967672902286,1.1836841884912408,-1.7926991719821372,0.5472046927775365,0.6457330475554857,-0.4918936353780268,0.18924074206450037,1.1874137937585738,-1.5027985203879934,4.8289269051321915,-12.186520011538848,-23.309665275094325,0.5178266981724633,4.340924615002484,10.470057793975517,0.13908847811971992,2.3513204947963384,1.0952444614877432,-0.08758960416506145,-1.1007608914290423,-5.162428434811838,0.3155606011044698,0.7595377063120967,-0.0038361025194277865,0.15612727725522468,0.9704519119350996,-0.2558898744194571,0.6457330475554857,1.1874137937585738,0.31388024883359245,0.07404921783866225,-0.01620407677053637,0.05062820603557805,0.06239632783187132
2020-07-01,258.352,267.389,259.101,267.703,191.966,267.824,326.249,143.375,104.578,104.937,0.5096443382793581,0.9968647625897997,3.6741102382047197,0.5792762056656242,1.560695837131587,2.4960675325931048,0.5058243501669724,0.9860818253037085,4.298677759531944,0.5260944341386686,1.5696258242717143,2.4484204698513867,1.7124630432248544,-11.412301103850552,22.187664738933922,-0.3812549051698033,3.873780232395796,3.1165533297358383,0.25320734424214564,2.3439583156877886,2.310821222146031,0.5533502587911743,-0.5762589628725445,0.4588528125210045,0.29538697611970477,0.9225840072571545,2.8812113025154407,0.3557595753837406,1.2143366963097257,2.492936467120943,0.9860818253037085,1.5696258242717143,0.11131009780961554,-0.05451945143928187,0.10236979787636724,0.092167473304141,0.2583164207285162
2020-08-01,259.316,268.422,259.918,268.756,193.307,268.271,326.782,144.691,104.87,105.243,0.3731343283582156,1.2810698495523853,5.609141632955494,0.38632853258735445,1.7223933878284248,4.614097638682635,0.31532105240814623,1.3096453823307153,5.61217701489598,0.39334635771732795,1.7363884483039271,4.524790078719887,0.698561203546455,-9.604997965835393,32.89673353957401,0.16690065117390684,3.962471807352186,1.2123645908007186,0.16337214826711577,2.320819112627981,2.2453079452454228,0.9178727114210972,0.32310625758364964,5.6662452444608435,0.2792174262273184,1.157519050834388,3.619333821366344,0.29160353354868995,1.3931038469319867,3.2613036938810014,1.3096453823307153,1.7363884483039271,0.045406478230519576,0.023866793117868677,0.16980645161290298,0.05946746196923014,0.07458714342769424
2020-09-01,259.997,268.933,260.28,269.054,196.705,268.354,327.043,145.698,105.057,105.41,0.2626139536318739,1.3910228912373812,4.678377012614265,0.19037187711885561,1.7190644053436621,4.721598298943475,0.13927469432666317,1.3713248610564666,3.908662748478031,0.11088124544196276,1.7132790467333514,4.198171930738348,1.7578256348709687,-7.656737788418644,17.994297692820748,0.030938864059093518,3.7818814657256006,-0.7344414142538058,0.07986976026832515,2.0618781909648165,2.0036653528135995,0.6959658859224227,1.0563551239812785,9.02016065919289,0.17831601029845157,1.27635371578958,3.0534381632055574,0.15868038729416334,1.4796915464076354,3.2718331565959824,1.3713248610564666,1.7132790467333514,0.11425866626661296,0.004424257560450373,0.1287536888956482,0.029072592737670353,-0.013895251828507982
2020-10-01,260.319,269.306,260.388,269.328,196.113,269.007,327.421,146.112,105.151,105.507,0.1238475828567287,1.2303863428671624,3.080414773779294,0.1386962552011095,1.6364116692455521,2.898719270704264,0.04149377593360981,1.1820661677274913,2.001722763903957,0.10183829268473055,1.6105848131925171,2.4502616430796875,-0.30095828779136413,-8.89821060259769,8.925176108183175,0.2433352959151147,3.828428950781193,1.7785728161126002,0.11558113153316008,2.0441809874650163,1.444700809866939,0.28414940493348695,1.308372334893404,7.857368022706335,0.08947523725215678,1.1874861668446979,2.2097441797888973,0.09202162982639983,1.4217326104510208,2.1904992735241047,1.1820661677274913,1.6105848131925171,-0.01956228870643867,0.0347969473158614,0.052567639912695086,0.042071531878070265,0.013973752456540617
2020-11-01,260.911,269.981,260.229,269.473,197.017,269.066,327.801,146.388,105.258,105.605,0.2274132890799363,1.1757452138405844,2.483111287293238,0.25064424854999157,1.6693780408814973,2.343525818306813,-0.061062721784410634,1.1745357842679605,0.4794721830715609,0.0538376997564427,1.646498785400663,1.0714170124304534,0.4609587329753806,-9.412473331861992,7.900754941513499,0.02193251476725333,3.6367978307090043,1.1906480636007855,0.11605853014926559,1.9246854118795786,1.253161089135868,0.18889618922470763,1.4772246754056972,4.774557827829629,0.10175842360033993,1.186264708144269,1.488161001878896,0.09288483228599986,1.453521884486797,1.3829785212027046,1.1745357842679605,1.646498785400663,0.02996231764339974,0.003136349611717226,0.03494579500657091,0.042245304974332674,0.11712352184391575
2020-12-01,262.045,270.341,260.474,269.226,205.67,270.088,328.217,146.718,105.699,105.896,0.4346309661148906,1.3204191315779434,3.1882298797475617,0.13334271670970566,1.624313961356294,2.1107056858820528,0.09414784670425114,1.3620054947193205,0.2984739587892138,-0.09166038898146267,1.6196425538339554,0.2559560589870946,4.3920067811407115,-7.012388100189904,19.514939257385542,0.37983245746398,3.859228154369121,2.6098052186042553,0.12690626325118082,1.852616160895204,1.443647077273491,0.22542831379619432,1.6193378584291374,2.8298570352427665,0.41897052955595093,1.334522131784066,2.4668851154558524,0.2755551347000562,1.508790092214496,1.8570209552591477,1.3620054947193205,1.6196425538339554,0.28548044077414625,0.05431604141734913,0.04170423805229595,0.04619387982342982,0.006936366047669451
2021-01-01,262.687,270.387,261.582,269.755,212.47,270.499,328.535,146.752,106.147,106.281,0.24499608845809373,1.3738437137002402,3.688562525737704,0.017015547031329348,1.3763703714812836,1.6153018059201774,0.42537834870275404,1.3997697415600863,1.846840410165318,0.19648919495145467,1.4101291709899044,0.6356807164435097,3.3062673214372618,-3.4872153606453793,37.773261163393165,0.15217262521844965,3.6958805173696208,2.2370549961714836,0.09688712041120429,1.5604954758614786,1.3679003230259612,0.02317370738424973,1.6935998004268704,1.7636259472778582,0.42384506948978107,1.5857976839888988,3.8430100692592895,0.36356425171866213,1.6974939477738316,2.966850858699388,1.3997697415600863,1.4101291709899044,0.21490737589342201,0.0217606854062383,0.0042871358660862,0.03526691182967836,-0.031226020537331145
2021-02-01,263.579,270.793,263.014,270.696,219.242,270.73,329.124,146.617,106.5,106.501,0.33956762230333837,1.6698167791706853,4.153451530935426,0.15015514799159302,1.280248344990098,1.2084859759740496,0.5474382793923205,1.6762152173745104,4.350057692917875,0.3488350540305163,1.2826077195923435,1.8277913945757618,3.187273497434928,2.3089773862077223,53.348740685829114,0.08539772790288058,3.5031177480339792,2.4967850168922334,0.17928074634361302,1.4302752378398953,1.6241939286927298,-0.09199193196687272,1.3129072603771386,0.6272041697096942,0.33255767944453396,1.8427318715156016,4.804028379680281,0.20699842869373875,1.7094670091967412,3.437215027941143,1.6762152173745104,1.2826077195923435,0.20717277733327033,0.012211875090111922,-0.017018507413871453,0.06525819166907514,0.07194328562475244
2021-03-01,264.961,271.459,264.877,271.713,229.617,270.971,329.947,146.933,107.054,106.933,0.524320981565296,2.6678187820641908,4.525994159883218,0.2459443190924393,1.6494791315614155,1.6644969185032776,0.7083273133749568,2.619762508959189,6.934902615702554,0.3756982001950515,1.646390734422698,3.746552786562063,4.732213718174427,13.851577491186573,55.35754925646883,0.0890185793964493,3.3297869500722665,1.3141489288873265,0.250057729001818,1.6660504098108042,2.1250893408236493,0.21552753091387267,1.692182049720392,0.5874481716827473,0.5201877934272403,2.669006722866385,5.2272163960066065,0.40562999408455536,2.1991360195733556,3.9749645614657325,2.619762508959189,1.646390734422698,0.30759389168133777,0.01272965685369225,0.03987259321906644,0.09102101335666175,0.07310382645453783
2021-04-01,266.614,273.66,267.054,273.968,227.255,272.018,331.208,149.554,107.618,107.558,0.6238653990587206,4.133077115360573,6.1151713580587685,0.8108038414641028,2.9780316542864504,4.930577144386206,0.8218909154060094,4.15969483870211,8.633788494467986,0.8299198050884637,2.961039351495187,6.395030754735331,-1.0286694800472063,24.46463584283569,30.87699574775622,0.3863882112845829,2.348209212986818,2.2652105820459623,0.3821825929618994,2.1014763048296636,3.2943815105025642,1.7838062246057884,4.429129047349711,7.858907776326318,0.526836923421814,3.6402858298503427,5.659553138977613,0.5844781311662439,3.1306032044336574,4.893443806316067,4.15969483870211,2.961039351495187,-0.06686351620306841,0.05525351421369535,0.33000415155207086,0.13911446383813136,0.16635678565789147
2021-05-01,268.383,275.465,269.195,275.893,229.854,273.181,332.111,151.991,108.175,108.099,0.6635060424433847,4.918257089467626,7.492159709625423,0.6595775780164903,3.7876961101984907,7.081875734845844,0.8017105154762838,4.992706537594471,9.736850479092318,0.7026368042982956,3.7976064620258043,7.903460544547536,1.1436492046379643,27.668295934236852,20.812881502498783,0.42754523597703376,2.137483923070005,3.6707949659531725,0.2726383420690315,2.1964901699525807,3.6799623770517265,1.6295117482648447,6.502652213214111,15.487285555819108,0.5175714099871831,4.07246348925363,6.441058415295697,0.5029844363041214,3.5411199019175887,6.138259861234352,4.992706537594471,3.7976064620258043,0.07433719830146768,0.06113896874471582,0.30145967342899627,0.09924035651312746,0.12732984545507753
2021-06-01,270.654,277.651,271.696,278.218,233.603,275.185,333.835,154.821,108.76,108.603,0.8461787818155431,5.295632620349999,8.875454980187868,0.7935672408473149,4.439362194328367,9.440983776911892,0.929066290235725,5.391451413321335,10.702131429855765,0.8427180102431153,4.474619041539296,9.925696751902645,1.6310353528761645,23.773670880710405,7.126646347615995,0.7335795681251644,2.356713247957032,6.367211273581419,0.5191035527278398,2.58431282169469,4.797454212736096,1.861952352441909,8.580786332459,23.26565550440225,0.5407903859486973,4.306128320705871,6.528349778262865,0.46623928065938625,3.8617128102137466,6.394771030442659,5.391451413321335,4.474619041539296,0.1060172979369507,0.1049018782418985,0.3444611852017532,0.18895369319293367,0.1018447272420071
2021-07-01,271.903,278.648,273.003,279.146,236.488,276.895,335.446,155.288,109.256,109.058,0.4614747980816958,5.245169381309234,8.174325215500255,0.359083885885525,4.210719214328185,7.4925660646443015,0.4810523526293853,5.365475239385398,9.21274642058525,0.3335513877606777,4.2745131731807495,7.7770466805340055,1.2350012628262519,23.192648698206963,17.26884421601649,0.6214001489906806,3.3869257422785015,7.366768431554704,0.4825737265415686,2.8190124720688825,5.217310724630098,0.3016386665891657,8.308979947689643,16.24103101833887,0.4560500183891092,4.473216164011551,6.228614851802883,0.418957119048291,3.92711817566731,5.696168285337877,5.365475239385398,4.2745131731807495,0.08027508208370637,0.08886022130566733,0.05580315331899566,0.17565683646113098,0.060879504912195403
2021-08-01,272.676,278.997,273.567,279.507,240.692,278.084,336.022,155.57,109.674,109.409,0.2842925602144719,5.152015301793966,6.55348179038393,0.1252476242427747,3.9396919775577244,5.228269655894446,0.206591136361145,5.251271554874992,6.656388807785252,0.12932300659869167,4.000282784384357,5.343569231433665,1.777680051419095,24.51282157397301,20.23706292086791,0.4294046479712543,3.6578683495420705,7.37472021813137,0.17171169130052455,2.8275731221425904,4.794335565480834,0.1815980629539915,7.51878140312805,9.756921509932148,0.3825876839715914,4.580909697720981,5.659151179384647,0.32184709053897365,3.9584580447155737,4.9362375647969525,5.251271554874992,4.000282784384357,0.11554920334224117,0.06140486465988936,0.03359564164648843,0.06250305563339094,0.011239794932462022
2021-09-01,273.91,279.698,274.31,279.884,245.302,280.322,337.357,156.259,110.034,109.641,0.4525517463950024,5.351215590949132,4.899580633777045,0.25125718197684943,4.002855729865806,2.981799351716208,0.2715970859058281,5.390348855079163,3.9043146328301415,0.13488034288944295,4.025214269254507,2.4168445103619485,1.9153108537051544,24.705523499656845,21.587993949576713,0.8047927964212276,4.4597807373842,7.678674979457023,0.39729541518116473,3.1537137318334407,4.287302823620087,0.4428874461657184,7.248555230682641,3.7673413142090384,0.3282455276546914,4.737428253233955,4.768519750450229,0.21204836896415724,4.013850678303776,3.8782592029124485,5.390348855079163,4.025214269254507,0.12449520549083504,0.11508536988823553,0.0819341775406579,0.14461553112594397,-0.013578537650670075
2021-10-01,276.55,281.668,276.589,281.617,254.756,282.727,338.948,158.483,110.762,110.188,0.9638202329232071,6.235042390298062,7.013521064560879,0.704331099972122,4.590317334184912,4.406207187773181,0.8308118552003085,6.221868903328898,5.3585872682568425,0.6191850909662566,4.562837877977799,3.588092229300077,3.85402483469357,29.902658161366148,34.66702047133736,0.8579419381996356,5.100239027237197,8.694779375626482,0.471607229137061,3.5205438869223338,4.241783319879944,1.4232780191861139,8.466792597459483,8.487361756718004,0.6616136830434272,5.336135652537788,5.628708728539511,0.498900958583004,4.436672448273571,4.20944563054193,6.221868903328898,4.562837877977799,0.25051161425508206,0.12268569716254787,0.26330643354943106,0.1716650314058902,0.15565145655025592
2021-11-01,278.919,283.406,277.948,282.754,263.798,284.767,340.544,160.247,111.5,110.77,0.8566262881938069,6.901970403700863,9.477466822037094,0.6170384992260303,4.972572143965692,6.4726413880267675,0.4913427504347645,6.809002839806477,6.561268580898316,0.40373983104713407,4.928508607541393,4.728353119217821,3.549278525334043,33.896059730886165,44.29104268961594,0.721544104383387,5.835371247203303,9.965039092772354,0.4708686878223123,3.8874195014658275,5.492620841850759,1.113053135036579,9.46730606333852,12.578698702387436,0.666293494158654,5.93019057933839,6.827911171391143,0.5281881874614314,4.8908669097107005,5.069442641326449,6.809002839806477,4.928508607541393,0.2307031041467128,0.10318080692682434,0.20591482998176713,0.17139620236732167,0.14543134477118103
2021-12-01,280.845,285.18,278.802,283.908,267.899,286.343,341.931,162.481,112.191,111.418,0.6905230550805275,7.174340285065539,10.518564101574146,0.6259571074712644,5.488993530393094,8.073400090567628,0.3072517161483601,7.036402865545144,6.7129139006451455,0.40812862063843713,5.453410888992893,5.876172532813362,1.5545985943790308,30.25672193319395,42.259085820420104,0.5534349134555638,6.018408814904763,8.872338348265064,0.4072895132493981,4.178333236852438,5.534632373376969,1.3940978614264132,10.743739691108111,16.904215151756972,0.6197309417040442,6.141969176624196,8.074808008560574,0.5849959375282099,5.2145501246505965,6.642294793963166,7.036402865545144,5.453410888992893,0.101048908634637,0.07914119262414562,0.25790810436388645,0.14825338282278092,0.10417146663507748
2022-01-01,282.543,286.757,281.148,285.996,270.189,288.549,342.858,164.074,112.805,111.976,0.6046039630400957,7.558805726967832,8.954094897952402,0.5529840802300345,6.05428515424189,7.425175702709352,0.8414573783545265,7.479872468289117,6.757987214840555,0.7354495118136795,6.020648366109982,6.366376614159397,0.8547997566247023,27.16571751306067,26.524016654914107,0.770404724403928,6.672852764705217,8.49485767963072,0.2711073286715715,4.359657266349082,4.694736244015996,0.9804223263027767,11.803587003924987,14.87574202642914,0.547280976192388,6.272433512016362,7.584633100633531,0.5008167441526545,5.35843659732218,6.650426608718973,7.479872468289117,6.020648366109982,0.05556198418060565,0.1101678755897617,0.1813781303660137,0.09868306763645203,0.1588129052672626
2022-02-01,284.5,288.273,283.716,288.059,275.322,291.342,344.705,164.945,113.471,112.468,0.6926379347568234,7.937278766517819,8.247203399019497,0.5286706165847699,6.4551151617656455,7.048283800957744,0.9133979256476854,7.871063897739283,8.56281591277066,0.7213387599826815,6.414206342169804,7.7186160689192596,1.8997812642261414,25.579040512310613,18.652711801095823,0.9679465186155589,7.613489454437983,9.560435256119316,0.5387069865658622,4.7340819873360696,4.977783833311533,0.5308580274753893,12.500596793004902,12.252750142552182,0.5903993617304204,6.545539906103293,7.260559844734127,0.4393798671143756,5.602764293293028,6.274058469312083,7.871063897739283,6.414206342169804,0.12348578217469919,0.1384163521620249,0.09820873508294703,0.19608934310997386,0.13643772222717843
2022-03-01,287.674,289.056,287.504,289.305,303.099,293.893,346.396,164.318,114.469,112.914,1.115641476274165,8.572204966013853,10.086905221050113,0.27161752921707194,6.482378554404167,5.548410022354933,1.3351379548562692,8.542455554842432,13.081621132374565,0.4325502761586941,6.47447858586081,7.823453272365044,10.088914071523526,32.001985915676975,63.85271581689427,0.8756032429241278,8.459207811906055,10.971302996324539,0.4905643956426564,4.985346131348378,5.326479399763762,-0.3801267089029614,11.831923393655618,4.5996491578495835,0.8795198773254853,6.926410970164576,8.372596586987346,0.39655724294911376,5.593221924008485,5.479906672891333,8.542455554842432,6.47447858586081,0.6557794146490292,0.12521126373815028,-0.07032344114704786,0.17856544001392693,0.22640879902010647
2022-04-01,288.561,290.514,289.109,290.846,295.455,296.568,348.23,164.153,114.812,113.307,0.30833512934780316,8.231750770777225,8.795849825636903,0.5044005313849409,6.158737119052837,5.344569185870474,0.5582531025655202,8.258629340882372,11.816643732429677,0.5326558476348442,6.160573497634747,6.957820630572842,-2.5219482743262134,30.010340806582914,42.986396087681136,0.9101952070991848,9.025138042335445,11.58835087737593,0.5294518412452875,5.139368614284678,6.416159554939971,-0.10041504886867392,9.761691429182772,0.19273516800708546,0.2996444452209701,6.684755338326309,7.308896742504545,0.34805250013285605,5.345023150300299,4.84003701593696,8.258629340882372,6.160573497634747,-0.16392663783120387,0.13015791461518342,-0.018576784040704675,0.19272047021328467,0.16796016639124361
2022-05-01,291.298,292.063,292.296,292.506,309.052,299.817,350.204,164.883,115.525,113.703,0.9484996239963239,8.538171195642065,9.905880135219093,0.5331928925972562,6.0254478790408905,5.3635261406322465,1.1023523999598828,8.581511543676523,12.656479545224064,0.5707487811418943,6.021537335126292,6.319596797869753,4.60205445837778,34.45578497655033,58.76785263482829,1.0955328963340616,9.750312064162593,12.153447524818084,0.5668667260144034,5.447877366302234,6.535433440299077,0.4447070720608348,8.48208117585909,-0.15026839650090773,0.6210152248893985,6.794545874740021,7.43959926392459,0.3494929704254801,5.184136763522318,4.465239694429313,8.581511543676523,6.021537335126292,0.2991335397945557,0.15666120417577079,0.08227080833125444,0.2063394882692428,0.20409458342550013
2022-06-01,294.957,294.05,296.311,294.68,330.456,302.774,352.616,165.765,116.638,114.376,1.2561019986405686,8.979361103105798,10.517838218215703,0.6803326679517774,5.906335651591377,7.091938703097722,1.3736075758819855,9.059757964784154,12.827647045916034,0.7432326174505954,5.91694282900459,7.641288207530628,6.925695352238459,41.460512065341625,41.29166810537761,0.9862682903237552,10.025619128949614,12.646407369570545,0.6887414192870311,5.625833121152657,7.378315050557349,0.5349247648332334,7.068808494971601,3.56924034684456,0.9634278294741394,7.243471864656126,7.797503051631072,0.59189291399524,5.31569109508947,5.280622972602811,9.059757964784154,5.91694282900459,0.45017019789549984,0.14103636551629697,0.09896108149414817,0.2507018766204793,0.31523247711414437
2022-07-01,294.913,295.088,296.276,295.646,314.345,305.962,354.68,165.911,116.631,114.628,-0.014917428642136077,8.462576727730099,9.100095485990977,0.35300119027377175,5.899916740834321,6.44810422787534,-0.011811913833770227,8.52481474562552,10.29084001360645,0.32781322112120925,5.91088534315376,6.766657999637804,-4.875384317428033,32.92217786949021,28.132957785015034,1.0529305686749924,10.497480994600838,13.28510486306389,0.5853392926015832,5.733858802907177,7.6172940324091165,0.08807649383164584,6.84083766936272,4.353117344138968,-0.006001474648065219,6.7502013619389345,6.489519620581041,0.22032594250540605,5.107374057840786,4.7456258690920405,8.52481474562552,5.91088534315376,-0.31689998063282215,0.15056907132052388,0.01629415135885448,0.21306350250697628,-0.07794417319566857
2022-08-01,295.097,296.535,296.171,297.178,298.331,308.475,357.048,166.337,116.956,115.276,0.062391281496565476,8.222579178218826,5.319591579986005,0.4903621970395289,6.286089097732228,6.266817492978993,-0.03543992763505033,8.262692503116241,5.409229328435039,0.5181872915581476,6.3222030217489955,6.543634235281548,-5.094402646773455,23.947202233559906,-13.170499688922476,0.8213438270112006,10.928712187684297,12.061098290573803,0.6676440735310596,6.257328389212624,8.049312999013258,0.2567641687410749,6.921000192839233,3.574282835574194,0.27865661788033513,6.6396775899483895,5.047595898668056,0.5653069058170646,5.362447330658338,5.64961028398423,8.262692503116241,6.3222030217489955,-0.33113617204027457,0.11745216726260167,0.04750137121709885,0.24302244276530569,-0.014448527708166153
2022-09-01,296.349,298.226,296.808,298.442,294.103,310.453,359.601,166.6,117.371,115.788,0.42426727482827165,8.192106896425821,1.9011381380845682,0.5702530898544778,6.624287624509306,5.802828736380783,0.21507845130008807,8.20166964383362,0.6726065786428759,0.4253343114227981,6.630604107415916,5.205179629271051,-1.417217788295555,19.89425279859114,-37.26018241850102,0.6412188994245671,10.748710411598083,10.537370697091086,0.7150299119446091,6.59360855117872,8.162198159043887,0.15811274701360567,6.617858811332478,2.0301761443793698,0.35483429665856825,6.667939000672507,2.5375561775885735,0.4441514278774372,5.606479327988612,5.030296894071218,8.20166964383362,6.630604107415916,-0.09211915623921108,0.0916943026177131,0.02925085819751705,0.2602708879478377,0.13517038230441486
2022-10-01,298.007,299.399,298.012,299.315,299.945,312.594,362.353,166.614,117.919,116.204,0.5594754832984217,7.758813957693,4.262994488169758,0.3933258669599482,6.294999786983246,5.972989551867647,0.4056494434112379,7.7454273308049215,2.364440683468705,0.2925191494494772,6.284421750107416,5.0572182555707945,1.9863789216702843,17.738149444959106,-17.102720198884004,0.6896374008304118,10.563900865499232,8.95636018985837,0.7652926437913266,6.905188996542244,8.938313101272598,0.008403361344533344,5.130518730715594,1.7056874457985982,0.4668955704560718,6.461602354598139,4.491064351195728,0.3592772998929128,5.459759683450094,5.613990129134572,7.7454273308049215,6.284421750107416,0.12911462990856848,0.09861814831874888,0.0015546218487386687,0.27856652234004287,0.051621560882322726
2022-11-01,298.786,300.325,297.711,299.6,298.107,314.179,364.695,166.214,118.224,116.539,0.2614032556282231,7.122856456533988,5.094938191632159,0.30928627016122423,5.969880665899807,5.2112307888780185,-0.10100264418881899,7.110322794191726,2.0961579562907673,0.09521741309324039,5.957829066962805,3.3000695131236712,-0.6127790094850649,13.005784729224645,-0.2999994539254258,0.5070474801179836,10.328443955935906,7.604075516895015,0.6463310639072795,7.091888272881031,8.84608620574696,-0.2400758639730216,3.7236266513569483,-0.2954571415483831,0.25865212561164697,6.030493273542614,4.407710012096477,0.2882861175174778,5.20808883271644,4.4550774239978885,7.110322794191726,5.957829066962805,-0.03983063561652922,0.07250778965687166,-0.044414034835009,0.2352645072622497,0.03787562916063994
2022-12-01,298.832,301.394,296.797,300.113,286.33,315.367,367.466,165.939,118.384,116.952,0.01539563433359259,6.404600402357152,3.3938105412830266,0.35594772329976543,5.685531944736666,4.317313799240385,-0.30700914645410693,6.4544013314108195,-0.014823574174072096,0.17122830440585712,5.70783493244289,2.2585112649448957,-3.9505949206157687,6.879831578318685,-10.160030698552658,0.37812839177666646,10.136095521804279,6.48331023001012,0.759812994420006,7.467880946740735,9.03980964024984,-0.1654493604630214,2.128248841402991,-1.5776147237183458,0.13533631073217034,5.520050627946982,3.4972524689051543,0.35438780150851557,4.9668814733705435,4.082185423604923,6.4544013314108195,5.70783493244289,-0.25678866984002496,0.0540723600240633,-0.030608131685658957,0.2765719299688822,-0.027851854133668974
2023-01-01,300.42,302.642,299.17,301.962,292.615,316.859,369.911,166.187,119.018,117.505,0.5314022594635093,6.327178517960097,3.2784009363718836,0.4140759271916483,5.539533472591773,4.403584941649807,0.7995363834540026,6.410146968856267,1.5633827479201834,0.6161012685221845,5.5825955607770705,3.584612457546843,2.195019732476533,8.300115844834544,-9.42260350470473,0.4730995950749328,9.81115859004884,5.570271325973319,0.6653676802751862,7.890438607236816,8.607930685657038,0.1494525096571664,1.287833538525307,-1.0211898712691792,0.5355453439654045,5.507734586232882,3.7804242990522763,0.4728435597510128,4.937665213974429,4.554102064361221,6.410146968856267,5.5825955607770705,0.14267628261097465,0.06765324209571538,0.027648714286575782,0.24219383562016777,0.05123018485007569
2023-02-01,301.45,304.123,300.84,304.011,288.702,318.025,372.636,166.408,119.369,117.929,0.3428533386591992,5.957820738137087,3.6144142068336604,0.4893570621394172,5.498260329618088,5.15528883780183,0.5582110505732318,6.035613077866597,4.270821219630605,0.6785622031911354,5.537754418365681,6.020526253271474,-1.3372520205731098,4.859764203369155,-12.034885200551948,0.3679870226188875,9.158652030946435,4.9872192631379875,0.7366636839672314,8.10287057048782,8.998369361451575,0.13298272428046154,0.8869623207735877,0.4676860212507128,0.2949133744475585,5.197803844154003,3.9306457433211373,0.3608357091187564,4.855603371625716,4.856972625189981,6.035613077866597,5.537754418365681,-0.08692138133725213,0.05262214423450091,0.024601803991885385,0.2681455809640722,0.08440519080599285
2023-03-01,301.821,305.147,301.836,305.476,282.868,318.05,374.678,166.755,119.538,118.315,0.12307181953890023,4.917719362889961,4.061338793874492,0.3367058722950844,5.566741392671326,5.074663799127843,0.33107299561230263,4.984974122099173,6.966089785798202,0.48189045791104945,5.5896026684640665,7.3418678162346485,-2.0207688204446073,-6.6747168416919855,-4.749367947292582,0.007861017215637922,8.219658174914013,3.446693195599493,0.5479878487317347,8.164643933532712,8.084676141830371,0.20852362867169738,1.4830998429873787,1.9815443970320645,0.14157779658034997,4.428273156924578,3.956560363674,0.3273155881929002,4.783286394955444,4.743870969448372,4.984974122099173,5.5896026684640665,-0.13134997332889947,0.0011241254618362228,0.038576871304264015,0.1994675769383514,0.01525321916334807
2023-04-01,302.845,306.534,303.363,306.899,280.86,318.755,376.404,167.495,119.951,118.734,0.3392739405144063,4.950079879124369,3.268118426839739,0.4545350273802429,5.514364195873522,5.244114003140954,0.5059038683258521,4.930320398188925,5.7251417655280745,0.46583037619976064,5.519415773295822,6.702039486196187,-0.7098717422967527,-4.939838554094522,-15.126282359778553,0.22166326049362084,7.481252191740184,2.415062507582233,0.46066222196126105,8.09062975619561,7.208183026360082,0.44376480465353474,2.035905527160642,3.1856243990749045,0.3454968294600791,4.476012960317743,3.1727245905595725,0.3541393737057863,4.789642299240104,4.249746652698083,4.930320398188925,5.519415773295822,-0.04614166324928892,0.031697846250587774,0.08209648886090393,0.16768104879389903,0.10394021985830448
2023-05-01,303.334,307.652,304.127,308.096,274.273,319.587,378.304,168.261,120.15,119.083,0.1614687381333635,4.131851231385042,2.5234508116479315,0.3647229997324919,5.337547036084689,4.722959561851758,0.25184350102023245,4.047609272791974,4.442580078556602,0.39003059638513804,5.329805200577087,5.484111219734578,-2.3452965890479183,-11.253446022028657,-18.542128549357194,0.26101551348214347,6.594022353635709,1.9791469482205226,0.5047767823933791,8.023894644264473,6.224451175502366,0.4573270843905686,2.0487254598715365,4.529063308574677,0.16590107627281192,4.003462454014284,2.6428915511854445,0.29393434062694457,4.731625374880166,3.9720494842716114,4.047609272791974,5.329805200577087,-0.1524442782881147,0.03732521842794651,0.08460551061225519,0.18373874879118998,0.008243538590086502
2023-06-01,304.014,308.322,305.109,308.91,275.712,319.942,380.155,168.061,120.469,119.39,0.224175331482801,3.070617072997095,2.9381880661957682,0.2177785289873002,4.853596327155252,4.227336440383245,0.3228914236486524,2.9691776545588855,4.408516853940503,0.2642033651848896,4.828967015067187,4.572981184131897,0.5246597368315342,-16.566199433510064,-9.741648921008961,0.11108086373976533,5.670235885511965,2.400816986038401,0.48928903738791885,7.809912199106117,5.976617631627978,-0.11886295695376914,1.385093355050837,3.1697348961506,0.26550145651267343,3.284521339529123,3.1519114224845435,0.2578033808352087,4.383786808421353,3.6841989078399306,2.9691776545588855,4.828967015067187,0.034102882894049724,0.01588456351478644,-0.02198964703644729,0.17810120960920245,0.018076322501209663
2023-07-01,304.609,308.96,305.691,309.402,275.548,320.719,381.895,167.462,120.607,119.556,0.1957146710348745,3.287749268428297,2.3503406108246416,0.20692652486684615,4.700970557935236,3.203497646868536,0.19075150192227053,3.177780177942169,3.1051049448749035,0.15926969020101378,4.652861868586067,3.3024385194013073,-0.059482358402962454,-12.342171817588966,-7.353399871604605,0.242856517743828,4.823147972624042,2.48746074204238,0.45770804014151345,7.673113792714559,5.964152637632725,-0.3564182052945175,0.9348385580220553,-0.07878503537657178,0.11455229146086765,3.40904219289897,2.2055707562075977,0.13904012061312088,4.299124123250864,2.7981052480172686,3.177780177942169,4.652861868586067,-0.0038663532961925595,0.0347284820373674,-0.06593736797948574,0.16660572661151088,0.06418418366167453
2023-08-01,306.082,309.58,307.026,310.103,287.31,321.524,382.947,167.037,120.97,119.689,0.4835707415079771,3.722504803505289,3.6732691525900307,0.20067322630761275,4.399143440066089,2.5303908094295835,0.4367155068353501,3.6651123843995492,3.8677458030735634,0.22656608554567637,4.349245233496424,2.6312530051206373,4.268584783776319,-3.694218837465768,20.412269266879623,0.2509985376606849,4.230164519004775,2.4465092089167584,0.2754683879076847,7.2536465685286045,5.000399907868158,-0.25378891927719804,0.42083240650006015,-2.8781686320992983,0.30097755519995495,3.43205991996991,2.757995059285512,0.11124493960987802,3.8282036156702226,2.051145880519978,3.6651123843995492,4.349245233496424,0.27745801094546074,0.03589279088547794,-0.04695095006628164,0.10027049319839722,0.11690039654492285
2023-09-01,307.276,310.539,307.789,310.817,292.623,321.945,385.285,166.558,121.419,120.058,0.3900915440960384,3.687206638119256,4.361479819440595,0.3097745332385715,4.128747996485882,2.9073850793267075,0.24851315523766182,3.69969812134443,3.5600626487923837,0.2302460795284178,4.146534334979668,2.492287808018845,1.8492220946016547,-0.5032250606080257,26.885255718639645,0.13093890347222192,3.7016875340228683,2.527818579446084,0.6105283498760938,7.142360560732608,5.508045377253756,-0.28676281302946194,-0.025210084033611135,-3.529569714738956,0.3711664048937635,3.4488928270185903,3.19184694643484,0.3082990082631021,3.687774208035388,2.256896690964294,3.69969812134443,4.146534334979668,0.12019943614910755,0.018724263196527733,-0.05305112041045046,0.22223231935489815,0.08198664580595544
2023-10-01,307.696,311.457,307.671,311.38,286.765,322.992,386.771,166.697,121.484,120.241,0.13668493471667986,3.2512659098611785,4.115761178895805,0.29561504352111356,4.027401561127464,3.2721833001305045,-0.03833795229848391,3.241144651893202,2.61613233568867,0.18113552347522877,4.030870487613392,2.5818177444089763,-2.00189322097033,-4.3941389254696706,17.304729868934988,0.32521082793646183,3.326359431083148,2.865160072338324,0.3856885162931256,6.738732672283665,5.205809863887256,0.08345441227681771,0.049815741774406064,-1.8147972340214036,0.05353363147448942,3.0232617305099296,2.9404999111060093,0.15242632727514582,3.4740628549791763,2.311584910261111,3.241144651893202,4.030870487613392,-0.13012305936307145,0.046505148394914035,0.015439066271211277,0.1403906199306977,0.06447315948292828
2023-11-01,308.148,312.392,307.051,311.606,282.146,323.41,388.525,166.254,121.493,120.374,0.14689823722116024,3.1333462745911866,2.7273893850826347,0.30020195404181216,4.017980521102138,3.6831136165865974,-0.20151395484137025,3.1372707088417773,0.0325745098500585,0.07258012717579199,4.007343124165552,1.9528510310815816,-1.6107265531009607,-5.354117816757076,-6.997928507784246,0.12941497003022828,2.938133993678771,2.36705113920308,0.45349832329724116,6.5342272309738325,5.954935145611251,-0.26575163320275985,0.024065361521885542,-1.8618907605294832,0.007408382996931806,2.7650899986466193,1.7406017445509514,0.11061118919502011,3.2907438711504255,2.308994216529414,3.1372707088417773,4.007343124165552,-0.10469722595156244,0.018506340714322642,-0.04916405214251057,0.16507338968019578,0.11717978492071485
2023-12-01,308.741,313.195,306.746,311.907,280.763,323.891,390.139,166.117,121.66,120.592,0.1924399963653789,3.3159099427102934,1.9207622630458943,0.25704883607775564,3.9154727698627045,3.4652901491389665,-0.09933203278934544,3.3521228314302265,-1.3485996822100388,0.09659634281753426,3.9298530886699323,1.4101508946886554,-0.49017175504881827,-1.944260119442609,-15.252740459444269,0.1487276212856825,2.7028826732029776,2.439814419813646,0.4154172833151115,6.170094648212343,5.135421614077473,-0.08240403238418681,0.10726833354424148,-1.0548916740234726,0.13745647897409619,2.7672658467360334,0.7963118710192063,0.18110223137888237,3.1123879882344996,1.7910453416924543,3.3521228314302265,3.9298530886699323,-0.03186116407817319,0.021268049843852596,-0.01524474599107456,0.15121189112670058,0.06706596546407345
2024-01-01,309.698,314.319,308.417,313.623,279.953,324.873,392.322,165.637,122.23,121.217,0.30996854969052023,3.0883429864855705,2.6280792400442676,0.3588818467727739,3.8583540949372663,3.726602252863942,0.5447503797930464,3.0908847812280538,0.9734002772996186,0.5501639911896783,3.861744192977934,2.912650130084904,-0.2884995530037848,-4.327187601455851,-9.16861699769742,0.30318841832590593,2.5292006854783944,2.349897684810265,0.5595441624651754,6.05848433812457,5.8656422521004,-0.2889529668847812,-0.3309524812410203,-2.519378832153063,0.4685188229492043,2.6987514493606035,2.479008417661843,0.5182765025872449,3.159014510020852,3.2865587269849117,3.0908847812280538,3.861744192977934,-0.018752470945246014,0.043355943820604544,-0.05345629887368453,0.20367407513732383,0.1351473005515224
2024-02-01,310.967,315.564,310.326,315.419,283.331,325.168,394.078,165.903,122.598,121.537,0.40975401843086345,3.157074141648697,3.7098013040746336,0.39609441363710474,3.7619647313751337,4.123844617339589,0.6189671775550742,3.1531711208615976,4.335136765301106,0.5726620815437622,3.752495797849398,4.985218455567386,1.2066311130797036,-1.8603958406938625,1.6905947158181833,0.09080471445765959,2.246049838849151,2.192123045669825,0.4475915192112545,5.754140770081251,5.840744265842801,0.16059213822998686,-0.30347098697177666,-0.8418203530846213,0.30107174997955344,2.705057426970159,3.6880046327483873,0.26398937442768666,3.059467984974007,3.9209909302108548,3.1531711208615976,3.752495797849398,0.07843102235018073,0.012985074167445319,0.02970954557254757,0.16292331299289664,0.1257050633477932
2024-03-01,312.345,316.792,312.332,317.088,288.688,325.24,395.827,165.775,123.038,122.009,0.4431338373525273,3.4868349120836584,4.751682384185307,0.3891445158509699,3.8161935067360986,4.673691934009683,0.6464169937420605,3.4773850700380304,7.485602694403126,0.529137433065241,3.801280624337111,6.81167870129864,1.8907214530001992,2.057496782951773,11.777767156279072,0.022142400236191406,2.260650841062728,1.6764297439393783,0.4438207664472671,5.644580146152167,5.960547444892872,-0.07715351741679477,-0.5876885250816977,-0.8209762749084248,0.3588965562244084,2.9279392327126175,4.60821788520589,0.3883591005208187,3.122173857921662,4.783639451926236,3.4773850700380304,3.801280624337111,0.12289689444501295,0.0031663632337753708,-0.014273400722107032,0.1615507589868052,0.16979322140904085
2024-04-01,313.023,317.649,313.548,317.978,287.611,325.894,397.196,165.598,123.341,122.304,0.21706766556210955,3.3607951262196734,4.364163046261771,0.27052450819466944,3.6260251717590952,4.305553834951281,0.3893293034335388,3.357363950119163,6.822541399056026,0.28067918054293095,3.6099824372187728,5.671208557748453,-0.3730671174416611,2.403688670511994,11.39904435628365,0.20108227770261333,2.2396511427271726,1.2630452383609159,0.34585816530960933,5.523852031328058,5.062762302554624,-0.10677122605941003,-1.132571121526016,-0.09414859739215187,0.24626538142686893,2.826154012888593,3.685640244714694,0.2417854420575516,3.006720905553606,3.6354931533267854,3.357363950119163,3.6099824372187728,-0.02424936263370797,0.028754765711473704,-0.019752676820990855,0.1258923721726978,0.10642256713263687
2024-05-01,313.175,318.095,314.069,318.629,284.165,326.385,398.689,165.375,123.348,122.383,0.04855873210594108,3.244278584003113,2.870565875872777,0.14040654936740005,3.394419668976645,3.2470284319256804,0.1661627565795465,3.2690290569400204,4.912595810589315,0.20473114492198796,3.418739613626931,4.133340437097277,-1.198146107068221,3.6066255154535876,1.1826303752672462,0.15066248534798543,2.1271203146560946,1.5054978680576037,0.37588495352420814,5.388523515479626,4.763078597912895,-0.13466346211911118,-1.7151924688430409,-1.2669686222771648,0.005675322885334566,2.6616729088639213,2.469568379871867,0.06459314495028678,2.7711764063720334,2.8135444280463773,3.2690290569400204,3.418739613626931,-0.07787949695943436,0.021544735404761914,-0.024912740492035568,0.13682212308281175,-0.007015888930162653
2024-06-01,313.044,318.39,314.175,319.003,278.284,327.042,399.699,165.079,123.539,122.677,-0.041829647960411886,2.9702579486470926,0.8981734317599965,0.09273959037392476,3.2654173234475614,2.0330462208679068,0.03375054526233434,2.971397107263307,2.381282675090124,0.11737789090131567,3.267294681298738,2.4377055405828685,-2.0695722555557627,0.93285747446612,-13.654835413893307,0.20129601544187636,2.219152221340104,2.234696137625347,0.2533302900255663,5.141060883060877,3.9706089435135095,-0.17898715041572144,-1.7743557398801624,-1.6688380310252104,0.15484645069234748,2.548373440470164,1.6387404141785744,0.2402294436318897,2.7531619063573265,2.2080535276007174,2.971397107263307,3.267294681298738,-0.13452219661112458,0.02878533020818832,-0.03311262282690847,0.09221222556930612,0.004807615700126708
2024-07-01,313.569,318.94,314.54,319.214,278.287,327.74,401.139,164.669,123.736,122.911,0.16770805381991494,2.9414757935583014,0.6995399416526604,0.17274411884795615,3.2301916105644812,1.6356314502684377,0.11617728972705965,2.8947531984913066,1.2715343829155845,0.06614357858703013,3.171278789406662,1.5639136103177353,0.0010780353883133031,0.9940191908487828,-12.350446581441588,0.21342824469030575,2.189143767597179,2.285091580410481,0.36027110400576046,5.0390814229042125,4.030356099049204,-0.24836593388619654,-1.6678410624499707,-2.2251759115410885,0.1594638130469006,2.594376777467322,1.2871682174614207,0.19074480138900896,2.8062163337682744,2.0000452008759773,2.8947531984913066,3.171278789406662,7.00723002403647e-05,0.030520238990713718,-0.04594769776894636,0.1311386818580968,0.05192675843981043
2024-08-01,314.062,319.75,314.796,320.017,275.706,328.154,402.895,164.399,123.889,123.128,0.1572221743858515,2.607144490692037,1.1377350962952892,0.25396626324700744,3.2850959364300047,2.097437468906649,0.08138869460163622,2.5307302964569622,0.9291310674175657,0.25155538290926316,3.197002286337125,1.7538841723401477,-0.9274597807299556,-4.038843061501507,-11.38596205979281,0.1263196436199321,2.0620544656075435,2.185681268932682,0.43775349691752563,5.209075929567275,4.287077508281212,-0.16396528794127008,-1.5792908158072771,-2.339879181987814,0.12365035236308053,2.412994957427461,1.7659617634201208,0.17655051215921258,2.873279917118543,2.4573032897354796,2.5307302964569622,3.197002286337125,-0.060284885747447114,0.018063709037650286,-0.030333578269134964,0.15934227287797934,0.07043465648680397
2024-09-01,314.732,320.732,315.301,321.109,272.681,329.109,403.956,164.634,124.164,123.466,0.2133336729690294,2.4264830315416708,2.174393670283825,0.30711493354182995,3.2823574494668994,2.9749272681080408,0.16042135224081377,2.440633031069983,1.4413213466468067,0.34123187205679084,3.3112731929077155,2.6669932069386393,-1.097183231413179,-6.814912019902741,-7.81366203832774,0.29102189825507274,2.225224805479198,2.552184435551652,0.2633440474565374,4.846023073828465,4.328750417089622,0.1429449084240142,-1.1551531598602338,-1.073919434301418,0.22197289509158225,2.260766436883843,2.0390611949799187,0.2745110779026616,2.838627996468368,2.5975346545557665,2.440633031069983,3.3112731929077155,-0.07131691004185664,0.0416161314504754,0.026444808058442626,0.09585723327417961,0.12073241022778838
2024-10-01,315.631,321.731,315.664,321.758,273.003,329.851,405.721,164.698,124.494,123.832,0.2856398459641696,2.578844053871343,2.6564215050467688,0.3114750009353573,3.298689706765301,3.5465600807173647,0.11512808395786056,2.597904904914672,1.4370690410003384,0.20211205540798804,3.332905131993069,3.226141461345655,0.1180867020437848,-4.799051488152317,-7.381444820072824,0.22545721934070784,2.1235820082231127,2.601432117263758,0.4369287744209638,4.89954003790356,4.647871387591329,0.038874108628861315,-1.199181748921696,0.0704629571372406,0.26577752005412236,2.4776925356425616,2.4729866467058326,0.29643788573372465,2.9865021082658982,3.031148399825523,2.597904904914672,3.332905131993069,0.007675635632846012,0.032240382365721215,0.007191710096339343,0.1590420738892308,0.0794900439800322
2024-11-01,316.528,322.657,315.493,321.947,273.281,330.937,407.114,165.018,124.637,123.962,0.28419261732848256,2.719472461284833,3.177967036508167,0.28781808405158316,3.2859356193500444,3.6864853325343283,-0.05417152415225779,2.7493803960905616,0.8885987041760135,0.058739798233453655,3.318613890618294,2.4342829852513237,0.10183038281630363,-3.141990317069887,-3.472094466912967,0.32923956574333335,2.3273862898487874,3.435708331780374,0.3433393883974345,4.784505501576475,4.254938955233634,0.19429501268988236,-0.7434407593200687,1.5146194309852756,0.11486497341237634,2.5878034125423,2.437025291610495,0.10498094192132879,2.980710120125618,2.7370278100660395,2.7493803960905616,3.318613890618294,0.006618974883059736,0.047081257901296664,0.03594457734762824,0.12497553737666615,0.06957226981983178
2024-12-01,317.604,323.259,315.605,322.007,279.829,331.65,408.165,165.006,124.979,124.196,0.3399383308901438,2.870690967509981,3.700356063169985,0.18657583749928097,3.2133335461932644,3.1889826581728897,0.035499995245547034,2.888057219980067,0.3862213424523864,0.018636607888877776,3.2381447033891675,1.123324468387188,2.396068515557248,-0.3326649166734863,10.905062230031625,0.21544886186795065,2.395558999786962,3.124289850144635,0.2581586484375453,4.620404522490706,4.233373286283015,-0.007271933970842692,-0.6688057212687393,0.9068910030175292,0.2743968484478998,2.7280946901200087,2.651523915721321,0.1887675255320076,2.9885896245190446,2.386081380590732,2.888057219980067,3.2381447033891675,0.15574445351122113,0.03080918724711694,-0.001345307784605898,0.0939697480312665,0.06076024988514511
2025-01-01,318.961,324.638,317.671,323.842,282.272,332.626,409.579,165.508,125.417,124.587,0.42726162139017365,2.9909783078999608,4.287373998915989,0.4265929177532435,3.282970485398584,3.663479311476725,0.6546157380269646,3.0004831121501097,2.567568172449186,0.5698633880629966,3.2583707189842492,2.616046109460557,0.8730331738311614,0.8283533307376745,14.288234443628678,0.29428614503241857,2.3864710209835716,3.4078604834459902,0.34642852767874377,4.398682714708846,3.8581963886859194,0.30423136128383543,-0.07788114974310867,1.9817972251523486,0.35045887709135304,2.6073795303935166,2.9987486259927643,0.3148249541047976,2.7801380994415092,2.461182657318073,3.0004831121501097,3.2583707189842492,0.05674715629902549,0.04208291873963585,0.056282801837509555,0.12609998407506273,0.14604876043894
2025-02-01,319.679,325.465,319.082,325.252,282.096,333.302,410.793,165.832,125.921,125.145,0.22510589068882592,2.8015834477613355,4.041809643111183,0.2547452855180321,3.13755688228059,3.5268028590894174,0.4441702264292413,2.82154895174751,4.62857514256263,0.43539750866163907,3.117440610743172,4.169930107805242,-0.06235120734610078,-0.4358859425901196,13.54027965194704,0.203231256726788,2.5014761600157476,2.8893387735970277,0.29640191513724545,4.241546089860382,3.664006242541751,0.19576092998525585,-0.042796091692132165,1.9877656352800255,0.4018593970514406,2.7104846734857135,4.1848828611634525,0.44787979484215423,2.9686432938117457,3.8722914735075387,2.82154895174751,3.117440610743172,-0.004052828477496551,0.02906206971193068,0.03621577204727233,0.10789029710995734,0.05599058029716211
2025-03-01,319.785,325.69,319.799,325.933,278.906,334.527,411.639,165.719,125.941,125.267,0.03315826188146076,2.381981462805549,2.775240302020454,0.06913185749619633,2.808783050077035,3.0422174966255877,0.22470712857509678,2.3907252538964974,5.422401661780318,0.20937611452043203,2.7894464628115845,4.966830822333135,-1.1308207135159676,-3.3884331873856866,-1.312863698049671,0.36753454824751675,2.8554298364284803,3.5153361716697695,0.2059431392453126,3.99467444110686,3.4482176506597018,-0.06814125138694394,-0.033780726888865686,1.7396572136438415,0.015882974245751136,2.3594336708984365,3.1146490228744383,0.09748691517839081,2.670294814316976,3.494262018327654,2.3907252538964974,2.7894464628115845,-0.07350334637853789,0.05255744039939489,-0.012606131506584628,0.07496330268529379,-0.008253003318105398
2025-04-01,320.302,326.467,320.795,326.815,277.343,334.68,413.04,165.87,126.15,125.502,0.16167112278562268,2.32538823025783,1.6923456209746446,0.23857041972428217,2.7760200724699313,2.2727036606615902,0.31144562678433463,2.3112888616734883,3.99203620180959,0.2706077629451409,2.779123083986934,3.7230391921226236,-0.5604038636673248,-3.5700998918678284,-6.803922402498586,0.04573621860120003,2.695968627836054,2.4930149031556326,0.3403467601466259,3.988962628022441,3.4231408910351924,0.09111809750239619,0.16425319146367023,0.8777566891452704,0.16595072295757518,2.2774259978433964,2.358375994688422,0.1875992879210031,2.614795918367352,2.970227867869557,2.3112888616734883,2.779123083986934,-0.03642625113837611,0.006540279259971604,0.016856848037943295,0.12388622069337182,0.05081402593271206
2025-05-01,320.62,326.893,321.465,327.509,275.377,335.571,414.109,165.807,126.38,125.79,0.09928130327003792,2.3772651073680873,1.1826401101946882,0.13048792067804627,2.7658403935930886,1.766611699669407,0.2088561230692454,2.354896535474671,3.020952104347452,0.212352554197337,2.7869402973363933,2.8047196011232733,-0.7088695225767383,-3.0925694578853857,-9.192243722927461,0.26622445320905186,2.8144675766349714,2.7509887559905577,0.2588127057912004,3.867676309103074,3.268183820989967,-0.03798155181770069,0.2612244897959082,-0.06028835750971906,0.18232263178754593,2.4580860654408676,1.466048665411246,0.22947841468663466,2.783883382495933,2.0776017306562977,2.354896535474671,2.7869402973363933,-0.04607651896748799,0.038070096808894414,-0.007026587086274627,0.09420782490799695,0.020106487606909168
2025-06-01,321.435,327.658,322.561,328.364,276.558,336.527,414.981,166.114,126.743,126.121,0.2541949971929469,2.680453865910226,2.079915296681878,0.23402152998077685,2.910895442696071,2.43901819502772,0.34093913800881115,2.669213018222316,3.4996835043582752,0.26106152808014205,2.9344551618636805,3.0169798474726894,0.428866608322398,-0.6202296934067375,-3.3251571864827856,0.28488754987765486,2.900239113019132,2.4129680007188847,0.21057257871719415,3.823377091261171,3.28726879429162,0.18515502964291386,0.6269725404200344,0.9568353672005481,0.28722899192910045,2.5935129797068024,2.571659276360072,0.26313697432227556,2.8073722050588,2.7549886160513237,2.669213018222316,2.9344551618636805,0.02787632954095587,0.040738919632504644,0.034253680483939064,0.07664841865305867,0.07467764888248868
2025-07-01,322.169,328.682,323.048,328.98,274.85,336.941,415.931,166.468,126.96,126.43,0.22835098853577485,2.742618052167134,2.3520143949639083,0.3125209822436803,3.0544930080893096,2.7416486181804034,0.15097919463296083,2.7049023971513986,2.8390045360457083,0.18759669147654368,3.059389625768305,2.6762643950003495,-0.6175919698580334,-1.2350558955322888,-3.547357754300473,0.12302133261223869,2.8074083114663972,2.729790062704174,0.22892614360656705,3.6874998441936535,2.829260545884038,0.21310666169016557,1.0924946407641967,1.4499105893688746,0.1712126113473822,2.605547294239341,2.5932140322159514,0.24500281475725583,2.86304724556794,2.9906892470471735,2.7049023971513986,3.059389625768305,-0.040143478040772174,0.01759205056355013,0.03942473241268063,0.0833291162727904,0.12814856732752586
2025-08-01,323.291,329.7,323.976,329.97,276.734,338.39,417.555,166.838,127.293,126.714,0.3482644202266627,2.9385917430316155,3.3741661070110673,0.3097218588179462,3.111806098514469,3.479257852621842,0.2872638121889093,2.9161742842984006,3.1612450099104406,0.3009301477293391,3.1101472734261115,3.039767761044909,0.685464798981239,0.37286094608022236,1.9857337528215169,0.4300456162948496,3.119267173339346,3.4028224378376715,0.39044937742078734,3.6386651608980136,3.3703714286089426,0.2222649398082588,1.4835856665794678,2.510524102384637,0.26228733459359166,2.7476208541517,2.921162645628228,0.2246302301668779,2.912416347215907,2.970763706349566,2.9161742842984006,3.1101472734261115,0.044555211933780536,0.06149652313016349,0.041119013864527876,0.14212357338116657,0.05897009791702423
2025-09-01,324.245,330.418,324.8,330.804,280.7,339.145,418.422,167.17,127.625,126.954,0.2950901819104068,3.0225715847133294,3.5429408107802596,0.2177737336973129,3.0199668258857892,3.412178786546005,0.2543398276415587,3.0126767755256134,2.8055722781052284,0.25275025002271523,3.0192240018186878,3.005605518357024,1.433145186352247,2.940798955556123,6.126721286556358,0.2231153402878272,3.049445624397995,3.148286715238746,0.20763731723965062,3.581083088257131,3.358260700948801,0.1989954326951926,1.5403865544176831,2.567182436714699,0.2608155986582039,2.7874424148706556,2.812777026660762,0.18940290733462373,2.825069249833967,2.6681965924572726,3.0126767755256134,3.0192240018186878,0.09315443711289606,0.03190549366115929,0.03681415504861063,0.07557998347523283,0.057636112612508006
2025-10-01,,,,,,,,,127.871,127.243,,,,,,,,,,,,,,,,,,,,,,,,,0.19275220372183544,2.7125805259691216,2.9012359615501415,0.22764150794776228,2.75453840687383,2.5970911602639424,,,,,,,
2025-11-01,325.063,331.043,324.122,330.425,284.648,339.478,419.431,167.272,128.152,127.469,,2.6964439164939513,2.2105436307410242,,2.5990448060944082,1.6393426399280875,,2.735084455122627,0.18038215441837924,,2.633352694698199,0.5527071839482867,,4.159454920027383,11.939268508138824,,2.580853757663837,1.2923059235639522,,3.0254425050477263,1.8092761045392258,,1.3659115975226843,1.0445975182218126,0.21975271953764697,2.8201898312699925,2.7267304661770186,0.17761291387345945,2.8290927864990767,2.4047054562263304,2.735084455122627,2.633352694698199,,,,,
2025-12-01,326.031,331.814,324.054,330.506,285.624,341.563,421.039,167.325,128.576,127.886,0.297788428704604,2.653304114557753,2.2215431881770886,0.2329002576704653,2.6464847073089937,1.7007208971715482,-0.020979754536887274,2.6770805278750087,-0.91555888682886,0.024513883634691425,2.6393836158841166,-0.3598476055761357,0.3428796267670897,2.0709075899924656,7.203542597563639,0.6141782383541683,2.988994421830249,2.882522262184173,0.3833765267707845,3.1541165950044636,2.5253494134338084,0.03168492036922377,1.4054034398748971,0.3713960812369077,0.3308571071852118,2.878083518031027,3.014088128053194,0.32713836305298116,2.971110180682146,2.9689915312486104,2.6770805278750087,2.6393836158841166,0.02228717573986083,0.08782748808464606,0.005861710268306397,0.13954905574456555,0.04226299886722512
2026-01-01,326.588,332.793,325.252,331.95,281.436,342.194,421.965,167.394,129.023,128.455,0.170842649932057,2.391201432150014,,0.2950448142634121,2.512028782828879,,0.36969147117456025,2.386431244904319,,0.4369058352949873,2.5036900710840415,,-1.4662633392152125,-0.296168234894012,,0.1847389793391052,2.876503941363584,,0.21993212030240183,3.024080824456332,,0.04123711340207059,1.1395219566425752,,0.34765430562468946,2.8752083050942012,3.6526230349857913,0.44492751356677296,3.104657789335974,3.864815580095904,2.386431244904319,2.5036900710840415,-0.09530711704898881,0.026417674045492043,0.007628865979383059,0.08005529179007427,0.15204793516609644
2026-02-01,327.46,333.512,326.785,333.242,283.223,343.477,422.942,167.53,129.539,128.961,0.26700307420970404,2.4340041103732224,2.9823678900365636,0.21605021740240815,2.4724624767640258,3.016839755388956,0.4713268481054689,2.4141129866304123,3.327141151598645,0.38921524325954415,2.4565567621413598,3.4540112788673305,0.6349578589803784,0.3995093868753852,-1.9874862316170638,0.3749335172446022,3.0527869619744186,4.795854796612686,0.2315357908831306,2.9574505894696346,3.390623671082582,0.08124544487855268,1.0239278305755217,0.6183880674507147,0.3999286948838554,2.873230041057484,4.400026032100701,0.3939122649955218,3.0492628550881085,4.76476747497574,2.4141129866304123,2.4565567621413598,0.041272260833724594,0.05361549296597811,0.015030407302532245,0.08427902788145954,0.07280588522600956
2026-03-01,330.293,334.165,330.213,334.391,314.019,343.51,424.069,167.71,130.403,129.343,0.8651438343614481,3.2859577528651984,5.332379318581104,0.19579505385114437,2.602167705486824,2.8643812793589296,1.0490077573940049,3.2564204390883145,7.821934829697752,0.3447944736857833,2.5950118582653614,4.785436771283091,10.873410704639097,12.589546298752975,46.09821752739318,0.009607630205232809,2.685283998003163,2.2996764653357316,0.2664667968657719,3.019636137489412,2.909816163610901,0.10744344296544917,1.20143133859123,0.923545951341076,0.6669806004369283,3.5429288317545327,5.806095445361126,0.29621358395170994,3.253849776876594,4.6356566605478156,3.2564204390883145,2.5950118582653614,0.7067716958015413,0.0013738911193482916,0.019877036948608096,0.09699391405914097,0.040127296432809545
2026-04-01,332.407,335.423,333.02,335.803,325.978,345.197,426.642,167.767,130.932,129.663,0.6400377846336402,3.7792458367415627,7.3197742690397805,0.376460730477457,2.7433094309685213,3.19879464637014,0.850057387201586,3.8108449321217597,9.900928831171708,0.42226016848538883,2.7501797653106452,4.7243310675683325,3.808368283447816,17.536047421424005,79.98427583930079,0.49110651800530203,3.1424046850722975,3.5567684130926702,0.60674088414856,3.293143521208597,4.507800385274874,0.033987239878352504,1.1436667269548284,0.894293877603114,0.4056655138302112,3.790725326991673,6.050974672947418,0.24740418886219917,3.315485012191055,3.815023969549247,3.8108449321217597,2.7501797653106452,0.24754393842410805,0.07022823207475819,0.006287639377495213,0.22085368183007584,0.09512429292720292
2026-05-01,333.979,336.121,335.123,336.846,338.639,345.715,427.998,167.575,131.535,130.094,0.47291422864139676,4.166614684049641,8.20407334405855,0.20809544962627768,2.8229420636110225,3.166032440833555,0.6314936039877539,4.248674039164446,10.603402347775193,0.31059877368575517,2.850914020683404,4.396670728815821,3.8840044420175523,22.972869920145843,104.37784581328447,0.1500592415345281,3.0229072238065813,2.631871642794925,0.31783087459744674,3.353947873627483,4.868172510751578,-0.11444443782150371,1.0662999752724556,0.10748674106841882,0.46054440472917957,4.078968191169485,6.307316650241401,0.3324001449912295,3.42157564194292,3.560824668130569,4.248674039164446,2.850914020683404,0.2524602887311409,0.021458471539437515,-0.021172220996978186,0.1156904383534706,0.10447725101432592
2026-06-01,332.568,336.065,333.952,336.882,319.29,346.391,428.501,167.431,131.392,130.266,-0.42248165303806484,3.463530729385411,2.7837257411172933,-0.016660666843182348,2.5657850563697515,2.2937962755186003,-0.349423942850835,3.5314250637863864,4.606706277344896,0.01068737642722084,2.594072431813488,3.0132067382390826,-5.713754174799712,15.45137005619075,6.8851971189994865,0.19553678608104086,2.9311169683264637,3.3972196050861214,0.1175239136631534,3.2579804858535732,4.246445237238916,-0.08593167238548638,0.7928290210337474,-0.663775710680492,-0.10871631124795833,3.668052673520439,3.068359249328312,0.13221209279443702,3.286526430967074,2.8851254959849193,3.5314250637863864,2.594072431813488,-0.3713940213619813,0.02796176040958884,-0.01589735939131498,0.04277870457338784,-0.10593073726774527
2026-07-01,332.813,336.789,333.918,337.133,314.553,346.681,429.095,167.762,,,0.07366914435544825,3.303856050706311,0.4894535132635047,0.2154345141564873,2.4665177892309265,1.6389659249104849,-0.010181103871209629,3.364825041479902,1.0829845250462933,0.07450680060079318,2.4782661559973107,1.593699153159256,-1.483604246922865,14.445333818446414,-13.299388059374696,0.08372041998780944,2.8907138044939718,1.7307184216938998,0.138622780343578,3.16494803224574,2.319730996619951,0.19769337816770705,0.7773265732753609,-0.011920762677164465,,,,,,,3.364825041479902,2.4782661559973107,-0.09643427604998622,0.011972020058256748,0.0365732749610258,0.05045869204506239,0.07109943334108954
