,headline_index,headline_yoy
1960-01-01,29.37,1.2409513960703222
1960-02-01,29.41,1.4137931034482687
1960-03-01,29.41,1.5188125647221273
1960-04-01,29.54,1.9323671497584405
1960-05-01,29.57,1.8250688705234275
1960-06-01,29.61,1.7176228100309165
1960-07-01,29.55,1.3722126929674117
1960-08-01,29.61,1.473612063056895
1960-09-01,29.61,1.2307692307692353
1960-10-01,29.75,1.3628620102214661
1960-11-01,29.78,1.4650766609880739
1960-12-01,29.81,1.3600816048962905
1961-01-01,29.84,1.6002723867892366
1961-02-01,29.84,1.4620877252635056
1961-03-01,29.84,1.4620877252635056
1961-04-01,29.81,0.9140148950575577
1961-05-01,29.84,0.9130875887723988
1961-06-01,29.84,0.7767646065518496
1961-07-01,29.92,1.25211505922167
1961-08-01,29.94,1.1144883485309176
1961-09-01,29.98,1.249577845322536
1961-10-01,29.98,0.7731092436974896
1961-11-01,29.98,0.671591672263272
1961-12-01,30.01,0.6709158000671067
1962-01-01,30.04,0.6702412868632601
1962-02-01,30.11,0.9048257372654245
1962-03-01,30.17,1.1058981233244003
1962-04-01,30.21,1.3418316001341912
1962-05-01,30.24,1.3404825737265424
1962-06-01,30.21,1.2399463806970434
1962-07-01,30.22,1.0026737967914423
1962-08-01,30.28,1.135604542418167
1962-09-01,30.42,1.4676450967311627
1962-10-01,30.38,1.3342228152101399
1962-11-01,30.38,1.3342228152101399
1962-12-01,30.38,1.2329223592135952
1963-01-01,30.44,1.331557922769644
1963-02-01,30.48,1.2288276320159497
1963-03-01,30.51,1.1269472986410234
1963-04-01,30.48,0.893743793445867
1963-05-01,30.51,0.8928571428571619
1963-06-01,30.61,1.3240648791790655
1963-07-01,30.69,1.5552614162806178
1963-08-01,30.75,1.5521796565389767
1963-09-01,30.72,0.9861932938855844
1963-10-01,30.75,1.2179065174456882
1963-11-01,30.78,1.3166556945358954
1963-12-01,30.88,1.6458196181698526
1964-01-01,30.94,1.6425755584756896
1964-02-01,30.91,1.4107611548556331
1964-03-01,30.94,1.4093739757456536
1964-04-01,30.95,1.5419947506561726
1964-05-01,30.98,1.5404785316289749
1964-06-01,31.01,1.3067624959163693
1964-07-01,31.02,1.0752688172043001
1964-08-01,31.05,0.9756097560975618
1964-09-01,31.08,1.171875
1964-10-01,31.12,1.2032520325203189
1964-11-01,31.21,1.3970110461338558
1964-12-01,31.25,1.1981865284974136
1965-01-01,31.28,1.098901098901095
1965-02-01,31.28,1.1970236169524417
1965-03-01,31.31,1.1958629605688387
1965-04-01,31.38,1.3893376413570246
1965-05-01,31.48,1.6139444803098701
1965-06-01,31.61,1.9348597226700903
1965-07-01,31.58,1.8052869116698789
1965-08-01,31.55,1.6103059581320522
1965-09-01,31.62,1.737451737451745
1965-10-01,31.65,1.7030848329048665
1965-11-01,31.75,1.7302146747837144
1965-12-01,31.85,1.9200000000000106
1966-01-01,31.88,1.9181585677749302
1966-02-01,32.08,2.5575447570332477
1966-03-01,32.18,2.7786649632705274
1966-04-01,32.28,2.8680688336520044
1966-05-01,32.35,2.763659466327839
1966-06-01,32.38,2.4359379943056148
1966-07-01,32.45,2.754908169727699
1966-08-01,32.65,3.4865293185419866
1966-09-01,32.75,3.5736875395319334
1966-10-01,32.85,3.791469194312813
1966-11-01,32.88,3.5590551181102548
1966-12-01,32.92,3.3594976452119285
1967-01-01,32.9,3.19949811794229
1967-02-01,33.0,2.8678304239401653
1967-03-01,33.0,2.5481665630826544
1967-04-01,33.1,2.5402726146220633
1967-05-01,33.1,2.3183925811437467
1967-06-01,33.3,2.8412600370598895
1967-07-01,33.4,2.9275808936825687
1967-08-01,33.5,2.6033690658499253
1967-09-01,33.6,2.595419847328251
1967-10-01,33.7,2.5875190258751957
1967-11-01,33.9,3.10218978102188
1967-12-01,34.0,3.280680437424044
1968-01-01,34.1,3.647416413373872
1968-02-01,34.2,3.6363636363636376
1968-03-01,34.3,3.9393939393939315
1968-04-01,34.4,3.92749244712991
1968-05-01,34.5,4.229607250755274
1968-06-01,34.7,4.2042042042042205
1968-07-01,34.9,4.491017964071853
1968-08-01,35.0,4.477611940298498
1968-09-01,35.1,4.464285714285721
1968-10-01,35.3,4.7477744807121525
1968-11-01,35.4,4.424778761061954
1968-12-01,35.6,4.705882352941182
1969-01-01,35.7,4.692082111436946
1969-02-01,35.8,4.678362573099393
1969-03-01,36.1,5.247813411078739
1969-04-01,36.3,5.523255813953476
1969-05-01,36.4,5.507246376811592
1969-06-01,36.6,5.475504322766556
1969-07-01,36.8,5.4441260744985565
1969-08-01,36.9,5.428571428571427
1969-09-01,37.1,5.698005698005693
1969-10-01,37.3,5.665722379603411
1969-11-01,37.5,5.932203389830515
1969-12-01,37.7,5.89887640449438
1970-01-01,37.9,6.162464985994376
1970-02-01,38.1,6.424581005586605
1970-03-01,38.3,6.094182825484751
1970-04-01,38.5,6.060606060606077
1970-05-01,38.6,6.043956043956045
1970-06-01,38.8,6.010928961748618
1970-07-01,38.9,5.7065217391304435
1970-08-01,39.0,5.691056910569103
1970-09-01,39.2,5.660377358490565
1970-10-01,39.4,5.630026809651478
1970-11-01,39.6,5.600000000000005
1970-12-01,39.8,5.570291777188308
1971-01-01,39.9,5.277044854881274
1971-02-01,39.9,4.724409448818889
1971-03-01,40.0,4.438642297650142
1971-04-01,40.1,4.155844155844157
1971-05-01,40.3,4.404145077720201
1971-06-01,40.5,4.381443298969079
1971-07-01,40.6,4.370179948586128
1971-08-01,40.7,4.358974358974366
1971-09-01,40.8,4.081632653061207
1971-10-01,40.9,3.8071065989847774
1971-11-01,41.0,3.535353535353525
1971-12-01,41.1,3.266331658291466
1972-01-01,41.2,3.2581453634085378
1972-02-01,41.4,3.759398496240607
1972-03-01,41.4,3.499999999999992
1972-04-01,41.5,3.4912718204488824
1972-05-01,41.6,3.2258064516129226
1972-06-01,41.7,2.9629629629629672
1972-07-01,41.8,2.9556650246305383
1972-08-01,41.9,2.9484029484029284
1972-09-01,42.1,3.1862745098039325
1972-10-01,42.2,3.1784841075794823
1972-11-01,42.4,3.4146341463414664
1972-12-01,42.5,3.406326034063256
1973-01-01,42.7,3.6407766990291357
1973-02-01,43.0,3.864734299516903
1973-03-01,43.4,4.8309178743961345
1973-04-01,43.7,5.301204819277117
1973-05-01,43.9,5.528846153846145
1973-06-01,44.2,5.995203836930463
1973-07-01,44.2,5.741626794258381
1973-08-01,45.0,7.398568019093088
1973-09-01,45.2,7.3634204275534465
1973-10-01,45.6,8.056872037914697
1973-11-01,45.9,8.25471698113207
1973-12-01,46.3,8.94117647058823
1974-01-01,46.8,9.601873536299754
1974-02-01,47.3,9.999999999999986
1974-03-01,47.8,10.138248847926267
1974-04-01,48.1,10.068649885583515
1974-05-01,48.6,10.70615034168565
1974-06-01,49.0,10.859728506787313
1974-07-01,49.3,11.538461538461519
1974-08-01,49.9,10.888888888888882
1974-09-01,50.6,11.946902654867241
1974-10-01,51.0,11.842105263157897
1974-11-01,51.5,12.200435729847502
1974-12-01,51.9,12.095032397408211
1975-01-01,52.3,11.752136752136755
1975-02-01,52.6,11.205073995771686
1975-03-01,52.8,10.460251046025103
1975-04-01,53.0,10.187110187110182
1975-05-01,53.1,9.259259259259256
1975-06-01,53.5,9.183673469387754
1975-07-01,54.0,9.533468559837743
1975-08-01,54.2,8.617234468937895
1975-09-01,54.6,7.905138339920947
1975-10-01,54.9,7.647058823529407
1975-11-01,55.3,7.37864077669903
1975-12-01,55.6,7.129094412331405
1976-01-01,55.8,6.692160611854692
1976-02-01,55.9,6.273764258555126
1976-03-01,56.0,6.060606060606055
1976-04-01,56.1,5.849056603773595
1976-05-01,56.4,6.214689265536721
1976-06-01,56.7,5.981308411214958
1976-07-01,57.0,5.555555555555558
1976-08-01,57.3,5.719557195571956
1976-09-01,57.6,5.494505494505497
1976-10-01,57.9,5.464480874316946
1976-11-01,58.1,5.063291139240511
1976-12-01,58.4,5.035971223021574
1977-01-01,58.7,5.197132616487465
1977-02-01,59.3,6.082289803220031
1977-03-01,59.6,6.428571428571428
1977-04-01,60.0,6.951871657754016
1977-05-01,60.2,6.737588652482285
1977-06-01,60.5,6.701940035273357
1977-07-01,60.8,6.666666666666665
1977-08-01,61.1,6.631762652705064
1977-09-01,61.3,6.423611111111094
1977-10-01,61.6,6.390328151986191
1977-11-01,62.0,6.712564543889843
1977-12-01,62.3,6.67808219178081
1978-01-01,62.7,6.814310051107331
1978-02-01,63.0,6.2394603709949426
1978-03-01,63.4,6.375838926174482
1978-04-01,63.9,6.499999999999995
1978-05-01,64.5,7.14285714285714
1978-06-01,65.0,7.438016528925617
1978-07-01,65.5,7.7302631578947345
1978-08-01,65.9,7.855973813420625
1978-09-01,66.5,8.482871125611746
1978-10-01,67.1,8.92857142857142
1978-11-01,67.5,8.870967741935477
1978-12-01,67.9,8.988764044943842
1979-01-01,68.5,9.250398724082931
1979-02-01,69.2,9.84126984126985
1979-03-01,69.9,10.252365930599371
1979-04-01,70.6,10.485133020344284
1979-05-01,71.4,10.697674418604652
1979-06-01,72.2,11.076923076923073
1979-07-01,73.0,11.45038167938932
1979-08-01,73.7,11.836115326251884
1979-09-01,74.4,11.879699248120312
1979-10-01,75.2,12.071535022354718
1979-11-01,76.0,12.592592592592599
1979-12-01,76.9,13.254786450662737
1980-01-01,78.0,13.868613138686126
1980-02-01,79.0,14.161849710982644
1980-03-01,80.1,14.592274678111572
1980-04-01,80.9,14.589235127478762
1980-05-01,81.7,14.425770308123242
1980-06-01,82.5,14.265927977839322
1980-07-01,82.6,13.15068493150684
1980-08-01,83.2,12.890094979647216
1980-09-01,83.9,12.768817204301076
1980-10-01,84.7,12.632978723404253
1980-11-01,85.6,12.631578947368416
1980-12-01,86.4,12.353706111833551
1981-01-01,87.2,11.794871794871797
1981-02-01,88.0,11.392405063291132
1981-03-01,88.6,10.611735330836458
1981-04-01,89.1,10.135970333745359
1981-05-01,89.7,9.79192166462668
1981-06-01,90.5,9.696969696969692
1981-07-01,91.5,10.774818401937058
1981-08-01,92.2,10.817307692307686
1981-09-01,93.1,10.96543504171632
1981-10-01,93.4,10.271546635182993
1981-11-01,93.8,9.579439252336464
1981-12-01,94.1,8.912037037037024
1982-01-01,94.4,8.25688073394495
1982-02-01,94.7,7.613636363636367
1982-03-01,94.7,6.884875846501148
1982-04-01,95.0,6.621773288439958
1982-05-01,95.9,6.911928651059096
1982-06-01,97.0,7.182320441988943
1982-07-01,97.5,6.557377049180335
1982-08-01,97.7,5.965292841648595
1982-09-01,97.7,4.940923737916236
1982-10-01,98.1,5.032119914346889
1982-11-01,98.0,4.47761194029852
1982-12-01,97.7,3.825717321997879
1983-01-01,97.9,3.7076271186440746
1983-02-01,98.0,3.484688489968324
1983-03-01,98.1,3.5902851108764455
1983-04-01,98.8,4.0000000000000036
1983-05-01,99.2,3.44108446298228
1983-06-01,99.4,2.4742268041237248
1983-07-01,99.8,2.358974358974364
1983-08-01,100.1,2.456499488229258
1983-09-01,100.4,2.763561924257929
1983-10-01,100.8,2.752293577981657
1983-11-01,101.1,3.1632653061224536
1983-12-01,101.4,3.7871033776867957
1984-01-01,102.1,4.290091930541351
1984-02-01,102.6,4.693877551020398
1984-03-01,102.9,4.892966360856277
1984-04-01,103.3,4.5546558704453455
1984-05-01,103.5,4.3346774193548265
1984-06-01,103.7,4.325955734406439
1984-07-01,104.1,4.308617234468937
1984-08-01,104.4,4.295704295704317
1984-09-01,104.7,4.2828685258964105
1984-10-01,105.1,4.265873015873023
1984-11-01,105.3,4.154302670623156
1984-12-01,105.5,4.043392504930954
1985-01-01,105.7,3.52595494613126
1985-02-01,106.3,3.6062378167641462
1985-03-01,106.8,3.790087463556846
1985-04-01,107.0,3.581800580832528
1985-05-01,107.2,3.5748792270531515
1985-06-01,107.5,3.6644165863066513
1985-07-01,107.7,3.458213256484166
1985-08-01,107.9,3.3524904214559337
1985-09-01,108.1,3.2473734479465
1985-10-01,108.5,3.2350142721217834
1985-11-01,109.0,3.5137701804368593
1985-12-01,109.5,3.791469194312791
1986-01-01,109.9,3.9735099337748325
1986-02-01,109.7,3.19849482596426
1986-03-01,109.1,2.1535580524344455
1986-04-01,108.7,1.5887850467289688
1986-05-01,109.0,1.679104477611948
1986-06-01,109.4,1.7674418604651132
1986-07-01,109.5,1.671309192200554
1986-08-01,109.6,1.575532900834098
1986-09-01,110.0,1.757631822386685
1986-10-01,110.2,1.5668202764977046
1986-11-01,110.4,1.2844036697247763
1986-12-01,110.8,1.187214611872145
1987-01-01,111.4,1.364877161055511
1987-02-01,111.8,1.9143117593436676
1987-03-01,112.2,2.8414298808432603
1987-04-01,112.7,3.679852805887762
1987-05-01,113.0,3.669724770642202
1987-06-01,113.5,3.7477148080438782
1987-07-01,113.8,3.926940639269394
1987-08-01,114.3,4.2883211678832245
1987-09-01,114.7,4.2727272727272725
1987-10-01,115.0,4.355716878402904
1987-11-01,115.4,4.528985507246386
1987-12-01,115.6,4.332129963898912
1988-01-01,116.0,4.129263913824044
1988-02-01,116.2,3.9355992844364973
1988-03-01,116.5,3.832442067736186
1988-04-01,117.2,3.9929015084294583
1988-05-01,117.5,3.9823008849557473
1988-06-01,118.0,3.96475770925111
1988-07-01,118.5,4.130052724077338
1988-08-01,119.0,4.111986001749779
1988-09-01,119.5,4.184829991281602
1988-10-01,119.9,4.260869565217407
1988-11-01,120.3,4.246100519930662
1988-12-01,120.7,4.4117647058823595
1989-01-01,121.2,4.482758620689653
1989-02-01,121.6,4.647160068846801
1989-03-01,122.2,4.892703862660941
1989-04-01,123.1,5.034129692832767
1989-05-01,123.7,5.276595744680845
1989-06-01,124.1,5.1694915254237195
1989-07-01,124.5,5.063291139240511
1989-08-01,124.5,4.621848739495804
1989-09-01,124.8,4.435146443514637
1989-10-01,125.4,4.587155963302747
1989-11-01,125.9,4.655029093931851
1989-12-01,126.3,4.639602319801162
1990-01-01,127.5,5.198019801980203
1990-02-01,128.0,5.263157894736836
1990-03-01,128.6,5.237315875613735
1990-04-01,128.9,4.711616571892785
1990-05-01,129.1,4.365400161681476
1990-06-01,129.9,4.673650282030639
1990-07-01,130.5,4.819277108433728
1990-08-01,131.6,5.702811244979911
1990-09-01,132.5,6.169871794871806
1990-10-01,133.4,6.379585326953752
1990-11-01,133.7,6.195393169181873
1990-12-01,134.2,6.254948535233562
1991-01-01,134.7,5.647058823529405
1991-02-01,134.8,5.312500000000009
1991-03-01,134.8,4.821150855365497
1991-04-01,135.1,4.809930178432875
1991-05-01,135.6,5.034856700232382
1991-06-01,136.0,4.695919938414161
1991-07-01,136.2,4.367816091954024
1991-08-01,136.6,3.7993920972644313
1991-09-01,137.0,3.396226415094339
1991-10-01,137.2,2.8485757121439192
1991-11-01,137.8,3.0665669409125185
1991-12-01,138.2,2.980625931445613
1992-01-01,138.3,2.672605790645899
1992-02-01,138.6,2.8189910979228294
1992-03-01,139.1,3.189910979228472
1992-04-01,139.4,3.1828275351591495
1992-05-01,139.7,3.0235988200590036
1992-06-01,140.1,3.0147058823529305
1992-07-01,140.5,3.1571218795888534
1992-08-01,140.8,3.0746705710102518
1992-09-01,141.1,2.9927007299270114
1992-10-01,141.7,3.279883381924198
1992-11-01,142.1,3.1204644412191396
1992-12-01,142.3,2.966714905933454
1993-01-01,142.8,3.2537960954446943
1993-02-01,143.1,3.2467532467532534
1993-03-01,143.3,3.0194104960460155
1993-04-01,143.8,3.1563845050215145
1993-05-01,144.2,3.2211882605583497
1993-06-01,144.3,2.9978586723768963
1993-07-01,144.5,2.8469750889679624
1993-08-01,144.8,2.840909090909083
1993-09-01,145.0,2.7639971651311157
1993-10-01,145.6,2.752293577981657
1993-11-01,146.0,2.7445460942997935
1993-12-01,146.3,2.8109627547435068
1994-01-01,146.3,2.450980392156854
1994-02-01,146.7,2.515723270440251
1994-03-01,147.1,2.6517794836008246
1994-04-01,147.2,2.364394993045882
1994-05-01,147.5,2.288488210818307
1994-06-01,147.9,2.494802494802495
1994-07-01,148.4,2.69896193771626
1994-08-01,149.0,2.900552486187835
1994-09-01,149.3,2.965517241379323
1994-10-01,149.4,2.609890109890123
1994-11-01,149.8,2.602739726027403
1994-12-01,150.1,2.597402597402576
1995-01-01,150.5,2.8708133971291794
1995-02-01,150.9,2.862985685071595
1995-03-01,151.2,2.7872195785180187
1995-04-01,151.8,3.125000000000022
1995-05-01,152.1,3.1186440677966054
1995-06-01,152.4,3.0425963488843744
1995-07-01,152.6,2.8301886792452713
1995-08-01,152.9,2.6174496644295386
1995-09-01,153.1,2.54521098459477
1995-10-01,153.5,2.7443105756358666
1995-11-01,153.7,2.603471295060067
1995-12-01,153.9,2.5316455696202667
1996-01-01,154.7,2.7906976744185963
1996-02-01,155.0,2.717031146454607
1996-03-01,155.5,2.8439153439153486
1996-04-01,156.1,2.832674571805005
1996-05-01,156.4,2.827087442472065
1996-06-01,156.7,2.8215223097112663
1996-07-01,157.0,2.8833551769331667
1996-08-01,157.2,2.8122956180510084
1996-09-01,157.7,3.0045721750489918
1996-10-01,158.2,3.0618892508143203
1996-11-01,158.7,3.2530904359141077
1996-12-01,159.1,3.378817413905133
1997-01-01,159.4,3.0381383322559907
1997-02-01,159.7,3.0322580645161246
1997-03-01,159.8,2.7652733118971096
1997-04-01,159.9,2.434336963484962
1997-05-01,159.9,2.237851662404089
1997-06-01,160.2,2.233567326100827
1997-07-01,160.4,2.165605095541401
1997-08-01,160.8,2.2900763358778775
1997-09-01,161.2,2.21940393151554
1997-10-01,161.5,2.0859671302149163
1997-11-01,161.7,1.8903591682419618
1997-12-01,161.8,1.6970458830924073
1998-01-01,162.0,1.6311166875784044
1998-02-01,162.0,1.440200375704448
1998-03-01,162.0,1.3767209011263937
1998-04-01,162.2,1.4383989993745905
1998-05-01,162.6,1.6885553470919357
1998-06-01,162.8,1.6229712858926382
1998-07-01,163.2,1.74563591022443
1998-08-01,163.4,1.6169154228855787
1998-09-01,163.5,1.4267990074441794
1998-10-01,163.9,1.4860681114551078
1998-11-01,164.1,1.4842300556586308
1998-12-01,164.4,1.606922126081578
1999-01-01,164.7,1.6666666666666607
1999-02-01,164.7,1.6666666666666607
1999-03-01,164.8,1.7283950617283939
1999-04-01,165.9,2.281134401972884
1999-05-01,166.0,2.091020910209096
1999-06-01,166.0,1.9656019656019597
1999-07-01,166.7,2.1446078431372584
1999-08-01,167.1,2.2643818849449104
1999-09-01,167.8,2.629969418960254
1999-10-01,168.1,2.56253813300793
1999-11-01,168.4,2.6203534430225606
1999-12-01,168.8,2.676399026763998
2000-01-01,169.3,2.792956891317555
2000-02-01,170.0,3.2179720704310855
2000-03-01,171.0,3.762135922330101
2000-04-01,170.9,3.013863773357439
2000-05-01,171.2,3.1325301204819134
2000-06-01,172.2,3.7349397590361377
2000-07-01,172.7,3.5992801439711952
2000-08-01,172.7,3.3512866546977715
2000-09-01,173.6,3.45649582836709
2000-10-01,173.9,3.4503271861986873
2000-11-01,174.2,3.444180522565321
2000-12-01,174.6,3.4360189573459543
2001-01-01,175.6,3.7212049616065945
2001-02-01,176.0,3.529411764705892
2001-03-01,176.1,2.9824561403508643
2001-04-01,176.4,3.2182562902282053
2001-05-01,177.3,3.5630841121495394
2001-06-01,177.7,3.193960511033689
2001-07-01,177.4,2.7214823393167498
2001-08-01,177.4,2.7214823393167498
2001-09-01,178.1,2.5921658986175045
2001-10-01,177.6,2.127659574468077
2001-11-01,177.5,1.894374282433997
2001-12-01,177.4,1.603665521191311
2002-01-01,177.7,1.1958997722095743
2002-02-01,178.0,1.1363636363636465
2002-03-01,178.5,1.3628620102214661
2002-04-01,179.3,1.643990929705219
2002-05-01,179.5,1.2408347433727984
2002-06-01,179.6,1.0692177827799743
2002-07-01,180.0,1.465614430665152
2002-08-01,180.5,1.747463359639223
2002-09-01,180.8,1.516002245929271
2002-10-01,181.2,2.0270270270270174
2002-11-01,181.5,2.2535211267605604
2002-12-01,181.8,2.4802705749718212
2003-01-01,182.6,2.757456387169399
2003-02-01,183.6,3.146067415730336
2003-03-01,183.9,3.025210084033625
2003-04-01,183.2,2.175125488008911
2003-05-01,182.9,1.8941504178273005
2003-06-01,183.1,1.948775055679297
2003-07-01,183.7,2.055555555555544
2003-08-01,184.5,2.216066481994461
2003-09-01,185.1,2.378318584070782
2003-10-01,184.9,2.041942604856528
2003-11-01,185.0,1.9283746556473913
2003-12-01,185.5,2.0352035203520247
2004-01-01,186.3,2.026286966046009
2004-02-01,186.7,1.688453159041381
2004-03-01,187.1,1.7400761283306032
2004-04-01,187.4,2.2925764192139875
2004-05-01,188.2,2.8977583378895444
2004-06-01,188.9,3.1676679410158393
2004-07-01,189.1,2.939575394665228
2004-08-01,189.2,2.5474254742547275
2004-09-01,189.8,2.5391680172879516
2004-10-01,190.8,3.1909140075716547
2004-11-01,191.7,3.621621621621607
2004-12-01,191.7,3.3423180592991875
2005-01-01,191.6,2.8448738593666034
2005-02-01,192.4,3.0530262453133394
2005-03-01,193.1,3.2068412613575736
2005-04-01,193.7,3.3617929562433257
2005-05-01,193.6,2.869287991498415
2005-06-01,193.7,2.541026998411855
2005-07-01,194.9,3.067160232681121
2005-08-01,196.1,3.6469344608879517
2005-09-01,198.8,4.741833508956805
2005-10-01,199.1,4.350104821802936
2005-11-01,198.1,3.3385498174230532
2005-12-01,198.1,3.3385498174230532
2006-01-01,199.3,4.018789144050117
2006-02-01,199.4,3.63825363825363
2006-03-01,199.7,3.4179181771103018
2006-04-01,200.7,3.613835828600931
2006-05-01,201.3,3.9772727272727293
2006-06-01,201.8,4.1817243159525175
2006-07-01,202.9,4.104669061056954
2006-08-01,203.8,3.926568077511483
2006-09-01,202.8,2.012072434607637
2006-10-01,201.9,1.4063284781516971
2006-11-01,202.0,1.9687026754164672
2006-12-01,203.1,2.5239777889954462
2007-01-01,203.437,2.075765178123423
2007-02-01,204.226,2.420260782347028
2007-03-01,205.288,2.798197295943927
2007-04-01,205.904,2.5929247633283525
2007-05-01,206.755,2.709885742672613
2007-06-01,207.234,2.692765113974227
2007-07-01,207.603,2.3178905864958077
2007-08-01,207.667,1.897448478900876
2007-09-01,208.547,2.8338264299802685
2007-10-01,209.19,3.610698365527476
2007-11-01,210.834,4.373267326732666
2007-12-01,211.445,4.108813392417532
2008-01-01,212.174,4.294695655165981
2008-02-01,212.687,4.142959270611968
2008-03-01,213.448,3.9749035501344343
2008-04-01,213.942,3.9037609759888126
2008-05-01,215.208,4.088413823123993
2008-06-01,217.463,4.935966105947864
2008-07-01,219.016,5.497512078341837
2008-08-01,218.69,5.308017162091239
2008-09-01,218.877,4.953319875136075
2008-10-01,216.995,3.7310578899565128
2008-11-01,213.153,1.0999174706166848
2008-12-01,211.398,-0.02222800255385904
2009-01-01,211.933,-0.11358601902212717
2009-02-01,212.705,0.008463140671510772
2009-03-01,212.495,-0.4464787676623838
2009-04-01,212.709,-0.5763244243767063
2009-05-01,213.022,-1.015761495855172
2009-06-01,214.79,-1.2291746182109153
2009-07-01,214.726,-1.9587610037622771
2009-08-01,215.445,-1.4838355663267633
2009-09-01,215.861,-1.377942862886472
2009-10-01,216.509,-0.22396829420033848
2009-11-01,217.234,1.9145871744709275
2009-12-01,217.347,2.8141231232083674
2010-01-01,217.488,2.6211113889767157
2010-02-01,217.281,2.151336357866529
2010-03-01,217.353,2.2861714393279886
2010-04-01,217.403,2.2067707525304403
2010-05-01,217.29,2.003548929218568
2010-06-01,217.199,1.1215605940686268
2010-07-01,217.605,1.3407784804821077
2010-08-01,217.923,1.1501775395112546
2010-09-01,218.275,1.1183122472331775
2010-10-01,219.035,1.1666951489314625
2010-11-01,219.59,1.084544776600338
2010-12-01,220.472,1.437793022217937
2011-01-01,221.187,1.7007834915029774
2011-02-01,221.898,2.124898173333145
2011-03-01,223.046,2.619241510354109
2011-04-01,224.093,3.0772344447868694
2011-05-01,224.806,3.4589718808964998
2011-06-01,224.806,3.5023181506360412
2011-07-01,225.395,3.5798809769996165
2011-08-01,226.106,3.75499603070808
2011-09-01,226.597,3.812621692818685
2011-10-01,226.75,3.5222681306640524
2011-11-01,227.169,3.451432214581729
2011-12-01,227.223,3.062066838419386
2012-01-01,227.842,3.0087663379855023
2012-02-01,228.329,2.8981784423473878
2012-03-01,228.807,2.5828752813320977
2012-04-01,229.187,2.2731633741348567
2012-05-01,228.713,1.7379429374660749
2012-06-01,228.524,1.653870448297634
2012-07-01,228.59,1.4175114798464783
2012-08-01,229.918,1.6859349154821235
2012-09-01,231.015,1.9497168982819613
2012-10-01,231.638,2.1556780595369363
2012-11-01,231.249,1.7960197033926262
2012-12-01,231.221,1.7595049796895523
2013-01-01,231.679,1.684061762098299
2013-02-01,232.937,2.0181404902574807
2013-03-01,232.282,1.5187472411246183
2013-04-01,231.797,1.138808047576867
2013-05-01,231.893,1.3903888279197085
2013-06-01,232.445,1.7157935271568725
2013-07-01,232.9,1.885471805415806
2013-08-01,233.456,1.538809488600279
2013-09-01,233.544,1.0947341081747997
2013-10-01,233.669,0.8767991434911471
2013-11-01,234.1,1.2328701961954458
2013-12-01,234.719,1.5128383667573297
2014-01-01,235.288,1.557758795574915
2014-02-01,235.547,1.1204746347724948
2014-03-01,236.028,1.6126949139408042
2014-04-01,236.468,2.015125303606169
2014-05-01,236.918,2.166947687079812
2014-06-01,237.231,2.0589816945944195
2014-07-01,237.498,1.9742378703305974
2014-08-01,237.46,1.7150983482969062
2014-09-01,237.477,1.6840509711232077
2014-10-01,237.43,1.6095417021513292
2014-11-01,236.983,1.231524989320798
2014-12-01,236.252,0.6531213919623191
2015-01-01,234.747,-0.22993097820542818
2015-02-01,235.342,-0.08703146293520536
2015-03-01,235.976,-0.022031284423873476
2015-04-01,236.222,-0.10403098939391064
2015-05-01,237.001,0.03503321824429584
2015-06-01,237.657,0.1795718097550525
2015-07-01,238.034,0.22568611104094582
2015-08-01,238.033,0.2413037985344868
2015-09-01,237.498,0.008842961634170088
2015-10-01,237.733,0.12761656067050708
2015-11-01,238.017,0.4363182169185187
2015-12-01,237.761,0.6387247515364791
2016-01-01,237.652,1.2375025026943876
2016-02-01,237.336,0.8472775790126619
2016-03-01,238.08,0.8916160965521946
2016-04-01,238.992,1.1726257503534843
2016-05-01,239.557,1.0784764621246223
2016-06-01,240.222,1.0792865347959424
2016-07-01,240.101,0.8683633430518256
2016-08-01,240.545,1.0553158595656864
2016-09-01,241.176,1.5486446201652182
2016-10-01,241.741,1.685924966243646
2016-11-01,242.026,1.6843334719788938
2016-12-01,242.637,2.0507989115119862
2017-01-01,243.618,2.5103933482571117
2017-02-01,244.006,2.8103616813294208
2017-03-01,243.892,2.44119623655914
2017-04-01,244.193,2.176223471915395
2017-05-01,244.004,1.8563431667619756
2017-06-01,244.163,1.640565809959127
2017-07-01,244.243,1.7251073506566073
2017-08-01,245.183,1.92812155729698
2017-09-01,246.435,2.1805652303711787
2017-10-01,246.626,2.020757753132485
2017-11-01,247.284,2.172493864295566
2017-12-01,247.805,2.129930719552253
2018-01-01,248.859,2.151318868063945
2018-02-01,249.529,2.263468931091861
2018-03-01,249.577,2.3309497646499366
2018-04-01,250.227,2.4709963021052994
2018-05-01,250.792,2.781921607842497
2018-06-01,251.018,2.8075506935940187
2018-07-01,251.214,2.854124785561929
2018-08-01,251.663,2.6429238568742575
2018-09-01,252.182,2.332055105808828
2018-10-01,252.772,2.492032470218053
2018-11-01,252.594,2.147328577667773
2018-12-01,252.767,2.0023809043401064
2019-01-01,252.561,1.4875893578291333
2019-02-01,253.319,1.5188615351321877
2019-03-01,254.277,1.8831863513063984
2019-04-01,255.233,2.000583470209061
2019-05-01,255.296,1.7959105553606136
2019-06-01,255.213,1.671194894390049
2019-07-01,255.802,1.826331335037068
2019-08-01,256.036,1.7376412106666406
2019-09-01,256.43,1.6844977040391562
2019-10-01,257.155,1.7339736996186295
2019-11-01,257.879,2.092290394862917
2019-12-01,258.63,2.3195274699624457
2020-01-01,259.127,2.599767976845202
2020-02-01,259.25,2.3413166797595197
2020-03-01,258.076,1.4940399642909163
2020-04-01,256.032,0.3130472940411133
2020-05-01,255.802,0.1982013035848551
2020-06-01,257.042,0.7166562831830481
2020-07-01,258.352,0.9968647625897997
2020-08-01,259.316,1.2810698495523853
2020-09-01,259.997,1.3910228912373812
2020-10-01,260.319,1.2303863428671624
2020-11-01,260.911,1.1757452138405844
2020-12-01,262.045,1.3204191315779434
2021-01-01,262.687,1.3738437137002402
2021-02-01,263.579,1.6698167791706853
2021-03-01,264.961,2.6678187820641908
2021-04-01,266.614,4.133077115360573
2021-05-01,268.383,4.918257089467626
2021-06-01,270.654,5.295632620349999
2021-07-01,271.903,5.245169381309234
2021-08-01,272.676,5.152015301793966
2021-09-01,273.91,5.351215590949132
2021-10-01,276.55,6.235042390298062
2021-11-01,278.919,6.901970403700863
2021-12-01,280.845,7.174340285065539
2022-01-01,282.543,7.558805726967832
2022-02-01,284.5,7.937278766517819
2022-03-01,287.674,8.572204966013853
2022-04-01,288.561,8.231750770777225
2022-05-01,291.298,8.538171195642065
2022-06-01,294.957,8.979361103105798
2022-07-01,294.913,8.462576727730099
2022-08-01,295.097,8.222579178218826
2022-09-01,296.349,8.192106896425821
2022-10-01,298.007,7.758813957693
2022-11-01,298.786,7.122856456533988
2022-12-01,298.832,6.404600402357152
2023-01-01,300.42,6.327178517960097
2023-02-01,301.45,5.957820738137087
2023-03-01,301.821,4.917719362889961
2023-04-01,302.845,4.950079879124369
2023-05-01,303.334,4.131851231385042
2023-06-01,304.014,3.070617072997095
2023-07-01,304.609,3.287749268428297
2023-08-01,306.082,3.722504803505289
2023-09-01,307.276,3.687206638119256
2023-10-01,307.696,3.2512659098611785
2023-11-01,308.148,3.1333462745911866
2023-12-01,308.741,3.3159099427102934
2024-01-01,309.698,3.0883429864855705
2024-02-01,310.967,3.157074141648697
2024-03-01,312.345,3.4868349120836584
2024-04-01,313.023,3.3607951262196734
2024-05-01,313.175,3.244278584003113
2024-06-01,313.044,2.9702579486470926
2024-07-01,313.569,2.9414757935583014
2024-08-01,314.062,2.607144490692037
2024-09-01,314.732,2.4264830315416708
2024-10-01,315.631,2.578844053871343
2024-11-01,316.528,2.719472461284833
2024-12-01,317.604,2.870690967509981
2025-01-01,318.961,2.9909783078999608
2025-02-01,319.679,2.8015834477613355
2025-03-01,319.785,2.381981462805549
2025-04-01,320.302,2.32538823025783
2025-05-01,320.62,2.3772651073680873
2025-06-01,321.435,2.680453865910226
2025-07-01,322.169,2.742618052167134
2025-08-01,323.291,2.9385917430316155
2025-09-01,324.245,3.0225715847133294
2025-11-01,325.063,2.988299628363511
2025-12-01,326.031,3.00226204316838
2026-01-01,326.588,2.8286797395498997
