date,pce_headline,pce_core,saving_rate,payems,unrate,real_pce,pce_headline_mom,pce_headline_yoy,pce_core_mom,pce_core_yoy,real_pce_mom,real_pce_yoy,payroll_change_k,fed_target_upper,reconstructed_july
2019-01-01,102.648,102.87,8.4,150060.0,4.0,103.243,,,,,,,,2.5,False
2019-02-01,102.836,102.963,8.5,150067.0,3.8,103.294,0.1831501831501825,,0.09040536599591587,,0.04939802214194433,,7.0,2.5,False
2019-03-01,103.069,103.058,7.9,150295.0,3.8,104.019,0.22657435139445958,,0.09226615386110915,,0.7018800704784445,,228.0,2.5,False
2019-04-01,103.36,103.265,7.6,150591.0,3.7,104.028,0.28233513471558336,,0.2008577694113889,,0.008652265451503105,,296.0,2.5,False
2019-05-01,103.435,103.371,7.3,150618.0,3.6,104.413,0.07256191950464341,,0.10264852563792726,,0.3700926673587901,,27.0,2.5,False
2019-06-01,103.484,103.56,7.1,150838.0,3.6,104.766,0.04737274616908316,,0.18283657892446126,,0.3380805072165316,,220.0,2.5,False
2019-07-01,103.622,103.678,6.8,150937.0,3.7,105.261,0.13335394843647652,,0.11394360757048805,,0.47248153026744344,,99.0,2.5,False
2019-08-01,103.67,103.797,6.9,151169.0,3.6,105.665,0.04632220956939381,,0.11477844865834808,,0.3838078680613144,,232.0,2.25,False
2019-09-01,103.733,103.873,7.0,151365.0,3.5,105.836,0.06076975016879871,,0.07321984257735448,,0.161832205555279,,196.0,2.0,False
2019-10-01,103.917,104.028,7.1,151460.0,3.6,105.843,0.17737846201304475,,0.1492206829493803,,0.006614006576222131,,95.0,1.75,False
2019-11-01,104.024,104.092,6.9,151667.0,3.6,106.412,0.10296679080419313,,0.06152189795054497,,0.5375886926863416,,207.0,1.75,False
2019-12-01,104.307,104.322,6.2,151794.0,3.6,106.584,0.2720526032454096,,0.22095838296891657,,0.1616359057249106,,127.0,1.75,False
2020-01-01,104.49,104.507,6.8,152031.0,3.6,107.073,0.17544364232504606,1.7944821136310463,0.17733555721708427,1.5913288616700605,0.45879306462508485,3.7096946039925305,237.0,1.75,False
2020-02-01,104.573,104.711,7.5,152293.0,3.5,106.702,0.07943343860656871,1.689097203314005,0.19520223525695268,1.6976972310441596,-0.3464925798287055,3.299320386469695,262.0,1.75,False
2020-03-01,104.271,104.632,12.4,150895.0,4.4,99.687,-0.2887934744149945,1.1662090444265472,-0.0754457506852102,1.5272953094374042,-6.574384735056515,-4.164623770657294,-1398.0,0.25,False
2020-04-01,103.838,104.293,31.8,130426.0,14.8,88.774,-0.415264071505983,0.4624613003096023,-0.3239926599892917,0.9954970222243897,-10.947264939259881,-14.663359864651826,-20469.0,0.25,False
2020-05-01,103.942,104.402,22.6,133040.0,13.2,96.162,0.10015601224984128,0.49016290423937736,0.10451324633484749,0.9973783749794407,8.322256516547633,-7.902272705506008,2614.0,0.25,False
2020-06-01,104.27,104.565,18.3,137671.0,11.0,101.401,0.3155606011044698,0.7595377063120967,0.15612727725522468,0.9704519119350996,5.44809800128947,-3.2119198976767405,4631.0,0.25,False
2020-07-01,104.578,104.937,17.9,139255.0,10.2,102.956,0.29538697611970477,0.9225840072571545,0.3557595753837406,1.2143366963097257,1.5335154485655922,-2.189794890795249,1584.0,0.25,False
2020-08-01,104.87,105.243,13.9,140821.0,8.4,103.78,0.2792174262273184,1.157519050834388,0.29160353354868995,1.3931038469319867,0.8003418936244566,-1.7839398097761805,1566.0,0.25,False
2020-09-01,105.057,105.41,13.3,141770.0,7.8,105.071,0.17831601029845157,1.27635371578958,0.15868038729416334,1.4796915464076354,1.2439776450183126,-0.7228164329717734,949.0,0.25,False
2020-10-01,105.151,105.507,12.8,142460.0,6.9,105.391,0.08947523725215678,1.1874861668446979,0.09202162982639983,1.4217326104510208,0.3045559669176079,-0.427047608249953,690.0,0.25,False
2020-11-01,105.258,105.605,12.0,142733.0,6.7,105.114,0.10175842360033993,1.186264708144269,0.09288483228599986,1.453521884486797,-0.2628307920031103,-1.219787242040371,273.0,0.25,False
2020-12-01,105.699,105.896,11.8,142548.0,6.7,105.538,0.41897052955595093,1.334522131784066,0.2755551347000562,1.508790092214496,0.4033715775253466,-0.9813855738197153,-185.0,0.25,False
2021-01-01,106.147,106.281,19.5,142863.0,6.4,106.878,0.42384506948978107,1.5857976839888988,0.36356425171866213,1.6974939477738316,1.2696848528492177,-0.18211874141940143,315.0,0.25,False
2021-02-01,106.5,106.501,13.0,143380.0,6.2,105.895,0.33255767944453396,1.8427318715156016,0.20699842869373875,1.7094670091967412,-0.9197402646007657,-0.7563119716593847,517.0,0.25,False
2021-03-01,107.054,106.933,26.2,144232.0,6.1,110.454,0.5201877934272403,2.669006722866385,0.40562999408455536,2.1991360195733556,4.305207989045745,10.800806524421436,852.0,0.25,False
2021-04-01,107.618,107.558,12.4,144587.0,6.1,111.327,0.526836923421814,3.6402858298503427,0.5844781311662439,3.1306032044336574,0.7903742734532093,25.404960911978726,355.0,0.25,False
2021-05-01,108.175,108.099,10.0,145065.0,5.8,111.142,0.5175714099871831,4.07246348925363,0.5029844363041214,3.5411199019175887,-0.16617711786000022,15.577878995861138,478.0,0.25,False
2021-06-01,108.76,108.603,8.8,145820.0,5.9,112.053,0.5407903859486973,4.306128320705871,0.46623928065938625,3.8617128102137466,0.819672131147553,10.504827368566394,755.0,0.25,False
2021-07-01,109.256,109.058,9.5,146762.0,5.4,111.876,0.4560500183891092,4.473216164011551,0.418957119048291,3.92711817566731,-0.15796096490052758,8.663895256225974,942.0,0.25,False
2021-08-01,109.674,109.409,8.7,147314.0,5.1,112.637,0.3825876839715914,4.580909697720981,0.32184709053897365,3.9584580447155737,0.6802173835317671,8.534399691655414,552.0,0.25,False
2021-09-01,110.034,109.641,7.6,147771.0,4.7,112.79,0.3282455276546914,4.737428253233955,0.21204836896415724,4.013850678303776,0.13583458366257517,7.346460964490675,457.0,0.25,False
2021-10-01,110.762,110.188,7.0,148572.0,4.5,113.505,0.6616136830434272,5.336135652537788,0.498900958583004,4.436672448273571,0.6339214469367693,7.6989496256796075,801.0,0.25,False
2021-11-01,111.5,110.77,6.6,149230.0,4.1,113.734,0.666293494158654,5.93019057933839,0.5281881874614314,4.8908669097107005,0.20175322673010587,8.200620278935244,658.0,0.25,False
2021-12-01,112.191,111.418,6.6,149816.0,3.9,113.307,0.6197309417040442,6.141969176624196,0.5849959375282099,5.2145501246505965,-0.37543742416514814,7.361329568496666,586.0,0.25,False
2022-01-01,112.805,111.976,4.2,150006.0,4.0,113.372,0.547280976192388,6.272433512016362,0.5008167441526545,5.35843659732218,0.05736627039811815,6.076086753120391,190.0,0.25,False
2022-02-01,113.471,112.468,4.1,150825.0,3.9,113.448,0.5903993617304204,6.545539906103293,0.4393798671143756,5.602764293293028,0.06703595243975347,7.132536946975776,819.0,0.25,False
2022-03-01,114.469,112.914,3.2,151315.0,3.7,114.041,0.8795198773254853,6.926410970164576,0.39655724294911376,5.593221924008485,0.5227064381919444,3.2475057489995907,490.0,0.5,False
2022-04-01,114.812,113.307,2.6,151623.0,3.7,114.632,0.2996444452209701,6.684755338326309,0.34805250013285605,5.345023150300299,0.5182346699871276,2.9687317542016034,308.0,0.5,False
2022-05-01,115.525,113.703,2.6,151924.0,3.6,114.473,0.6210152248893985,6.794545874740021,0.3494929704254801,5.184136763522318,-0.13870472468421324,2.997066815425309,301.0,1.0,False
2022-06-01,116.638,114.376,2.2,152358.0,3.6,114.544,0.9634278294741394,7.243471864656126,0.59189291399524,5.31569109508947,0.06202335922007585,2.2230551613968474,434.0,1.75,False
2022-07-01,116.631,114.628,3.3,153072.0,3.5,114.646,-0.006001474648065219,6.7502013619389345,0.22032594250540605,5.107374057840786,0.08904874982540445,2.475955522185269,714.0,2.5,False
2022-08-01,116.956,115.276,3.2,153362.0,3.6,115.268,0.27865661788033513,6.6396775899483895,0.5653069058170646,5.362447330658338,0.542539643772999,2.335822154354261,290.0,2.5,False
2022-09-01,117.371,115.788,3.4,153582.0,3.5,115.348,0.35483429665856825,6.667939000672507,0.4441514278774372,5.606479327988612,0.06940347711419381,2.267931554215785,220.0,3.25,False
2022-10-01,117.919,116.204,3.4,153939.0,3.6,115.556,0.4668955704560718,6.461602354598139,0.3592772998929128,5.459759683450094,0.1803238894475756,1.8069688559975372,357.0,3.25,False
2022-11-01,118.224,116.539,3.8,154242.0,3.6,115.247,0.25865212561164697,6.030493273542614,0.2882861175174778,5.20808883271644,-0.26740281768147245,1.330297008810044,303.0,4.0,False
2022-12-01,118.384,116.952,4.2,154342.0,3.5,115.146,0.13533631073217034,5.520050627946982,0.35438780150851557,4.9668814733705435,-0.08763785608302266,1.6230241732637873,100.0,4.5,False
2023-01-01,119.018,117.505,4.9,154776.0,3.5,116.635,0.5355453439654045,5.507734586232882,0.4728435597510128,4.937665213974429,1.2931408820106682,2.878135694880579,434.0,4.5,False
2023-02-01,119.369,117.929,5.5,155066.0,3.6,116.562,0.2949133744475585,5.197803844154003,0.3608357091187564,4.855603371625716,-0.06258841685601313,2.744869896340174,290.0,4.75,False
2023-03-01,119.538,118.315,6.0,155134.0,3.5,116.578,0.14157779658034997,4.428273156924578,0.3273155881929002,4.783286394955444,0.013726600435814973,2.224638507203558,68.0,5.0,False
2023-04-01,119.951,118.734,5.8,155375.0,3.4,116.938,0.3454968294600791,4.476012960317743,0.3541393737057863,4.789642299240104,0.3088061212235482,2.0116546863005125,241.0,5.0,False
2023-05-01,120.15,119.083,6.1,155655.0,3.6,116.888,0.16590107627281192,4.003462454014284,0.29393434062694457,4.731625374880166,-0.04275770066188844,2.1096677819223864,280.0,5.25,False
2023-06-01,120.469,119.39,5.8,155880.0,3.6,117.256,0.26550145651267343,3.284521339529123,0.2578033808352087,4.383786808421353,0.31483129149270095,2.3676491130046218,225.0,5.25,False
2023-07-01,120.607,119.556,5.5,156043.0,3.5,117.816,0.11455229146086765,3.40904219289897,0.13904012061312088,4.299124123250864,0.4775875008528274,2.7650332327338045,163.0,5.5,False
2023-08-01,120.97,119.689,5.6,156261.0,3.7,117.892,0.30097755519995495,3.43205991996991,0.11124493960987802,3.8282036156702226,0.06450736742038554,2.276434049345877,218.0,5.5,False
2023-09-01,121.419,120.058,5.3,156417.0,3.7,118.043,0.3711664048937635,3.4488928270185903,0.3082990082631021,3.687774208035388,0.12808333050589038,2.3364080868328863,156.0,5.5,False
2023-10-01,121.484,120.241,5.4,156576.0,3.9,118.361,0.05353363147448942,3.0232617305099296,0.15242632727514582,3.4740628549791763,0.2693933566581652,2.427394510021119,159.0,5.5,False
2023-11-01,121.493,120.374,5.6,156703.0,3.7,118.783,0.007408382996931806,2.7650899986466193,0.11061118919502011,3.2907438711504255,0.35653635910477544,3.0681926644511304,127.0,5.5,False
2023-12-01,121.66,120.592,5.6,156857.0,3.8,119.267,0.13745647897409619,2.7672658467360334,0.18110223137888237,3.1123879882344996,0.4074657147908223,3.5789345700241393,154.0,5.5,False
2024-01-01,122.23,121.217,6.4,157032.0,3.7,118.833,0.4685188229492043,2.6987514493606035,0.5182765025872449,3.159014510020852,-0.3638894245684088,1.8845115102670729,175.0,5.5,False
2024-02-01,122.598,121.537,6.1,157238.0,3.9,119.356,0.30107174997955344,2.705057426970159,0.26398937442768666,3.059467984974007,0.4401134365033199,2.3970076011049946,206.0,5.5,False
2024-03-01,123.038,122.009,5.9,157466.0,3.9,119.756,0.3588965562244084,2.9279392327126175,0.3883591005208187,3.122173857921662,0.3351318743925802,2.7260718145790674,228.0,5.5,False
2024-04-01,123.341,122.304,5.8,157530.0,3.9,119.974,0.24626538142686893,2.826154012888593,0.2417854420575516,3.006720905553606,0.18203680817663326,2.5962475841899035,64.0,5.5,False
2024-05-01,123.348,122.383,5.8,157608.0,3.9,120.53,0.005675322885334566,2.6616729088639213,0.06459314495028678,2.7711764063720334,0.4634337439778591,3.1158031620012183,78.0,5.5,False
2024-06-01,123.539,122.677,5.7,157695.0,4.1,120.87,0.15484645069234748,2.548373440470164,0.2402294436318897,2.7531619063573265,0.28208744710860323,3.0821450501467007,87.0,5.5,False
2024-07-01,123.736,122.911,5.3,157748.0,4.2,121.317,0.1594638130469006,2.594376777467322,0.19074480138900896,2.8062163337682744,0.3698188136013858,2.9715828070890016,53.0,5.5,False
2024-08-01,123.889,123.128,5.2,157757.0,4.2,121.482,0.12365035236308053,2.412994957427461,0.17655051215921258,2.873279917118543,0.13600731966665336,3.045159976928047,9.0,5.5,False
2024-09-01,124.164,123.466,4.8,157912.0,4.1,122.1,0.22197289509158225,2.260766436883843,0.2745110779026616,2.838627996468368,0.5087173408406143,3.436883169692395,155.0,5.0,False
2024-10-01,124.494,123.832,5.0,157945.0,4.1,122.25,0.26577752005412236,2.4776925356425616,0.29643788573372465,2.9865021082658982,0.12285012285013774,3.285710664830477,33.0,5.0,False
2024-11-01,124.637,123.962,4.9,158079.0,4.2,122.639,0.11486497341237634,2.5878034125423,0.10498094192132879,2.980710120125618,0.31820040899794844,3.2462557773418776,134.0,4.75,False
2024-12-01,124.979,124.196,4.3,158316.0,4.1,123.512,0.2743968484478998,2.7280946901200087,0.1887675255320076,2.9885896245190446,0.7118453346814713,3.559241030628768,237.0,4.5,False
2025-01-01,125.417,124.587,5.1,158268.0,4.0,122.767,0.35045887709135304,2.6073795303935166,0.3148249541047976,2.7801380994415092,-0.6031802577887158,3.3105282202755104,-48.0,4.5,False
2025-02-01,125.921,125.145,5.2,158310.0,4.2,122.62,0.4018593970514406,2.7104846734857135,0.44787979484215423,2.9686432938117457,-0.11973901781422436,2.734676095043409,42.0,4.5,False
2025-03-01,125.941,125.267,5.1,158377.0,4.2,123.575,0.015882974245751136,2.3594336708984365,0.09748691517839081,2.670294814316976,0.7788289022997885,3.1889842680116187,67.0,4.5,False
2025-04-01,126.15,125.502,5.5,158485.0,4.2,123.748,0.16595072295757518,2.2774259978433964,0.1875992879210031,2.614795918367352,0.1399959538741724,3.1456815643389424,108.0,4.5,False
2025-05-01,126.38,125.79,4.9,158498.0,4.3,123.575,0.18232263178754593,2.4580860654408676,0.22947841468663466,2.783883382495933,-0.13980023919578644,2.526341989546177,13.0,4.5,False
2025-06-01,126.743,126.121,4.6,158478.0,4.1,123.894,0.28722899192910045,2.5935129797068024,0.26313697432227556,2.8073722050588,0.25814282824196955,2.501861504095304,-20.0,4.5,False
2025-07-01,126.96,126.43,4.5,158542.0,4.3,124.505,0.1712126113473822,2.605547294239341,0.24500281475725583,2.86304724556794,0.4931635107430443,2.6278262733170132,64.0,4.5,False
2025-08-01,127.293,126.714,4.4,158472.0,4.3,124.869,0.26228733459359166,2.7476208541517,0.2246302301668779,2.912416347215907,0.2923577366370944,2.7880673680051427,-70.0,4.5,False
2025-09-01,127.625,126.954,4.3,158548.0,4.4,125.007,0.2608155986582039,2.7874424148706556,0.18940290733462373,2.825069249833967,0.11051582057997056,2.3808353808354,76.0,4.25,False
2025-10-01,127.871,127.243,3.9,158408.0,,125.271,0.19275220372183544,2.7125805259691216,0.22764150794776228,2.75453840687383,0.21118817346228447,2.47116564417178,-140.0,4.0,False
2025-11-01,128.152,127.469,3.8,158449.0,4.5,125.394,0.21975271953764697,2.8201898312699925,0.17761291387345945,2.8290927864990767,0.09818713030151915,2.2464305808103546,41.0,4.0,False
2025-12-01,128.576,127.886,3.6,158432.0,4.4,125.507,0.3308571071852118,2.878083518031027,0.32713836305298116,2.971110180682146,0.09011595451138277,1.6152276701858925,-17.0,3.75,False
2026-01-01,129.023,128.455,4.4,158592.0,4.3,125.265,0.34765430562468946,2.8752083050942012,0.44492751356677296,3.104657789335974,-0.19281793047399853,2.034748751700377,160.0,3.75,False
2026-02-01,129.539,128.961,3.8,158436.0,4.4,125.537,0.3999286948838554,2.873230041057484,0.3939122649955218,3.0492628550881085,0.21713966391250228,2.3788941445114897,-156.0,3.75,False
2026-03-01,130.403,129.343,3.5,158650.0,4.3,125.879,0.6669806004369283,3.5429288317545327,0.29621358395170994,3.253849776876594,0.27242964225686617,1.8644547845438009,214.0,3.75,False
2026-04-01,130.946,129.681,2.9,158798.0,4.3,126.13,0.4164014631565349,3.8018232263178797,0.26132067448567664,3.3298274131089656,0.19939783442828318,1.9248795940136398,148.0,3.75,False
2026-05-01,131.576,130.147,2.8,158861.0,4.3,126.597,0.4811143524811712,4.111410033233098,0.3593433116647615,3.463709356864597,0.37025291366050705,2.4454784543799235,63.0,3.75,False
2026-06-01,131.454,130.338,2.6,158881.0,4.2,127.157,-0.09272207697451629,3.71697056247684,0.14675712847780353,3.343614465473621,0.4423485548630701,2.633703004180976,20.0,3.75,False
2026-07-01,131.659,130.658,3.0,158858.0,4.1,127.167,0.2,3.7,0.2,3.3,0.0,2.138066744307454,-23.0,3.75,False
