date,headline_mom,core_mom
2025-02-01,0.4018593970514406,0.44787979484215423
2025-03-01,0.015882974245751136,0.09748691517839081
2025-04-01,0.16595072295757518,0.1875992879210031
2025-05-01,0.18232263178754593,0.22947841468663466
2025-06-01,0.28722899192910045,0.26313697432227556
2025-07-01,0.1712126113473822,0.24500281475725583
2025-08-01,0.26228733459359166,0.2246302301668779
2025-09-01,0.2608155986582039,0.18940290733462373
2025-10-01,0.19275220372183544,0.22764150794776228
2025-11-01,0.21975271953764697,0.17761291387345945
2025-12-01,0.3308571071852118,0.32713836305298116
2026-01-01,0.34765430562468946,0.44492751356677296
2026-02-01,0.3999286948838554,0.3939122649955218
2026-03-01,0.6669806004369283,0.29621358395170994
2026-04-01,0.4164014631565349,0.26132067448567664
2026-05-01,0.4811143524811712,0.3593433116647615
2026-06-01,-0.09272207697451629,0.14675712847780353
2026-07-01,0.15594808830463602,0.2455155058386671
