date,headline_sa,headline_nsa,core_sa,core_nsa,food_sa,food_nsa,energy_sa,energy_nsa,gasoline_sa,gasoline_nsa,core_goods_sa,core_goods_nsa,services_less_energy_sa,services_less_energy_nsa,services_less_shelter_sa,services_less_shelter_nsa,shelter_sa,shelter_nsa,rent_sa,rent_nsa,oer_sa,oer_nsa,headline_mom,headline_yoy,headline_ann3,headline_ann6,core_mom,core_yoy,core_ann3,core_ann6,food_mom,food_yoy,food_ann3,food_ann6,energy_mom,energy_yoy,energy_ann3,energy_ann6,gasoline_mom,gasoline_yoy,gasoline_ann3,gasoline_ann6,core_goods_mom,core_goods_yoy,core_goods_ann3,core_goods_ann6,services_less_energy_mom,services_less_energy_yoy,services_less_energy_ann3,services_less_energy_ann6,services_less_shelter_mom,services_less_shelter_yoy,services_less_shelter_ann3,services_less_shelter_ann6,shelter_mom,shelter_yoy,shelter_ann3,shelter_ann6,rent_mom,rent_yoy,rent_ann3,rent_ann6,oer_mom,oer_yoy,oer_ann3,oer_ann6
2020-01-01,259.127,257.971,266.716,266.004,261.293,261.057,220.147,213.043,242.397,227.01,144.308,143.532,343.272,342.694,347.877,347.578,323.487,323.053,337.591,337.825,331.327,331.522,,,,,,,,,,,,,,,,,,,,,,,,,,,,,,,,,,,,,,,,,,,,
2020-02-01,259.25,258.678,267.37,267.268,261.962,261.876,214.294,208.354,230.646,218.373,144.717,144.605,344.125,344.006,348.302,348.701,324.483,324.254,338.489,338.616,332.056,332.177,0.04746707213065804,,,,0.2452046371421268,,,,0.25603441347452627,,,,-2.658678065111031,,,,-4.847832275151919,,,,0.2834215705297183,,,,0.2484909925656753,,,,0.12216961742226307,,,,0.30789490767788585,,,,0.2660023519584165,,,,0.22002432642072023,,,
2020-03-01,258.076,258.115,267.054,267.312,262.622,262.708,201.681,199.573,204.901,202.205,144.488,144.718,343.768,343.99,348.117,347.979,324.54,324.615,339.502,339.519,332.877,332.864,-0.4528447444551498,,,,-0.11818827841568735,,,,0.2519449385788963,,,,-5.885839080888877,,,,-11.162127242614217,,,,-0.1582398750665237,,,,-0.10374137304759445,,,,-0.05311482563982173,,,,0.017566405636038063,,,,0.2992711727707542,,,,0.2472474522369872,,,
2020-04-01,256.032,256.389,265.746,266.089,266.37,266.757,182.586,183.081,164.836,168.891,143.211,143.613,342.508,342.776,345.745,345.544,324.391,324.522,340.225,340.135,333.532,333.358,-0.7920147553434065,,-4.692664861410889,,-0.48978858208451603,,-1.4468141911167853,,1.42714624060436,,8.001588212956179,,-9.467922114626559,,-52.68282461931941,,-19.553345274059176,,-78.61548984624102,,-0.8838104202425034,,-3.0062214613756244,,-0.36652626189755955,,-0.8872884459617092,,-0.681380110709906,,-2.4289972405080684,,-0.0459111357613895,,1.1225136985683726,,0.21295898109583433,,3.1576525554806834,,0.19676937727748367,,2.6887146797823114,
2020-05-01,255.802,256.394,265.412,265.799,268.086,268.439,180.04,183.076,160.261,168.528,142.711,142.964,342.329,342.801,344.752,344.834,324.973,325.265,341.007,340.811,334.293,334.052,-0.08983252093487382,,-5.214766871657483,,-0.12568392374673332,,-2.8972534222683755,,0.6442166910688218,,9.684017505748233,,-1.394411400655049,,-50.17630052655233,,-2.775485937537925,,-76.69078302887533,,-0.34913519212909083,,-5.430391005256052,,-0.052261553014809614,,-2.0713273132443755,,-0.287205888733022,,-4.015014354646773,,0.17941311565363716,,0.6054074170697588,,0.22984789477551448,,3.0089444364362006,,0.22816401424752275,,2.722079505695252,
2020-06-01,257.042,257.797,265.849,266.302,269.553,269.77,188.734,193.379,178.169,185.422,142.586,142.908,343.259,343.713,345.99,346.852,325.425,325.814,341.524,341.294,334.617,334.424,0.4847499237691677,,-1.5930228135305535,,0.16464967672902286,,-1.7926991719821372,,0.5472124616727303,,10.981926985018076,,4.8289269051321915,,-23.309665275094325,,11.174271968850814,,-42.83209751084824,,-0.08758960416506145,,-5.162428434811838,,0.27166848265849364,,-0.5909457999612955,,0.35909871443819963,,-2.4216976274649804,,0.13908847811971992,,1.0952444614877432,,0.1516097910013503,,2.403680352446824,,0.09692096454307908,,2.1073134899969093,
2020-07-01,258.352,259.101,267.389,267.703,268.532,268.863,191.966,197.665,185.072,194.397,143.375,143.696,345.28,345.493,348.97,349.557,326.249,326.58,342.312,341.95,335.334,335.144,0.5096443382793581,,3.6741102382047197,-0.5972677957611916,0.5792762056656242,,2.4960675325931048,0.5052933343288935,-0.378775231587114,,3.2863530021810083,5.617660289175053,1.7124630432248544,,22.187664738933922,-23.96333015046006,3.8744113734712426,,58.91123554442126,-41.70558405776706,0.5533502587911743,,0.4588528125210045,-1.2888875458192173,0.5887682478827871,,3.2768094567904305,1.1733395016308101,0.8612965692650132,,3.7836022705016292,0.6293701834863219,0.25320734424214564,,2.310821222146031,1.714932141491654,0.23073049039012972,,2.476339702254493,2.8164317906557823,0.2142748276387607,,2.17868916406172,2.433384489249879
2020-08-01,259.316,259.918,268.422,268.756,268.957,269.079,193.307,197.362,188.325,194.449,144.691,145.391,345.913,345.936,349.469,349.819,326.782,326.997,342.65,342.444,335.891,335.763,0.3731343283582156,,5.609141632955494,0.050922585270707366,0.38632853258735445,,4.614097638682635,0.7884726120356955,0.15826791592807865,,1.3059301334321871,5.411770757309031,0.698561203546455,,32.89673353957401,-18.627972171767837,1.7576943027578285,,90.68674747147708,-33.330975930866394,0.9178727114210972,,5.6662452444608435,-0.035928970897824986,0.18332947173309577,,4.254010252795726,1.0418569026108937,0.14299223428946295,,5.586270914378977,0.6712307368050396,0.16337214826711577,,2.2453079452454228,1.4220432761792523,0.09874033045875752,,1.9412063116077682,2.4736847036139764,0.1661030494969351,,1.9258492265995963,2.323189883526733
2020-09-01,259.997,260.28,268.933,269.054,269.043,269.163,196.705,198.858,193.069,195.888,145.698,146.096,346.004,345.88,349.782,349.887,327.043,327.116,342.986,342.91,336.126,336.095,0.2626139536318739,,4.678377012614265,1.4942493868346451,0.19037187711885561,,4.721598298943475,1.412156605286663,0.03197537152779262,,-0.7546633553492943,4.949696069594056,1.7578256348709687,,17.994297692820748,-4.87365146452542,2.519049515465288,,37.88645899517205,-11.215543914430492,0.6959658859224227,,9.02016065919289,1.6818926287493818,0.026307192849062133,,3.237325791702217,1.3051080404852256,0.08956445349945774,,4.456540811534904,0.958862533692395,0.07986976026832515,,2.0036653528135995,1.5484391057315694,0.09805924412666922,,1.7233513788900368,2.0629490019933305,0.06996317257681461,,1.816092162710503,1.9615988536090923
2020-10-01,260.319,260.388,269.306,269.328,269.653,269.828,196.113,196.458,191.525,192.792,146.112,146.261,346.302,346.22,350.191,350.038,327.421,327.273,343.502,343.615,336.841,336.965,0.1238475828567287,,3.080414773779294,3.376836306092579,0.1386962552011095,,2.898719270704264,2.697196063901619,0.22672955624194469,,1.6803048576569335,2.480182771584327,-0.30095828779136413,,8.925176108183175,15.365995422984247,-0.7997140918531653,,14.693554184743519,35.004053289072054,0.28414940493348695,,7.857368022706335,4.092398660704166,0.08612617195176142,,1.1892336800368941,2.2276929498646902,0.11692997352636958,,1.4069096341492893,2.588373497932217,0.11558113153316008,,1.444700809866939,1.8768405894705298,0.1504434583335712,,1.3978121686436973,1.9356495288047837,0.21271784985392728,,1.8097648525722043,1.9940602032156862
2020-11-01,260.911,260.229,269.981,269.473,269.636,269.069,197.017,194.388,191.823,187.609,146.388,145.75,347.166,346.884,351.811,351.287,327.801,327.435,343.731,344.039,336.982,337.247,0.2274132890799363,,2.483111287293238,4.034385733399226,0.25064424854999157,,2.343525818306813,3.47258382123925,-0.0063043986159971865,,1.0136573532757431,1.1596881882966814,0.4609587329753806,,7.900754941513499,19.74831054416257,0.15559326458687295,,7.639286633453368,43.266833106212154,0.18889618922470763,,4.774557827829629,5.219456959325708,0.24949321690315163,,1.456810891548077,2.8459012450345877,0.4626046928676075,,2.707705764930002,4.137042621202824,0.11605853014926559,,1.253161089135868,1.7480252191080181,0.06666627850784312,,1.267913395703224,1.6040021466547039,0.04185951235153862,,1.3055747230327652,1.6152386949607411
2020-12-01,262.045,260.474,270.341,269.226,270.781,270.023,205.67,198.155,208.753,193.99,146.718,145.317,347.508,346.808,352.107,350.968,328.217,327.702,344.125,344.455,337.456,337.695,0.4346309661148906,,3.1882298797475617,3.9306327827197007,0.13334271670970566,,2.1107056858820528,3.4079121869240003,0.42464656054828076,,2.6091200185576424,0.9132135007756004,4.3920067811407115,,19.514939257385542,18.752184491382472,8.825844658878236,,36.67236614571754,37.27807039117587,0.22542831379619432,,2.8298570352427665,5.879778685752846,0.09851195105510246,,1.7500777591677341,2.4910041269683214,0.0841360844317185,,2.6854261204660945,3.567197530406907,0.12690626325118082,,1.443647077273491,1.7232708314038225,0.11462451742787483,,1.334965530125265,1.528972739748724,0.1406603320058597,,1.592158605684757,1.7040637516766433
2021-01-01,262.687,261.582,270.387,269.755,271.195,270.938,212.47,205.273,223.567,207.406,146.752,145.973,347.622,347.19,351.243,351.226,328.535,328.282,344.489,344.758,337.954,338.181,0.24499608845809373,1.3997697415600863,3.688562525737704,3.3840414786053152,0.017015547031329348,1.4101291709899044,1.6153018059201774,2.2549970130324004,0.15289108172287236,3.784997146217095,2.30707953642757,1.9932107366000595,3.3062673214372618,-3.647151044624797,37.773261163393165,22.502966230297126,7.096424961557446,-8.635742918814138,85.66451717555117,45.92643133051089,0.02317370738424973,1.7006660535629603,1.7636259472778582,4.766200919574115,0.0328050001726643,1.3119576064944072,1.533420386207851,1.3611809411936848,-0.24537995552489367,1.0495485905322122,1.2070554995310623,1.3069332838541614,0.09688712041120429,1.6186198549464015,1.3679003230259612,1.4062932957998209,0.10577551761714599,2.052245985347434,1.15430145148685,1.2759836221214904,0.14757479493623382,2.00861481289325,1.3282570387826542,1.5687256099999214
2021-02-01,263.579,263.014,270.793,270.696,271.425,271.363,219.242,213.277,234.713,221.689,146.617,146.532,348.449,348.361,352.819,352.974,329.124,329.005,345.099,345.242,338.78,338.918,0.33956762230333837,1.6762152173745104,4.153451530935426,3.3149058180888202,0.15015514799159302,1.2826077195923435,1.2084859759740496,1.774423592147345,0.08480982318996855,3.6227069299974213,2.6804782160755103,1.8436578456859198,3.187273497434928,2.362805609683516,53.348740685829114,28.632985230582864,4.985530064812771,1.5185027453027633,124.15367446671692,55.331070993104035,-0.09199193196687272,1.332595691711913,0.6272041697096942,2.6799436225598328,0.2379020890507455,1.265966291285614,1.4864702132934005,1.471639468773911,0.44869221593029085,1.2254051465295346,1.1510048578076804,1.9263834576833894,0.17928074634361302,1.4652093728990234,1.6241939286927298,1.438507867651051,0.17707386883181186,1.9567888109244702,1.6014713306322426,1.4345552540478756,0.2444119613911777,2.029339779695749,2.1513806182241746,1.7275986263337817
2021-03-01,264.961,264.877,271.459,271.713,271.636,271.812,229.617,225.861,254.403,247.652,146.933,147.16,349.342,349.607,354.408,354.212,329.947,330.122,345.658,345.717,339.559,339.565,0.524320981565296,2.619762508959189,4.525994159883218,3.854958060649083,0.2459443190924393,1.646390734422698,1.6644969185032776,1.8873570348576285,0.07773786497191626,3.465444523958161,1.2690078955818418,1.9368617592184556,4.732213718174427,13.172122481497993,55.35754925646883,36.26279045492629,8.388968655336516,22.475705348532426,120.57587540573613,73.62783995190678,0.21552753091387267,1.687419671360857,0.5874481716827473,1.7024725119011874,0.2562785371747367,1.6328963051251533,2.1278011003785124,1.9387644781725166,0.45037257063820224,1.7912000436808073,2.639713257358922,2.66256714457489,0.250057729001818,1.6964712043497698,2.1250893408236493,1.783797928872466,0.16198250357144506,1.825523755666092,1.7938530651687046,1.5641501295486915,0.22994273569869605,2.013134493366664,2.5161685127379707,2.0531177926141453
2021-04-01,266.614,267.054,273.66,273.968,272.715,273.09,227.255,229.116,246.052,252.603,149.554,149.915,351.017,351.265,356.807,356.494,331.208,331.354,346.357,346.267,340.371,340.162,0.6238653990587206,4.15969483870211,6.1151713580587685,4.894850113289406,0.8108038414641028,2.961039351495187,4.930577144386206,3.259635217233847,0.39722275397957585,2.3740707835220753,2.2608481910261657,2.2839612517126406,-1.0286694800472063,25.14460812427288,30.87699574775622,34.28086429359887,-3.2825870764102594,49.56569621827096,46.71577139221481,65.04518429076957,1.7838062246057884,4.388182128358853,7.858907776326318,4.7669487292247625,0.4794728375059343,2.47654444885288,3.964144704791428,2.7415943491443606,0.6769034559039211,3.168916259579113,6.488510519425428,3.8142022759982686,0.3821825929618994,2.105250183346574,3.2943815105025642,2.326607335947717,0.20222300655561298,1.8028135887221186,2.186715876567069,1.6691981974663594,0.23913369988719513,2.041048962376779,2.891580416457762,2.1069268343994807
2021-05-01,268.383,269.195,275.465,275.893,273.932,274.212,229.854,235.339,249.382,263.17,151.991,152.217,352.15,352.721,358.541,358.568,332.111,332.454,347.242,347.016,341.339,341.095,0.6635060424433847,4.992706537594471,7.492159709625423,5.809637775923027,0.6595775780164903,3.7976064620258043,7.081875734845844,4.103768032627619,0.44625341473700786,2.1505816964002777,3.746077911807033,3.21190286505999,1.1436492046379643,28.547160741986932,20.812881502498783,36.112098055369366,1.3533724578544515,56.15802715275802,27.44178230662415,69.01640093380654,1.6295117482648447,6.472258750454674,15.487285555819108,7.801496569532684,0.32277638974749223,2.8938071942613997,4.316709847343292,2.891859088419513,0.48597701278281225,3.982785920181886,6.6467052577410035,3.862512012732222,0.2726383420690315,2.2101978386853904,3.6799623770517265,2.6469317764787004,0.25551670675054705,1.8206571970975194,2.5071578969052544,2.05330991323609,0.28439555661323723,2.108354387939615,3.0558364476575894,2.6026119253020674
2021-06-01,270.654,271.696,277.651,278.218,275.997,276.206,233.603,240.72,256.305,268.979,154.821,155.284,353.72,354.25,359.801,360.462,333.835,334.222,348.07,347.833,342.479,342.258,0.8461787818155431,5.391451413321335,8.875454980187868,6.67856003627787,0.7935672408473149,4.474619041539296,9.440983776911892,5.48110047750654,0.753836718601697,2.385735997331073,6.578140667311105,3.889665360585104,1.6310353528761645,24.480941570697958,7.126646347615995,29.00749294761944,2.776062426317849,45.063153239637145,3.0242355201988147,50.74700971453656,1.861952352441909,8.660116998348588,23.26565550440225,11.350697053936564,0.4458327417294017,3.065639065150272,5.107875088414526,3.607124084751212,0.351424244368137,3.923863780517345,6.227117719156028,4.418010433305408,0.5191035527278398,2.580613478856031,4.797454212736096,3.4526431473191233,0.23845041786418886,1.9159434387947094,2.8205498371869364,2.3059135251059626,0.3339788304295599,2.342535224744635,3.4843802950021763,2.999136737929553
2021-07-01,271.903,273.003,278.648,279.146,277.813,278.127,236.488,244.8,260.515,275.656,155.288,155.873,355.085,355.375,360.518,361.153,335.446,335.812,348.853,348.469,343.51,343.293,0.4614747980816958,5.365475239385398,8.174325215500255,7.139801459519224,0.359083885885525,4.2745131731807495,7.4925660646443015,6.203846427020676,0.6579781664293405,3.445621004005761,7.689696661006518,4.9401721076768546,1.2350012628262519,23.84590089292491,17.26884421601649,23.886214026435848,1.6425742767405938,41.800542189437095,25.667605251119774,35.784460242806794,0.3016386665891657,8.474139850796124,16.24103101833887,11.97156176651324,0.3858984507519869,2.8602605552066285,4.716882820987411,4.339834955954469,0.19927682246574374,3.3173416638774267,4.225586720947816,5.350972885526484,0.4825737265415686,2.8268724355441366,5.217310724630098,4.251412630712226,0.22495475048123215,1.9064190671150838,2.913884528224764,2.5496556700193684,0.3010403557590413,2.431492134724178,3.740260763642911,3.3150491592907283
2021-08-01,272.676,273.567,278.997,279.507,279.01,279.135,240.692,246.639,266.871,277.448,155.57,156.581,355.355,355.423,360.54,361.047,336.022,336.284,349.983,349.71,344.4,344.327,0.2842925602144719,5.251271554874992,6.55348179038393,7.021791623148466,0.1252476242427747,4.000282784384357,5.228269655894446,6.15102682068287,0.4308653662715489,3.7371924230430453,7.623720939566536,5.66711379494973,1.777680051419095,24.967825619926852,20.23706292086791,20.52462833324695,2.43978273803811,42.6841999701721,31.143001012046767,29.27914675621377,0.1815980629539915,7.69648740293416,9.756921509932148,12.585651555361022,0.07603813171495055,2.7424147819249844,3.690495834968166,4.003131529505111,0.006102330535528999,3.2096598526666575,2.248869705422085,4.424638234524503,0.17171169130052455,2.8400872179255465,4.794335565480834,4.2356597751325165,0.32391867061483115,2.1218067771664684,3.195034919056794,2.850521333751188,0.2590899828243787,2.5506086138139095,3.635589909651582,3.345306636951695
2021-09-01,273.91,274.31,279.698,279.884,281.366,281.506,245.302,248.228,273.26,278.338,156.259,156.72,356.039,355.962,361.095,361.09,337.357,337.451,351.306,351.255,345.833,345.824,0.4525517463950024,5.390348855079163,4.899580633777045,6.869029979378882,0.25125718197684943,4.025214269254507,2.981799351716208,6.162278763072737,0.8444141787032677,4.5856971426236015,8.011257018108786,7.292306080767452,1.9153108537051544,24.826760804191927,21.587993949576713,14.12849787827919,2.394040566415989,42.090378175283846,29.203994926739462,15.373926012262306,0.4428874461657184,7.271930785237091,3.7673413142090384,13.097079303777903,0.1924835727652452,2.9148837747195566,2.6483150497422336,3.8708153250205823,0.1539357630221394,3.2018908962036186,1.4463522085773395,3.809217308674051,0.39729541518116473,3.1594296824368318,4.287302823620087,4.542067334772293,0.3780183608918186,2.433583155930119,3.7709746813318956,3.2946691454856847,0.4160859465737632,2.894717267439262,3.9752423521753677,3.729520970828437
2021-10-01,276.55,276.589,281.668,281.617,283.972,284.205,254.756,255.338,286.527,288.501,158.483,158.55,357.631,357.469,363.317,363.265,338.948,338.671,352.771,352.892,347.414,347.522,0.9638202329232071,6.221868903328898,7.013521064560879,7.592357675132311,0.704331099972122,4.562837877977799,4.406207187773181,5.938147631958524,0.9261957734765458,5.328209081340707,9.167112576309467,8.425888231089495,3.85402483469357,29.970782559122043,34.66702047133736,25.667202740764306,4.855083071067856,49.64365741317065,46.32929273817625,35.605500612979114,1.4232780191861139,8.402103089682145,8.487361756718004,12.297296419194371,0.447142026575742,3.2490901738778666,2.899039713845686,3.803982024327457,0.615350531023684,3.7787325947468586,3.1418852625900717,3.6823201273878503,0.471607229137061,3.482719319956118,4.241783319879944,4.728411169354452,0.4170153655218112,2.6998239308528404,4.568687348990719,3.7379863651790357,0.45715706713933546,3.1329663318148793,4.624097440082142,4.181241836498106
2021-11-01,278.919,277.948,283.406,282.754,286.151,285.507,263.798,259.1,305.127,296.571,160.247,159.426,359.116,358.722,364.386,364.091,340.544,339.997,354.215,354.526,348.902,349.152,0.8566262881938069,6.809002839806477,9.477466822037094,8.005579797894246,0.6170384992260303,4.928508607541393,6.4726413880267675,5.848626911049859,0.7673291732987808,6.109213621784737,10.637408710803097,9.120161292807127,3.549278525334043,33.290120789349146,44.29104268961594,31.716100681689575,6.491534829178414,58.079303231721305,70.89014739917971,49.70319560156169,1.113053135036579,9.383190394511143,12.578698702387436,11.158856584476617,0.41523246027330707,3.4126682118517992,4.301198313892063,3.9953987893157406,0.2942334104927724,3.6448829589481146,4.335694959022396,3.287012152979507,0.4708686878223123,3.836486630934388,5.492620841850759,5.1428985152251805,0.4093306989519929,3.0482009307084335,4.925245828770453,4.056544278534369,0.42830743723627496,3.5300536402102844,5.332226577193633,4.480464383656657
2021-12-01,280.845,278.802,285.18,283.908,287.812,286.966,267.899,256.207,313.591,290.185,162.481,160.85,360.353,359.559,365.724,364.361,341.931,341.241,355.588,355.931,350.281,350.508,0.6905230550805275,7.036402865545144,10.518564101574146,7.6724246337117386,0.6259571074712644,5.453410888992893,8.073400090567628,5.496887173909459,0.5804627626672554,6.2746506779052025,9.483613656647027,8.744943486763667,1.5545985943790308,29.296257979864237,42.259085820420104,31.518047681698636,2.7739269222323726,49.58760760863961,73.44033516181419,49.696974533018,1.3940978614264132,10.689045328488733,16.904215151756972,10.140090769538123,0.344456944274274,3.6766741251643698,4.935461692441745,3.785588265885531,0.36719303156542704,3.8160174146930625,5.227183142864966,3.319474848779369,0.4072895132493981,4.131497519087457,5.534632373376969,4.909113830504608,0.3876176898211625,3.331639836843703,4.9653883402715815,4.366472853471914,0.39523992410477327,3.7942522098343145,5.244787426840447,4.608088975035374
2022-01-01,282.543,281.148,286.757,285.996,290.077,289.772,270.189,260.653,312.894,290.416,164.074,162.991,361.776,361.397,367.932,367.891,342.858,342.604,357.411,357.737,351.723,352.005,0.6046039630400957,7.479872468289117,8.954094897952402,7.979448643860931,0.5529840802300345,6.020648366109982,7.425175702709352,5.904934500711545,0.7869720512000855,6.951405856690451,8.880749157170897,9.023836846048416,0.8547997566247023,26.97870640561595,26.524016654914107,30.53203568849736,-0.22226403181213605,40.022950155733184,42.20888472775999,44.25437783061541,0.9804223263027767,11.6583203743158,14.87574202642914,11.635864229613201,0.39489056563979386,4.091995737204401,4.717287069065468,3.8041823860962776,0.6037339633166106,4.744808186182126,5.178595446755407,4.1552621025438885,0.2711073286715715,4.362712545920888,4.694736244015996,4.4680142928001265,0.512671968682854,3.764669710347568,5.365917614631321,4.966545605177974,0.4116694882108973,4.087751825206043,5.054295077673898,4.8389755992765515
2022-02-01,284.5,283.716,288.273,288.059,292.899,292.794,275.322,267.771,323.33,305.959,164.945,164.559,363.705,363.672,369.815,369.918,344.705,344.607,359.438,359.627,353.327,353.512,0.6926379347568234,7.871063897739283,8.247203399019497,8.86059718141572,0.5286706165847699,6.414206342169804,7.048283800957744,6.7600746175418,0.9728451411177064,7.897539458216474,9.771723730055504,10.203716195106182,1.8997812642261414,25.55080951063642,18.652711801095823,30.845418352079147,3.335314835055958,38.01271150124725,26.084428050282128,46.787555651880666,0.5308580274753893,12.30243223323233,12.252750142552182,12.415606286728508,0.5332028658617372,4.3951533036132195,5.210253224406536,4.754739683766229,0.5117793505321488,4.800353567118254,6.094130863245972,5.21123929832894,0.5387069865658622,4.742177170559736,4.977783833311533,5.23488749813581,0.567134195645913,4.166642529008624,6.029853844358413,5.476103833085855,0.45604069111202516,4.306056332210151,5.170386031516205,5.2512751974178595
2022-03-01,287.674,287.504,289.056,289.305,295.546,295.728,303.099,298.246,375.953,366.499,164.318,164.449,365.6,365.938,372.817,372.608,346.396,346.618,360.989,361.083,354.948,354.968,1.115641476274165,8.542455554842432,10.086905221050113,10.302523504299499,0.27161752921707194,6.47447858586081,5.548410022354933,6.803443508480789,0.9037244920603982,8.798728532956602,11.189750023834577,10.333384042132332,10.088914071523526,32.04847229047954,63.85271581689427,52.67461334912389,16.27532242600438,47.989517548818526,106.57599762920009,89.28446916003065,-0.3801267089029614,11.748437075292205,4.5996491578495835,10.580920099027669,0.5210266562186483,4.671245140972569,5.952737072765935,5.442872600800186,0.8117572299663367,5.193499937890311,7.986380668009918,6.597854835300576,0.4905643956426564,4.996940525018023,5.326479399763762,5.430504516653678,0.4315069636487978,4.4446758475863435,6.215399675049582,5.588544239461557,0.4587818083531703,4.5360976543519005,5.436895543161291,5.34079769199578
2022-04-01,288.561,289.109,290.514,290.846,298.339,298.711,295.455,298.469,352.96,362.802,164.153,164.52,368.292,368.565,376.388,376.389,348.23,348.389,363.062,362.951,356.68,356.439,0.30833512934780316,8.258629340882372,8.795849825636903,8.874943611493213,0.5044005313849409,6.160573497634747,5.344569185870474,6.3797859281468305,0.9450305536194081,9.381888754623024,11.888882852601835,10.374568571524744,-2.5219482743262134,30.269819654672723,42.986396087681136,34.50358047287778,-6.115924064976208,43.62537262027768,61.924670489014424,51.74691693788303,-0.10041504886867392,9.742187239435696,0.19273516800708546,7.2833388652791875,0.7363238512034798,4.925056581213627,7.401446473568063,6.050875064779637,0.9578425876502372,5.580739086772835,9.514804052647264,7.324802682716669,0.5294518412452875,5.141027420824873,6.416159554939971,5.551938668626821,0.5742557252437219,4.818247190751657,6.475950200555647,5.91947977955396,0.48795879959881994,4.785072994631978,5.757690121623638,5.405405861228263
2022-05-01,291.298,292.296,292.063,292.506,301.755,302.038,309.052,316.761,371.34,391.262,164.883,165.14,370.356,370.937,379.887,380.099,350.204,350.58,365.376,365.116,358.746,358.469,0.9484996239963239,8.581511543676523,9.905880135219093,9.07338887989737,0.5331928925972562,6.021537335126292,5.3635261406322465,6.202564227856722,1.1450061842400716,10.147623007016481,12.653929270227904,11.203489158194447,4.60205445837778,34.59775047909612,58.76785263482829,37.25245448427923,5.207388939256563,48.67272105483147,73.9814408795656,48.109251786186526,0.4447070720608348,8.489853301536598,-0.15026839650090773,5.869764208146222,0.5604248802580702,5.164421738427816,7.517820819544485,6.357779003515485,0.929625811662449,6.004718770219308,11.347286456374928,8.688976352572087,0.5668667260144034,5.4521828583804055,6.535433440299077,5.753740842978505,0.6373567049154039,5.215897826036819,6.773655549559043,6.401104751537345,0.5792306829651261,5.093595625852032,6.277410927856342,5.722449525693141
2022-06-01,294.957,296.311,294.05,294.68,304.834,305.041,330.456,340.917,409.671,430.142,165.765,166.403,373.179,373.664,384.375,385.22,352.616,352.967,368.216,367.927,361.281,361.018,1.2561019986405686,9.059757964784154,10.517838218215703,10.3021612715003,0.6803326679517774,5.91694282900459,7.091938703097722,6.317373257259584,1.0203642027472704,10.439671839134546,13.17572261316342,12.178341519762581,6.925695352238459,41.623878364905266,41.29166810537761,52.15460407547774,10.32234609791567,59.91657341279431,40.99596005434576,70.66452797788214,0.5349247648332334,7.1604286339867596,3.56924034684456,4.083169647282259,0.7622395748954958,5.480310515172904,8.553551870319453,7.2452606861059365,1.1814039438043489,6.8684077655897235,12.989400080012015,10.459568931307373,0.6887414192870311,5.608547612066239,7.378315050557349,6.347448902895048,0.7772814853739707,5.776910183910089,8.2517061724102,7.228719271511319,0.7066280878393227,5.4812451425532815,7.330105352715166,6.379288899252944
2022-07-01,294.913,296.276,295.088,295.646,308.193,308.532,314.345,325.407,375.422,396.952,165.911,166.746,374.896,375.06,385.096,385.783,354.68,354.935,370.916,370.448,363.586,363.311,-0.014917428642136077,8.52481474562552,9.100095485990977,8.947866452062868,0.35300119027377175,5.91088534315376,6.44810422787534,5.894899218697813,1.1019112041307677,10.93205621892157,13.880918859769164,12.880506684933724,-4.875384317428033,32.92769607843135,28.132957785015034,35.3560853960186,-8.360123123189089,44.00266999448588,27.990257544696018,43.96103736334012,0.08807649383164584,6.97555060850823,4.353117344138968,2.251768933438436,0.4601009167182646,5.539219134716844,7.367807748693678,7.384625793945365,0.18757723577236263,6.8198242849983215,9.580418639596978,9.54760643356165,0.5853392926015832,5.6945552868867155,7.6172940324091165,7.015041618567497,0.7332652573489362,6.3073042365317855,8.93792223204053,7.699901497312256,0.6380075343015656,5.831170457888724,7.9726043767423205,6.859408735497818
2022-08-01,295.097,296.171,296.535,297.178,310.794,310.875,298.331,305.372,335.333,348.593,166.337,167.637,376.951,376.98,387.334,387.748,357.048,357.264,373.597,373.283,366.085,365.993,0.062391281496565476,8.262692503116241,5.319591579986005,7.588300516739199,0.4903621970395289,6.3222030217489955,6.266817492978993,5.814207943939609,0.8439516796293178,11.370842065667164,12.531110337072437,12.592503056876602,-5.094402646773455,23.813346632122247,-13.170499688922476,17.412662476178188,-10.678383259372115,25.642642945705152,-33.50052067765566,7.562424806445978,0.2567641687410749,7.060882227090137,3.574282835574194,1.694957309381806,0.5481520208271196,6.0651674202288675,7.315402687598627,7.416564073435583,0.5811537902237429,7.395436051262005,8.074878391760354,9.698880773803786,0.6676440735310596,6.238774369283107,8.049312999013258,7.289703109275192,0.7228051634332155,6.740728031797794,9.308378692284801,8.033583552387903,0.6873201938468299,6.292274494884231,8.437492908504417,7.35201904865892
2022-09-01,296.349,296.808,298.226,298.442,312.901,313.142,294.103,297.343,322.853,328.918,166.6,167.104,379.719,379.634,390.623,390.555,359.601,359.704,376.628,376.569,368.911,368.932,0.42426727482827165,8.20166964383362,1.9011381380845682,6.122068859388863,0.5702530898544778,6.630604107415916,5.802828736380783,6.445432262971429,0.6779410155923316,11.238126363203627,11.01308838201389,12.089189921033006,-1.417217788295555,19.786244903878703,-37.26018241850102,-5.847923640967478,-3.7216736795961047,18.17215040705904,-61.427444087406435,-26.253308191851332,0.15811274701360567,6.625829504849423,2.0301761443793698,2.7968279458472134,0.7343129478367239,6.650148049510918,7.196480696793617,7.872882262573655,0.8491379532909571,8.160015508598972,6.6622429215516865,9.780247945131858,0.7150299119446091,6.594438896313837,8.162198159043887,7.7695438910392545,0.8113020179498331,7.206730153307439,9.456055338753888,8.852215142007381,0.7719518691014393,6.682011659109843,8.719120536880197,8.022380371281844
2022-10-01,298.007,298.012,299.399,299.315,315.038,315.323,299.945,300.359,337.263,339.017,166.614,166.601,381.747,381.58,390.726,390.582,362.353,362.093,379.291,379.436,371.331,371.45,0.5594754832984217,7.7454273308049215,4.262994488169758,6.654126288272022,0.3933258669599482,6.284421750107416,5.972989551867647,6.210281221531266,0.6829636210814227,10.949138825847538,9.184423528373099,11.507948042214998,1.9863789216702843,17.631923176338816,-17.102720198884004,3.062474515455804,4.463331609122401,17.50981799023228,-34.86777429181157,-8.69671231083563,0.008403361344533344,5.07789340901923,1.7056874457985982,3.0208985429545976,0.5340791480015428,6.74492053856417,7.512585096711044,7.440172036481507,0.02636813500485058,7.519854651562907,5.977388874132705,7.76384662380436,0.7652926437913266,6.915856391601305,8.938313101272598,8.275788948473139,0.7070637339762431,7.521848044160806,9.342218201536578,9.139883008539984,0.6559847768160987,6.885319490564634,8.796824529819203,8.383930969512377
2022-11-01,298.786,297.711,300.325,299.6,316.62,315.857,298.107,292.953,336.273,326.649,166.214,165.291,383.604,383.179,391.002,390.523,364.695,364.195,382.228,382.562,373.785,374.04,0.2614032556282231,7.110322794191726,5.094938191632159,5.207204921842568,0.30928627016122423,5.957829066962805,5.2112307888780185,5.737706899920014,0.5021616439921495,10.630212218964875,7.711698498474595,10.09503634735458,-0.6127790094850649,13.065611732921623,-0.2999994539254258,-6.9575299745873505,-0.29353946326752256,10.141922170407746,1.125997000668888,-17.994962676080462,-0.2400758639730216,3.6788227767114545,-0.2954571415483831,1.6209944943115229,0.48644783063127583,6.817814352060925,7.24891549462352,7.282153940502933,0.07063773590700873,7.259723530655804,3.842092773908945,5.937347278880356,0.6463310639072795,7.11712162166136,8.84608620574696,8.44696785600938,0.7743394913140689,7.908023671042463,9.566167634889489,9.437197258047792,0.66086591208383,7.128127577673915,8.682529790313055,8.559942213577987
2022-12-01,298.832,296.797,301.394,300.113,317.813,316.839,286.33,274.937,309.091,285.757,165.939,164.304,385.666,384.906,393.128,391.44,367.466,366.868,385.247,385.649,376.638,376.897,0.01539563433359259,6.4544013314108195,3.3938105412830266,2.644761047947397,0.35594772329976543,5.70783493244289,4.317313799240385,5.057445648275349,0.3767923694018016,10.409944035181873,6.428717058421984,8.69673671822422,-3.9505949206157687,7.310495029409814,-10.160030698552658,-24.923084203596414,-8.083313260356917,-1.525923118010919,-15.990938451637437,-43.07510014291874,-0.1654493604630214,2.147342244327022,-1.5776147237183458,0.21004593497095936,0.537533498086562,7.049468932775982,6.41334624638199,6.80419568903412,0.5437312341113332,7.431915051281557,2.5899134472003205,4.6062630505756985,0.759812994420006,7.509941654138874,9.03980964024984,8.600117391893857,0.7898427116799445,8.349371085968915,9.47290573797721,9.464480214132575,0.7632730045346703,7.528786789459874,8.645094012080401,8.682100971779416
2023-01-01,300.42,299.17,302.642,301.962,319.3,319.136,292.615,283.33,317.38,294.759,166.187,165.34,387.676,387.258,394.607,394.542,369.911,369.585,387.984,388.372,378.987,379.328,0.5314022594635093,6.410146968856267,3.2784009363718836,3.7695299573816676,0.4140759271916483,5.5825955607770705,4.403584941649807,5.185360275082851,0.4678852029338154,10.133484256587955,5.522217059706436,7.337702784715394,2.195019732476533,8.700072510195533,-9.42260350470473,-13.34770758412035,2.681734505372191,1.495441022533206,-21.5770042991521,-28.530676114154296,0.1494525096571664,1.4411838690479684,-1.0211898712691792,0.3329852377060627,0.5211763546695725,7.15584246687162,6.358727350118154,6.9340999167593065,0.37621334527178085,7.244265285098028,4.032705884920396,5.00054536617649,0.6653676802751862,7.875272909831765,8.607930685657038,8.77299645737175,0.7104532936012431,8.56355367211108,9.487644869939803,9.414907374366965,0.6236757841747265,7.7621056519083576,8.505667674854056,8.651148574287859
2023-02-01,301.45,300.84,304.123,304.011,320.543,320.569,288.702,281.673,316.327,299.774,166.408,166.246,390.116,390.07,395.296,395.48,372.636,372.51,390.904,391.141,381.63,381.844,0.3428533386591992,6.035613077866597,3.6144142068336604,4.352050563605903,0.4893570621394172,5.537754418365681,5.15528883780183,5.183256094233446,0.3892890698402818,9.486191656932874,5.048972933948526,6.372004306753021,-1.3372520205731098,5.191749666692802,-12.034885200551948,-6.351070515779611,-0.3317789400718363,-2.021512686340332,-21.697242428819784,-11.014358308279471,0.13298272428046154,1.0251642268122696,0.4676860212507128,0.08538707920977551,0.6293915537717076,7.2587386436129275,6.965208484476726,7.1069680535138735,0.17460409977521074,6.910180093966778,4.465710791084354,4.153435044937992,0.7366636839672314,8.09704968268199,8.998369361451575,8.92220117038769,0.7526083549837193,8.762968297708461,9.393235064873817,9.479667204649612,0.6973853984437284,8.01443798230328,8.663215621667275,8.672872276907583
2023-03-01,301.821,301.836,305.147,305.476,320.554,320.863,282.868,279.084,309.776,302.673,166.755,166.961,391.613,392.024,395.266,395.158,374.678,374.971,392.787,392.91,383.473,383.502,0.12307181953890023,4.984974122099173,4.061338793874492,3.7270376899201763,0.3367058722950844,5.5896026684640665,5.074663799127843,4.695303981999621,0.0034316768732889358,8.499364280690358,3.494714486116779,4.9514634728124785,-2.0207688204446073,-6.424897567779608,-4.749367947292582,-7.494249586532787,-2.0709582172877994,-17.41505433848387,0.8894215449183784,-7.936838941160918,0.20852362867169738,1.5275252509896697,1.9815443970320645,0.1861609890054572,0.3837320181689474,7.128529969557684,6.312170979345533,6.362746582765788,-0.007589249574990742,6.051936619718323,2.193183261336573,2.391356205855577,0.5479878487317347,8.179898331881219,8.084676141830371,8.561192474720158,0.4817039477723384,8.814316929902532,8.061591771814204,8.764959660414483,0.4829284909467324,8.03847107344886,7.458957806914368,8.05039830270131
2023-04-01,302.845,303.363,306.534,306.899,321.213,321.566,280.86,283.352,309.412,318.482,167.495,167.833,393.434,393.769,395.601,395.889,376.404,376.636,395.024,394.898,385.629,385.366,0.3392739405144063,4.930320398188925,3.268118426839739,3.273259553632224,0.4545350273802429,5.519415773295822,5.244114003140954,4.823006997202661,0.20558158687773442,7.651208023808942,2.4181153855584503,3.958581187706489,-0.7098717422967527,-5.064847605613987,-15.126282359778553,-12.320809910628883,-0.11750426114354173,-12.216029680100993,-9.670337218093506,-15.833957227368167,0.44376480465353474,2.0137369316800324,3.1856243990749045,1.0603301271600474,0.4649998850906556,6.838413848303548,6.074719006736706,6.216628253668022,0.08475305237485298,5.180810278727588,1.0113982603131788,2.5109217900205927,0.46066222196126105,8.10789089207753,7.208183026360082,7.905787199121717,0.569519867001711,8.80201459701171,7.457978077996308,8.468064158283163,0.5622299353539972,8.115554134087443,7.19671887801463,7.849207481615772
2023-05-01,303.334,304.127,307.652,308.096,322.009,322.249,274.273,279.816,298.832,314.116,168.261,168.499,394.692,395.295,395.608,395.956,378.304,378.776,397.025,396.726,387.629,387.323,0.1614687381333635,4.047609272791974,2.5234508116479315,3.067489046313887,0.3647229997324919,5.329805200577087,4.722959561851758,4.938901560269682,0.2478106427822091,6.691542123838734,1.8419841359188727,3.4330500132030206,-2.3452965890479183,-11.66336764942656,-18.542128549357194,-15.351012921154961,-3.4193890346851386,-19.717222730548844,-20.354112601602193,-21.028532921704823,0.4573270843905686,2.0340317306527744,4.529063308574677,2.478256779578958,0.3197486744917821,6.566613737642779,4.7751387864780614,5.864510409700663,0.001769459632305903,4.171807871107269,0.3160867586406768,2.3698749975865185,0.5047767823933791,8.042672143305385,6.224451175502366,7.602471925346066,0.5065515006683174,8.65752254078156,6.412086757871283,7.8923649775439975,0.5186331940803202,8.049231593247953,6.437585437113746,7.544643272469487
2023-06-01,304.014,305.109,308.322,308.91,322.365,322.556,275.712,283.854,301.426,316.258,168.061,168.588,396.15,396.646,396.648,397.625,380.155,380.594,398.949,398.593,389.533,389.223,0.224175331482801,2.9691776545588855,2.9381880661957682,3.4982399037971845,0.2177785289873002,4.828967015067187,4.227336440383245,4.6501425472123215,0.11055591613899907,5.741851095426509,2.2790606356061227,2.8850921095485704,0.5246597368315342,-16.738091676273104,-9.741648921008961,-7.279101663599774,0.8680462601060146,-26.47590795597733,-10.353823523181605,-4.898207753692252,-0.11886295695376914,1.313077288270037,3.1697348961506,2.573919198506869,0.36940196406312076,6.150445319859554,4.715323838077778,5.510726525937959,0.2628864937008313,3.2202377862000864,1.4059037754659442,1.7987824500256933,0.48928903738791885,7.8270773188428455,5.976617631627978,7.025456762964133,0.4846042440652454,8.334805545665303,6.424373171462561,7.239858113603459,0.4911913195349227,7.81262984117137,6.472599703652815,6.964641817505823
2023-07-01,304.609,305.691,308.96,309.402,323.201,323.523,275.548,284.828,300.625,318.071,167.462,168.014,397.813,398.002,397.758,398.407,381.895,382.226,400.741,400.21,391.463,391.131,0.1957146710348745,3.177780177942169,2.3503406108246416,2.808205388607088,0.20692652486684615,4.652861868586067,3.203497646868536,4.218811506704112,0.25933336435406407,4.858815293065244,2.4986933690677393,2.4583964560355387,-0.059482358402962454,-12.4702295894065,-7.353399871604605,-11.324967552168685,-0.26573686410594766,-19.8716721417199,-10.884804799947966,-10.27962588595347,-0.3564182052945175,0.7604380314970127,-0.07878503537657178,1.540302130921667,0.4197904834027488,6.116887964592332,4.526962814340263,5.297997175438973,0.27984510195435686,3.2723059336466243,2.1988879291850116,1.6034082616130707,0.45770804014151345,7.6890134813416555,5.964152637632725,6.584352839469321,0.44918022103075383,8.034056061849437,5.915904892876989,6.684155271951808,0.4954650825475637,7.657351415178737,6.190125805073321,6.692235254246381
2023-08-01,306.082,307.026,309.58,310.103,324.042,324.1,287.31,294.328,323.701,336.979,167.037,168.029,399.157,399.219,399.607,399.835,382.947,383.221,402.58,402.247,392.889,392.794,0.4835707415079771,3.6651123843995492,3.6732691525900307,3.0967570316753568,0.20067322630761275,4.349245233496424,2.5303908094295835,3.6208761331265604,0.2602095909356672,4.254121431443503,2.5494121538380154,2.195086015517256,4.268584783776319,-3.6165725737788756,20.412269266879623,-0.9619913819867709,7.67600831600832,-3.331679064123505,37.679017605804745,4.716605814712849,-0.25378891927719804,0.23383859171901555,-2.8781686320992983,0.7574020094801792,0.33784717945366527,5.899251949705553,4.60241331261706,4.688740427182503,0.4648555151624878,3.1172307787532105,4.1051196553231195,2.1930438697373766,0.2754683879076847,7.265495543911493,5.000399907868158,5.6106521778061635,0.45889988795755343,7.7592604002861165,5.71518263507913,6.063062308177081,0.36427452913812,7.3228176495178765,5.539354987980416,5.9875186685255155
2023-09-01,307.276,307.789,310.539,310.817,324.379,324.704,292.623,296.004,332.732,338.893,166.558,167.141,401.294,401.234,401.43,401.324,385.285,385.433,404.538,404.487,394.979,395.039,0.3900915440960384,3.69969812134443,4.361479819440595,3.647390881392032,0.3097745332385715,4.146534334979668,2.9073850793267075,3.565257914336617,0.10399886434475647,3.6922546320838467,2.522547624312166,2.4007317600018396,1.8492220946016547,-0.4503216823668277,26.885255718639645,7.016138770750535,2.7899203277098383,3.0326707568451683,48.475720162038606,15.370189443238825,-0.28676281302946194,0.02214189965528135,-3.529569714738956,-0.23613520994707482,0.5353783097878706,5.689690596732633,5.296036605320276,5.005278781555567,0.4561982147459842,2.7573581185748486,4.910323559534291,3.1432313626596375,0.6105283498760938,7.1528256566510295,5.508045377253756,5.742071958164718,0.4863629589149987,7.413780741378084,5.722583878050647,6.0728981375021585,0.5319568631343641,7.076371797512815,5.710712807340301,6.090972326224575
2023-10-01,307.696,307.671,311.457,311.38,325.442,325.731,286.765,286.754,320.296,320.999,166.697,166.759,402.788,402.549,402.623,402.364,386.771,386.435,406.532,406.683,396.753,396.881,0.13668493471667986,3.241144651893202,4.115761178895805,3.2292769499780105,0.29561504352111356,4.030870487613392,3.2721833001305045,3.2378347613024605,0.3277030880544096,3.3007424133349117,2.8024861072523555,2.6504773543947424,-2.00189322097033,-4.529579603074973,17.304729868934988,4.2491458062686505,-3.737542526718207,-5.314777725010833,28.856308448032575,7.15901772648222,0.08345441227681771,0.09483736592217351,-1.8147972340214036,-0.9505943888380219,0.3722956236574815,5.49530897845798,5.096973307647312,4.811580566405715,0.29718755449268386,3.0165240589684172,4.982915388225639,3.581548570391546,0.3856885162931256,6.722582320011705,5.205809863887256,5.584300418114818,0.49290795920282626,7.180921156664111,5.906797590070867,5.911351143581967,0.4491378022629,6.846412706959204,5.515921750270136,5.852487004791085
2023-11-01,308.148,307.051,312.392,311.606,325.93,325.172,282.146,277.029,306.714,297.598,166.254,165.367,404.695,404.143,404.864,404.184,388.525,387.892,408.511,408.838,398.791,399.032,0.14689823722116024,3.1372707088417773,2.7273893850826347,3.1992455837861034,0.30020195404181216,4.007343124165552,3.6831136165865974,3.105141285229429,0.1499499142704419,2.9491193799725757,2.3510095171226597,2.4501628077418403,-1.6107265531009607,-5.435684222383785,-6.997928507784246,5.823392852895615,-4.240452581362241,-8.893644248107291,-19.39569545756178,5.344774261479146,-0.26575163320275985,0.04597951491611685,-1.8618907605294832,-2.3713520716359016,0.473450053129687,5.471072266486421,5.666264696539058,5.132993360732252,0.5566000948778349,3.498129431557162,5.366922903243787,4.734121071193376,0.45349832329724116,6.506679114210789,5.954935145611251,5.476587745818784,0.48680054706642384,6.868429169650936,6.024501474193222,5.869729087863185,0.5136697139026092,6.681638327451589,6.145580160114994,5.842033544917813
2023-12-01,308.741,306.746,313.195,311.907,326.434,325.409,280.763,269.375,303.319,280.289,166.117,164.59,406.159,405.338,406.716,404.884,390.139,389.433,410.156,410.606,400.545,400.828,0.1924399963653789,3.3521228314302265,1.9207622630458943,3.13390118722785,0.25704883607775564,3.9298530886699323,3.4652901491389665,3.18596055530862,0.15463443070597993,2.704843785013833,2.55825538099943,2.54039994833688,-0.49017175504881827,-2.023008907495172,-15.252740459444269,3.697529856102788,-1.1068943706514789,-1.9135139296675208,-30.94101673823789,1.2599736986352639,-0.08240403238418681,0.17406758204303596,-1.0548916740234726,-2.3000656354943083,0.3617539134409764,5.3083090416881085,4.9382117248929935,5.116971907875967,0.4574375592791835,3.434498262824448,5.372122715253758,5.140969598973277,0.4154172833151115,6.150713608164238,5.135421614077473,5.321568704680768,0.40268193512535966,6.4714286825585,5.671770534300125,5.697174152645457,0.43982938431408325,6.349480096684235,5.757027461284059,5.733867598408571
2024-01-01,309.698,308.417,314.319,313.623,327.424,327.327,279.953,270.42,297.154,276.003,165.637,164.866,408.579,408.051,408.655,408.614,392.322,391.896,411.6,412.019,402.591,402.965,0.30996854969052023,3.0908847812280538,2.6280792400442676,3.369243919094478,0.3588818467727739,3.861744192977934,3.726602252863942,3.4991433827232132,0.30327723215104463,2.566617366890589,2.458416217593218,2.630306974987695,-0.2884995530037848,-4.556524194402279,-9.16861699769742,3.2228213463808997,-2.0325136242701602,-6.363164483527228,-25.916709706823838,-2.295858302410514,-0.2889529668847812,-0.2866819886294891,-2.519378832153063,-2.1677223247940636,0.5958257726653926,5.369288691260099,5.8761330246340115,5.485833771207749,0.47674544399531893,3.5666671735835376,6.128724797362528,5.554265359869737,0.5595441624651754,6.036770972847938,5.8656422521004,5.53521037972482,0.3520611669706186,6.088749961377227,5.080593735549432,5.4928868284269905,0.5108040295097815,6.231282689387552,6.016965773851846,5.766147064147242
2024-02-01,310.967,310.326,315.564,315.419,327.707,327.731,283.331,276.331,303.183,287.943,165.903,165.752,410.539,410.432,410.746,411.089,394.078,393.906,413.427,413.695,404.441,404.656,0.40975401843086345,3.1531711208615976,3.7098013040746336,3.2174265403533076,0.39609441363710474,3.752495797849398,4.123844617339589,3.9032454336986655,0.08643227130571418,2.234152397767719,2.1987364676435694,2.2748446532073308,1.2066311130797036,-1.8965254035708035,1.6905947158181833,-2.750650594225257,2.028914300329121,-3.946639801984164,-4.526029397042242,-12.275356926593306,0.16059213822998686,-0.29715000661669766,-0.8418203530846213,-1.3531740694307959,0.47971138996374396,5.220088702027836,5.9025275836919855,5.784330180282016,0.511678555260553,3.9468493981996478,5.939208762999804,5.652678348263573,0.4475915192112545,5.743738423129585,5.840744265842801,5.897824314055655,0.4438775510203996,5.766207071107332,4.901167789278382,5.461338977460972,0.45952343693722586,5.974167461057389,5.788706785335207,5.966993239016172
2024-03-01,312.345,312.332,316.792,317.088,327.774,328.043,288.688,285.002,313.054,306.513,165.775,165.875,412.733,413.179,413.963,414.016,395.827,396.174,415.08,415.219,406.121,406.155,0.4431338373525273,3.4773850700380304,4.751682384185307,3.326527653515221,0.3891445158509699,3.801280624337111,4.673691934009683,4.067737108740355,0.02044509272003392,2.237715161922682,1.6521239600217896,2.104184483854188,1.8907214530001992,2.1205085207321117,11.777767156279072,-2.671384248737063,3.2557894077174465,1.268695919358498,13.469350017778247,-11.47837584182736,-0.07715351741679477,-0.6504513029989112,-0.8209762749084248,-0.9380030175860754,0.534419385247209,5.396353284492772,6.633202458360232,5.782312209928464,0.7832090878547859,4.772268307866723,7.320100787020123,6.341651435095197,0.4438207664472671,5.654570620127952,5.960547444892872,5.547178219397519,0.3998287484852092,5.677890611081415,4.889244209277144,5.279780326513328,0.4153881530309711,5.90687923400659,5.685773013398676,5.721394234303534
2024-04-01,313.023,313.548,317.649,317.978,328.449,328.678,287.611,290.76,312.728,322.434,165.598,165.7,414.371,414.828,414.637,415.161,397.196,397.539,416.49,416.386,407.788,407.538,0.21706766556210955,3.357363950119163,4.364163046261771,3.4924808618126635,0.27052450819466944,3.6099824372187728,4.305553834951281,4.015675238892125,0.20593457687310135,2.2116766076015537,1.2580912733572536,1.8564856112986305,-0.3730671174416611,2.6144159914170517,11.39904435628365,0.5909005030579229,-0.10413538878275563,1.2408864551214815,22.670672697961148,-4.669799874634406,-0.10677122605941003,-1.2709061984234382,-0.09414859739215187,-1.3142135207464323,0.396866739514401,5.348059395229177,5.79210270017354,5.834109522588782,0.1628164835987711,4.868031190560984,5.985132353128919,6.0569042736835055,0.34585816530960933,5.549920878514003,5.062762302554624,5.4634382520298175,0.33969355305001336,5.4414051223353965,4.837546620959965,4.958999827117361,0.4104688011701052,5.753491486015894,5.264399864111802,5.64001267322245
2024-05-01,313.175,314.069,318.095,318.629,328.949,329.12,284.165,290.139,305.909,320.981,165.375,165.555,415.245,416.048,415.268,415.639,398.689,399.274,418.1,417.772,409.53,409.208,0.04855873210594108,3.2690290569400204,2.870565875872777,3.2893312352465953,0.14040654936740005,3.418739613626931,3.2470284319256804,3.684509670672931,0.15223063550200422,2.1322021169964733,1.5246284915049202,1.8611248326795282,-1.198146107068221,3.689210052320102,1.1826303752672462,1.4362945782806724,-2.180489115141593,2.185498350927695,3.6453048796853293,-0.5242301300579566,-0.13466346211911118,-1.7471913779903647,-1.2669686222771648,-1.0546228344306519,0.2109220963822267,5.250003162195327,4.664635817634077,5.281762341414464,0.15218130557570486,4.9710068795522755,4.4769519297677585,5.205539879844534,0.37588495352420814,5.411641709083992,4.763078597912895,5.300532811491987,0.3865639030949053,5.30492077655611,4.598468579540582,4.749708844291978,0.4271827518220084,5.650322857150236,5.128915277745949,5.4582950411100395
2024-06-01,313.044,314.175,318.39,319.003,329.6,329.71,278.284,286.675,294.143,308.475,165.079,165.493,416.08,416.733,415.676,416.758,399.699,400.234,419.223,418.82,410.765,410.428,-0.041829647960411886,2.971397107263307,0.8981734317599965,2.8068743638680838,0.09273959037392476,3.267294681298738,2.0330462208679068,3.344935276053529,0.19790301840103552,2.2179094482818407,2.2470549537050966,1.9491554879254025,-2.0695722555557627,0.993820767014042,-13.654835413893307,-1.75810617574379,-3.846241856238297,-2.4609654143136206,-22.060603083940666,-5.9588775649562775,-0.17898715041572144,-1.8358364770920788,-1.6688380310252104,-1.2458170716967754,0.20108610579296915,5.064213429607256,3.2834143009347505,4.944943793125489,0.0982498049452385,4.8118201823325935,1.6655228460983773,4.454555469871058,0.2533302900255663,5.16035460359332,3.9706089435135095,4.960862428971913,0.2685960296579637,5.07459990516641,4.052656831625456,4.4701131091398505,0.30156520889801364,5.4480336465214,4.653061824089355,5.168149822547918
2024-07-01,313.569,314.54,318.94,319.214,330.329,330.561,278.287,287.868,294.025,310.915,164.669,164.836,417.361,417.592,416.26,416.85,401.139,401.545,421.138,420.577,412.24,411.88,0.16770805381991494,2.8947531984913066,0.6995399416526604,2.515477880923833,0.17274411884795615,3.171278789406662,1.6356314502684377,2.961938733617653,0.22117718446601486,2.1754249311486173,2.3092815027918823,1.7823293333440349,0.0010780353883133031,1.0673107980956997,-12.350446581441588,-1.1866583447232792,-0.04011654195408276,-2.249812148859842,-21.86061927904175,-2.094890852203002,-0.24836593388619654,-1.891509040913253,-2.2251759115410885,-1.1654056198048601,0.30787348586809316,4.922085818664224,2.917693204311167,4.3450006906677,0.14049403862623766,4.629185732178409,1.5749237762704205,3.7565985380544564,0.36027110400576046,5.0543395792018275,4.030356099049204,4.545284805602412,0.4567974562464272,5.089078233927191,4.539256683742021,4.688295412153476,0.3590860954560515,5.304872280642559,4.4390111839610835,4.850893342312146
2024-08-01,314.062,314.796,319.75,320.017,330.748,330.75,275.706,282.614,290.263,302.419,164.399,164.912,418.852,418.903,417.027,417.066,402.895,403.257,422.556,422.223,414.013,413.924,0.1572221743858515,2.5307302964569622,1.1377350962952892,2.0004707869528016,0.25396626324700744,3.197002286337125,2.097437468906649,2.67062398358624,0.1268432381050344,2.0518358531317338,2.2055842037835838,1.8645373329028159,-0.9274597807299556,-3.9799135658177276,-11.38596205979281,-5.309971765956867,-1.2794830371567034,-10.255831965790152,-18.941660855884045,-8.341305520791808,-0.16396528794127008,-1.8550369281493007,-2.339879181987814,-1.804889260834397,0.3572446874528179,4.930627049313796,3.5201105158100487,4.090800107110737,0.1842598376015081,4.309527680168057,1.7051232472298228,3.0817213307574143,0.43775349691752563,5.2283147322302215,4.287077508281212,4.524807092606986,0.3367067327099349,4.966102916864523,4.331732896976792,4.465015604619738,0.43008926838734585,5.379410072455282,4.451102208959412,4.789460704752546
2024-09-01,314.732,315.301,320.732,321.109,331.753,332.083,272.681,275.74,282.057,287.102,164.634,165.534,420.377,420.286,419.211,419.05,403.956,404.133,423.858,423.821,415.507,415.601,0.2133336729690294,2.440633031069983,2.174393670283825,1.5342784129045661,0.30711493354182995,3.3112731929077155,2.9749272681080408,2.5029049029215544,0.3038567126634195,2.2725312900364614,2.6385772184191136,2.4426290429028885,-1.097183231413179,-6.845853434413051,-7.81366203832774,-10.782039230371076,-2.8270912930686842,-15.282404770827373,-15.450029697842139,-18.822578911245813,0.1429449084240142,-0.961463674382701,-1.073919434301418,-1.3718272953333388,0.3640904185726823,4.748351336128054,4.195370458651038,3.7383902676354053,0.5237070981015668,4.416880126780365,3.4453274430424896,2.5515641054916216,0.2633440474565374,4.85168628529471,4.328750417089622,4.149525736705351,0.3081248402578618,4.779881677285047,4.496352683441018,4.274268762368183,0.36085823392020266,5.205055703360939,4.698305356006416,4.67568114562007
2024-10-01,315.631,315.664,321.731,321.758,332.463,332.678,273.003,272.807,281.588,281.741,164.698,165.088,422.04,421.731,420.863,420.492,405.721,405.287,425.235,425.381,417.356,417.477,0.2856398459641696,2.597904904914672,2.6564215050467688,1.6732728774607075,0.3114750009353573,3.332905131993069,3.5465600807173647,2.5866463937040063,0.21401464342447607,2.1327414338825568,2.609239138902253,2.4591505520578094,0.1180867020437848,-4.863750810799505,-7.381444820072824,-9.90019422999444,-0.16627844726420093,-12.2299446415721,-15.87607292063633,-18.92354493568107,0.038874108628861315,-1.0020448671436033,0.0704629571372406,-1.084015891845147,0.3955972852939249,4.765134182422526,4.560343257501498,3.7357668729209426,0.39407362879313457,4.505373244127209,4.497106920744054,3.0256553986207635,0.4369287744209638,4.878440099887427,4.647871387591329,4.338656908447058,0.3248729527341787,4.597684191372631,3.9485152976315607,4.24346752959146,0.44499851988053507,5.189464852184922,5.0572740274391625,4.7476864522944195
2024-11-01,316.528,315.493,322.657,321.947,333.629,332.904,273.281,268.213,281.939,273.57,165.018,164.406,423.277,422.574,421.622,420.788,407.114,406.25,426.342,426.651,418.447,418.669,0.28419261732848256,2.7493803960905616,3.177967036508167,2.1527576618108224,0.28781808405158316,3.318613890618294,3.6864853325343283,2.8888937281819738,0.3507157187416343,2.3778185083586534,3.5300128795132224,2.86566700787918,0.10183038281630363,-3.1823383111515335,-3.472094466912967,-7.513636231076148,0.12465019816185752,-8.073978991794306,-10.986905001971703,-15.057350861786833,0.19429501268988236,-0.5811316647214904,1.5146194309852756,-0.4312800201562106,0.29310018007771,4.560514471362875,4.29327557502559,3.905973907097704,0.1803437223039328,4.108030006135821,4.480769075816582,3.0836043986689488,0.3433393883974345,4.73276066533983,4.254938955233634,4.271006993533777,0.26032664291508745,4.356982472275073,3.6323583931749726,3.981457651643394,0.26140752738670336,4.921159205276759,4.353236133836158,4.40215770400052
2024-12-01,317.604,315.605,323.259,322.007,334.464,333.566,279.829,267.963,293.155,270.667,165.006,163.712,424.227,423.207,423.101,421.204,408.165,407.242,427.68,428.151,419.793,420.077,0.3399383308901438,2.888057219980067,3.700356063169985,2.9345471848345905,0.18657583749928097,3.2381447033891675,3.1889826581728897,3.0818994008910305,0.2502780034109753,2.506691578905307,3.308982035515129,2.9732340465642437,2.396068515557248,-0.5241763341067185,10.905062230031625,1.1134587896091563,3.9781654896981156,-3.4328853433420514,16.69216403577103,-0.6706538644345117,-0.007271933970842692,-0.5334467464609083,0.9068910030175292,-0.08842294809535689,0.2244393151529689,4.408419639905459,3.7140126041499855,3.954412917598704,0.3507881467285756,4.030784125823694,3.7637186611260365,3.604400744408176,0.2581586484375453,4.573058780329364,4.233373286283015,4.281050947504128,0.3138325569613132,4.272952660214413,3.655947893323175,4.075302011558368,0.32166558727868555,4.80230921991478,4.19032463815876,4.444006166497627
2025-01-01,318.961,317.671,324.638,323.842,335.441,335.517,282.272,273.045,296.78,275.527,165.508,164.645,426.204,425.619,424.748,424.722,409.579,409.153,429.087,429.506,421.094,421.485,0.42726162139017365,3.0004831121501097,4.287373998915989,3.468684261892374,0.4265929177532435,3.2583707189842492,3.663479311476725,3.605003203040469,0.2921091657098973,2.5020850708924014,3.6313840942534314,3.1190451508482653,0.8730331738311614,0.9707122254271061,14.288234443628678,2.8844553284590235,1.2365472190479343,-0.1724618935301403,23.390563946821928,1.8827699061230163,0.30423136128383543,-0.13404825737265424,1.9817972251523486,1.0216098739368684,0.46602408616143176,4.305344184918081,4.005337551497168,4.282471178030933,0.3892687561598773,3.9421067315363656,3.7438555101369397,4.119800045971078,0.34642852767874377,4.40346418437545,3.8581963886859194,4.2522862014565455,0.3289842873176241,4.244221747055343,3.672940308782202,3.810636360817532,0.3099146484100368,4.595932649237544,3.6309711217925145,4.341685489893199
2025-02-01,319.679,319.082,325.465,325.252,336.065,336.274,282.096,275.867,293.232,279.059,165.832,165.559,427.422,427.309,426.251,426.787,410.793,410.635,430.318,430.603,422.36,422.567,0.22510589068882592,2.82154895174751,4.041809643111183,3.608988054973228,0.2547452855180321,3.117440610743172,3.5268028590894174,3.6066133322248284,0.18602377169159023,2.6067109916364295,2.952752755591237,3.2409793578485058,-0.06235120734610078,-0.1679145662267345,13.54027965194704,4.689089156623338,-1.195498348945323,-3.08533286101762,17.01049859577981,2.0561934782637348,0.19576092998525585,-0.11643901732709683,1.9877656352800255,1.7509175146935618,0.2857786412140628,4.112008810229217,3.974970727059124,4.134001531403708,0.353856875135361,3.8186378132229137,4.464465698660569,4.4726170692125145,0.29640191513724545,4.24695231857346,3.664006242541751,3.9590527211129656,0.28688820682052363,4.087068975936381,3.7828465901951214,3.7075751953491887,0.3006454615833931,4.426228697955792,3.793292915855484,4.072887942810066
2025-03-01,319.785,319.799,325.69,325.933,337.331,337.751,278.906,275.734,282.129,276.558,165.719,165.707,427.911,428.368,427.439,427.695,411.639,411.99,431.645,431.798,423.921,423.955,0.03315826188146076,2.3907252538964974,2.775240302020454,3.2367619300284867,0.06913185749619633,2.7894464628115845,3.0422174966255877,3.1155739659096016,0.3767128382902163,2.9593681316168796,3.4731088210823824,3.391012860674203,-1.1308207135159676,-3.2519070041613807,-1.312863698049671,4.617890405376723,-3.7864216729415645,-9.772831821162553,-14.216908263177286,0.05106002661299236,-0.06814125138694394,-0.10128108515449208,1.7396572136438415,1.3224185515798403,0.11440683914256677,3.6761306842796992,3.5191219532872964,3.6165214578919302,0.2787090235565559,3.3039785901993968,4.164653467955759,3.963992790209092,0.2059431392453126,3.9921852519347656,3.4482176506597018,3.8400533810622584,0.3083765959127849,3.9928326979256745,3.760269884256817,3.7080957713507834,0.36958992328819384,4.38256330711182,3.991766100380034,4.090998024296355
2025-04-01,320.302,320.795,326.467,326.815,337.493,337.747,277.343,279.888,275.454,284.526,165.87,165.916,429.192,429.724,428.42,429.054,413.04,413.389,433.043,432.956,425.341,425.106,0.16167112278562268,2.3112888616734883,1.6923456209746446,2.981686141767992,0.23857041972428217,2.779123083986934,2.2727036606615902,2.965743332701587,0.04802404759716161,2.7592354827521204,2.4694727455495613,3.0487908130400143,-0.5604038636673248,-3.739166322740406,-6.803922402498586,3.204724531824854,-2.365938985357763,-11.756824652487019,-25.790789462976306,-4.309267229204517,0.09111809750239619,0.13035606517803888,0.8777566891452704,1.4282747916017247,0.29936131578762737,3.5908858611279904,2.83391915425919,3.417969779831309,0.22950643249679548,3.346412596558923,3.5031523502087047,3.6234340401037457,0.3403467601466259,3.9870302033259586,3.4231408910351924,3.6404403589441525,0.323877260248584,3.9794805781174114,3.739144740748923,3.706037241771898,0.33496807188131417,4.310763658848993,4.095697042571955,3.86307416075089
2025-05-01,320.62,321.465,326.893,327.509,338.474,338.598,275.377,280.097,269.584,282.614,165.807,166.021,429.914,430.841,429.84,430.191,414.109,414.689,434.038,433.698,426.53,426.214,0.09928130327003792,2.354896535474671,1.1826401101946882,2.602265966850359,0.13048792067804627,2.7869402973363933,1.766611699669407,2.642934228660754,0.29067269543368024,2.8798006806028287,2.89828039123321,2.9255129697886684,-0.7088695225767383,-3.4610996798086546,-9.192243722927461,1.5398347559452574,-2.1310273221663123,-11.953043949641884,-28.561718004047766,-8.572274472278952,-0.03798155181770069,0.2814774546223253,-0.06028835750971906,0.9585453968695479,0.16822307964732275,3.555599353920713,2.352596269976104,3.160594225747171,0.3314504458241885,3.5011151504069637,3.4107449610174756,3.9362699920155064,0.2588127057912004,3.8607572744531415,3.268183820989967,3.4659057481016387,0.22976933006653155,3.812127188993042,3.503006073502113,3.6428318840734164,0.2795404158075332,4.155832730542897,4.008110322712488,3.9006461016961813
2025-06-01,321.435,322.561,327.658,328.364,339.468,339.498,276.558,284.307,269.865,282.914,166.114,166.655,431.105,431.8,431.567,432.672,414.981,415.455,435.033,434.594,427.833,427.47,0.2541949971929469,2.669213018222316,2.079915296681878,2.426987774835898,0.23402152998077685,2.9344551618636805,2.43901819502772,2.7401751652819994,0.2936710057493519,2.968669436777782,2.558190997752696,3.0146341914769392,0.428866608322398,-0.8260224993459464,-3.3251571864827856,-2.3241924030970695,0.10423467268088071,-8.286246859551028,-16.286532279599896,-15.258038251013872,0.18515502964291386,0.7021445015801264,0.9568353672005481,1.3474904653946407,0.27703215061618547,3.6155044116976676,3.0192625246292293,3.2688898014538115,0.4017774055462553,3.8185229797628395,3.9193291134308472,4.041918983277948,0.21057257871719415,3.80302523024032,3.28726879429162,3.36771189677203,0.22924260087826553,3.766295783391427,3.1767753318195036,3.4681112914356715,0.3054884767777377,4.1522508210940945,3.7426639413060903,3.8671403438769625
2025-07-01,322.169,323.048,328.682,328.98,339.891,340.036,274.85,283.395,266.542,281.49,166.468,166.766,432.617,432.778,433.065,433.583,415.931,416.271,436.05,435.489,429.015,428.64,0.22835098853577485,2.7049023971513986,2.3520143949639083,2.02164683465782,0.3125209822436803,3.059389625768305,2.7416486181804034,2.506907975682182,0.12460673760119612,2.8663393443267626,2.872568214549287,2.6708226563197046,-0.6175919698580334,-1.5538371753720526,-3.547357754300473,-5.189621184101078,-1.2313564189502246,-9.46400141517778,-12.326917721298125,-19.33928948211533,0.21310666169016557,1.17086073430559,1.4499105893688746,1.1634291459611035,0.35072662112478614,3.636563918849034,3.2304575754014797,3.0319975957276313,0.34710716991799284,4.014153772340179,4.4079083990498535,3.954546074683485,0.22892614360656705,3.667334918875831,2.829260545884038,3.1257732148367356,0.23377536876512117,3.5456052042788677,2.8066179356823318,3.27182877404959,0.2762760235886397,4.069146353306796,3.5001351793022772,3.797488965243745
2025-08-01,323.291,323.976,329.7,329.97,341.32,341.295,276.734,283.247,270.922,282.358,166.838,167.448,433.984,433.93,433.888,433.8,417.555,417.902,437.294,436.981,430.456,430.387,0.3482644202266627,2.9161742842984006,3.3741661070110673,2.2725331938990623,0.3097218588179462,3.1101472734261115,3.479257852621842,2.6193619784187216,0.4204289022068819,3.1882086167800416,3.405988976513119,3.151822319520936,0.685464798981239,0.223980411444602,1.9857337528215169,-3.765413419266861,1.643268227896555,-6.63351178332049,2.000110018256329,-14.63775645461075,0.2222649398082588,1.537789851557192,2.510524102384637,1.2169561837979348,0.3159838841284568,3.587226637192864,3.840918628574941,3.0940717048947075,0.1900407560065931,4.012314597689581,3.8205310433926387,3.6154354208178585,0.39044937742078734,3.631679053308434,3.3703714286089426,3.319264991257076,0.28528838435959436,3.4953093507459343,3.0345929339028244,3.268533921125094,0.33588569164249016,3.9773001807094976,3.7329507909873882,3.8704394424589283
2025-09-01,324.245,324.8,330.418,330.804,342.086,342.405,280.7,283.589,280.658,285.595,167.17,168.083,434.996,434.852,434.715,434.536,418.422,418.598,438.237,438.212,431.132,431.245,0.2950901819104068,3.0126767755256134,3.5429408107802596,2.8088256305546677,0.2177737336973129,3.0192240018186878,3.412178786546005,2.9244483313000114,0.22442282901675714,3.10825907980834,3.120696261077982,2.839059033836322,1.433145186352247,2.846522086023051,6.126721286556358,1.2905923503846006,3.5936542621123335,-0.5249005579898269,16.98318834467665,-1.0400668890607423,0.1989954326951926,1.5398649220099925,2.567182436714699,1.758823456941716,0.23318832030674308,3.4657352374335426,3.6594294684744844,3.3388502818086696,0.19060218305184673,3.6955017301038007,2.949819346929683,3.433438301556224,0.20763731723965062,3.5792672214345345,3.358260700948801,3.322758650402702,0.21564439484649256,3.3955372669121964,2.978689068626461,3.077684616986698,0.15704276395265282,3.7641872854011327,3.1202400766787264,3.430983809599719
2025-10-01,,,,,,,,,276.991,277.021,,,,,,,,,,,,,,,,,,,,,,,,,,,,,-1.3065724119747268,-1.6752975250318491,16.62724701326448,1.1190893122184908,,,,,,,,,,,,,,,,,,,,,,,,
2025-11-01,325.063,324.122,331.043,330.425,342.386,341.721,284.648,279.588,284.56,276.152,167.272,166.693,435.903,435.344,436.553,435.623,419.431,418.593,439.002,439.275,432.524,432.724,,2.735084455122627,,,,2.633352694698199,,,,2.6485112825318957,,,,4.241032313869941,,,2.7325797589091483,0.9438169389918372,21.707773259528928,11.419056999011357,,1.3910684524895744,,,,3.0219559177800726,,,,3.52552829453312,,,,3.0382769230769213,,,,2.9588586455908894,,,,3.357067277491299,,
2025-12-01,326.031,324.054,331.814,330.506,344.632,343.795,285.624,274.131,283.599,261.466,167.325,166.037,437.09,436.025,437.563,435.662,421.039,420.134,440.189,440.667,433.884,434.166,0.297788428704604,2.6770805278750087,,,0.2329002576704653,2.6393836158841166,,,0.6559847657322315,3.0665595414400837,,,0.3428796267670897,2.3018103245597166,,,-0.33771436603879934,-3.3993800500245586,4.257924822565107,10.437423258346978,0.03168492036922377,1.420176896012526,,,0.2723082887706507,3.0287778793828934,,,0.23135793363004975,3.432541001509959,,,0.3833765267707845,3.1656852682188985,,,0.2703860119088297,2.923267725638845,,,0.314433418723592,3.3539089262206723,,
2026-01-01,326.588,325.252,332.793,331.95,345.271,345.165,281.436,272.668,274.547,254.887,167.394,166.484,438.784,438.161,439.084,439.057,421.965,421.526,441.285,441.718,434.837,435.241,0.170842649932057,2.386431244904319,,,0.2950448142634121,2.5036900710840415,,,0.18541516748300513,2.8755621920796948,,,-1.4662633392152125,-0.1380724788954235,,,-3.191830718726074,-7.491098875972224,-3.4829193704899564,6.096754915393299,0.04123711340207059,1.1169485863524509,,,0.38756320208652717,2.946766944144885,,,0.3476070874365522,3.37514892094124,,,0.21993212030240183,3.0240521271993615,,,0.2489839591629961,2.8432664502940685,,,0.2196439601368061,3.2636985895108994,,
2026-02-01,327.46,326.785,333.512,333.242,346.622,346.564,283.223,277.179,276.754,263.378,167.53,167.206,439.959,439.805,440.321,440.876,422.942,422.776,441.865,442.157,435.813,436.026,0.26700307420970404,2.4141129866304123,2.9823678900365636,,0.21605021740240815,2.4565567621413598,3.016839755388956,,0.39128684424698523,3.0600046390740987,5.041400162819243,,0.6349578589803784,0.4755914988019416,-1.9874862316170638,,0.803869647091382,-5.619241809079812,-10.52942723659649,4.351637185472579,0.08124544487855268,0.9948115173442629,0.6183880674507147,,0.26778551633606096,2.9243474862453045,3.7741997864041643,,0.28172285940730735,3.301178339546418,3.4974586509390004,,0.2315357908831306,2.9566403253497686,3.390623671082582,,0.13143433382054592,2.6832140045470965,2.6342741233161826,,0.22445192106468337,3.1850570442083725,3.076551475920497,
2026-03-01,330.293,330.213,334.165,334.391,346.603,346.796,314.019,310.28,335.5,328.874,167.71,167.666,440.951,441.419,441.793,442.058,424.069,424.45,442.705,442.864,437.051,437.086,0.8651438343614481,3.2564204390883145,5.332379318581104,,0.19579505385114437,2.5950118582653614,2.8643812793589296,,-0.005481475497803867,2.678008355267636,2.3073576566033704,,10.873410704639097,12.528741468226624,46.09821752739318,,21.22679347001306,18.916827573239626,95.86251076653124,42.899331429702144,0.10744344296544917,1.1822071487625818,0.923545951341076,,0.22547555567677957,3.046679490531501,3.5804623253498535,,0.3343015663572757,3.3582342557196165,3.9233066052865473,,0.2664667968657719,3.024345251098315,2.909816163610901,,0.19010331209758924,2.5627724074682945,2.3059671789935843,,0.2840667901141014,3.0972626811808013,2.951797091005548,
2026-04-01,332.407,333.02,335.423,335.803,348.349,348.499,325.978,329.907,353.74,365.392,167.767,167.79,443.154,443.766,443.493,444.149,426.642,427.049,445.118,445.029,439.379,439.137,0.6400377846336402,3.8108449321217597,7.3197742690397805,,0.376460730477457,2.7501797653106452,3.19879464637014,,0.5037463611105464,3.1834479654889725,3.613862154909242,,3.808368283447816,17.871077002229473,79.98427583930079,,5.4366616989567795,28.421304204185205,175.59407469127945,63.093640366488366,0.033987239878352504,1.12948721039563,0.894293877603114,,0.4996019965937126,3.2676787891763093,4.043646095538844,,0.3847955943167891,3.518205167647892,4.077446864072343,,0.60674088414856,3.3043936824637354,4.507800385274874,,0.5450582216148581,2.788505067489533,3.519929253764942,,0.5326609480358124,3.3005885590887907,4.244036849038291,
2026-05-01,333.979,335.123,336.121,336.846,348.892,349.032,338.639,346.042,378.66,396.961,167.575,167.785,444.46,445.58,445.925,446.291,427.998,428.677,446.729,446.38,440.683,440.357,0.47291422864139676,4.248674039164446,8.20407334405855,5.560938269410687,0.20809544962627768,2.850914020683404,3.166032440833555,3.091409109375398,0.15587815667621463,3.0815303102794456,2.645413841073596,3.836496426634084,3.8840044420175523,23.54362952834197,104.37784581328447,41.53298706212267,7.044722112285862,40.460486741633474,250.44679777422084,77.07251542788957,-0.11444443782150371,1.0625161877112044,0.10748674106841882,0.3626123084189192,0.2947056779358803,3.4209836111233516,4.155426760966074,3.9646385341221224,0.5483739314938507,3.7425236697188113,5.18884580933805,4.339725031705743,0.31783087459744674,3.3731302253013684,4.868172510751578,4.126777339612708,0.36192650038866514,2.9241545960553283,4.476393970091808,3.5512378397380084,0.29678250439824083,3.31828611917957,4.545288612682197,3.808322514382745
2026-06-01,332.568,333.952,336.065,336.882,349.609,349.731,319.29,328.95,341.98,358.518,167.431,168.019,444.602,445.448,445.144,446.283,428.501,429.062,447.397,446.945,441.741,441.365,-0.42248165303806484,3.5314250637863864,2.7837257411172933,4.050249339155276,-0.016660666843182348,2.594072431813488,2.2937962755186003,2.578692049557807,0.20550772158718367,3.0141561953236806,3.5144900715602834,2.9091539096111507,-5.713754174799712,15.702392132448374,6.8851971189994865,24.962941623306435,-9.68679026039191,26.723315212396702,7.952507347294091,45.409247066971005,-0.08593167238548638,0.8184572920104438,-0.663775710680492,0.1267396687611333,0.03194888178914557,3.160722556739226,3.3532935061701963,3.466815570098025,-0.17514155967931488,3.145800976259161,3.068694306751585,3.495118338243808,0.1175239136631534,3.2752042940872084,4.246445237238916,3.5759746035449513,0.14953137136832773,2.8419628434815047,4.307266047784752,3.3017702501521695,0.24008187291091332,3.250520504362875,4.3619936357220945,3.6544972145332144
2026-07-01,332.813,333.918,336.789,337.133,349.881,350.164,314.553,325.15,332.215,350.846,167.762,168.112,445.616,445.809,445.996,446.532,429.095,429.491,448.542,447.963,442.888,442.503,0.07366914435544825,3.364825041479902,0.4894535132635047,3.8484735923576263,0.2154345141564873,2.4782661559973107,1.6389659249104849,2.415910739270588,0.07780120077001129,2.978508157959747,1.7707942448596858,2.6881933149206727,-1.483604246922865,14.73385204396691,-13.299388059374696,24.918961150650265,-2.855430142113591,24.638885928452158,-22.20704575430811,46.421573693368344,0.19769337816770705,0.8071189571015713,-0.011920762677164465,0.44016453006989753,0.22806914948649837,3.011012574576344,2.2408400147153174,3.1383041115260912,0.19139873838578403,2.986510079961602,2.2767165276750267,3.173153144802554,0.138622780343578,3.1758157546406096,2.319730996619951,3.4079785242404625,0.2559248273904302,2.864366264130669,3.112622598791104,3.3160752090255263,0.2596544128799394,3.2341825307950822,3.2329810873519715,3.7372772175267466
2026-08-01,334.131,334.98,337.765,338.041,350.309,350.418,321.148,329.351,345.169,359.738,167.939,168.589,447.075,446.989,447.357,447.267,430.227,430.611,449.321,448.997,443.713,443.642,0.3960181843858157,3.3965478924364856,0.18217169162264568,4.1158924155549,0.2897956881014574,2.4459799375700753,1.9708388578664415,2.566694738738917,0.12232730556962501,2.6730541027556676,1.6344954475855378,2.1387039556804543,2.096626005792346,16.276959685362936,-19.114067828444014,28.574074267801166,3.8992820914167003,27.40492566174857,-30.955448141336174,55.55205592541959,0.10550661055541699,0.6814055706846345,0.87169976115129,0.4888667783077727,0.3274119421205812,3.0094715737561284,2.374268870865115,3.261007469358157,0.30515968753084266,3.1044260027662585,1.290721674495221,3.2213839479739548,0.26381104417434464,3.0411436174031303,2.099517640377302,3.4745854264495835,0.17367381426935946,2.749776306063656,2.3411475366098555,3.4032593750610074,0.18627734325609158,3.0797863318362317,2.778771592303997,3.6582671057854954
