date,headline,core,energy,gasoline,shelter,food,core_goods,median_cpi_yoy,trimmed_mean_cpi_yoy,sticky_ex_shelter_yoy,payems,unrate,fedfunds,headline_mom,headline_yoy,headline_ann3,core_mom,core_yoy,core_ann3,energy_mom,energy_yoy,energy_ann3,gasoline_mom,gasoline_yoy,gasoline_ann3,shelter_mom,shelter_yoy,shelter_ann3,food_mom,food_yoy,food_ann3,core_goods_mom,core_goods_yoy,core_goods_ann3,payroll_change_k,contrib_energy_mom_pp,contrib_food_mom_pp,contrib_core_goods_mom_pp,contrib_shelter_mom_pp,contrib_other_services_mom_pp,dgs2,dgs10,curve_10y_2y
2018-01-01,248.859,255.204,216.855,235.325,303.213,252.116,144.243,2.49840648250501,1.90192218477874,1.056337,147660.0,4.0,1.41,,,,,,,,,,,,,,,,,,,,,,,,,,,,,,
2018-02-01,249.529,255.711,220.141,239.767,303.784,252.038,144.361,2.39203175334803,1.89925071479973,1.06069,148054.0,4.1,1.42,0.26922876006090224,,,0.1986645977335888,,,1.5152982407599547,,,1.8876022522044122,,,0.18831646400383484,,,-0.0309381395865449,,,0.08180639615094076,,,394.0,0.09849438564939705,-0.004424153960875921,0.015134183287924041,0.06854719289739587,0.0914771521870612,,,
2018-03-01,249.577,256.271,215.72,231.325,304.812,252.154,144.49,2.39600916151699,1.94676813994907,1.463149,148280.0,4.0,1.51,0.0192362410782021,,,0.21899722733866867,,,-2.0082583435162005,,,-3.520918224776559,,,0.3383983356595621,,,0.0460248057832402,,,0.08935931449631784,,,226.0,-0.13053679232855303,0.006581547227003348,0.0165314731818188,0.12317699418008062,0.0034830188178523597,,,
2018-04-01,250.227,256.63,219.165,238.803,305.72,252.661,144.466,2.51111019372419,2.04065587288074,1.616448,148420.0,4.0,1.69,0.2604406656061986,,2.2170328114334836,0.1400860807504456,,2.2538779125612196,1.5969775635082506,,4.329479077727449,3.232681292553763,,6.044181435661056,0.2978885345721327,,3.348489654652198,0.20106760154507963,,0.8674891567739706,-0.016610146030870965,,0.6198364453045002,140.0,0.10380354162803629,0.028752667020946386,-0.0030728770157111285,0.10843142658425631,0.022525907388670746,,,
2018-05-01,250.792,257.145,221.045,242.344,306.808,252.634,144.435,2.58349493931438,2.13181656185863,1.701001,148742.0,3.8,1.7,0.2257949781598212,,2.0400377956098614,0.20067801893777215,,2.262097037334221,0.857801200009134,,1.6527291477159478,1.4828121924766346,,4.368982605024918,0.3558811984822663,,4.041626606272675,-0.010686255496505925,,0.9492495527120948,-0.021458336217516916,,0.20519923932620365,322.0,0.05575707800059371,-0.0015281345360003472,-0.003969792200240629,0.12954075624754494,0.04599507064792352,,,
2018-06-01,251.018,257.399,220.947,243.105,307.183,252.968,144.12,2.64497844330702,2.20944534737919,1.763338,148960.0,4.0,1.82,0.09011451720948305,,2.3295866354217765,0.0987769546364925,,1.7722947489980712,-0.04433486394171959,,10.050188311968089,0.31401643944144464,,21.979059744235464,0.12222627832390032,,3.147918331081212,0.13220706634895496,,1.297540558127186,-0.21809118288503848,,-1.0203646454252313,218.0,-0.0028817661562117736,0.018905610487900557,-0.04034686883373212,0.044490365309899714,0.06994717640162668,,,
2018-07-01,251.214,257.699,219.929,241.377,308.05,253.365,143.835,2.64409056425328,2.20220674208427,1.660261,149020.0,3.8,1.91,0.07808204989283585,,1.5871270212440614,0.11655056934953834,,1.6766519827014825,-0.46074397932536204,,1.4016913286179822,-0.7108039735916449,,4.381714879870202,0.28224218137071766,,3.08356957248177,0.1569368457670528,,1.1192037501468466,-0.19775187343880063,,-1.7357105284737773,60.0,-0.029948358656148533,0.02244196894468855,-0.036584096586178116,0.10273615401894122,0.019436382171532728,,,
2018-08-01,251.663,257.891,222.781,246.229,309.004,253.677,143.342,2.64592643168278,2.17877749732642,1.532513,149277.0,3.8,1.91,0.17873207703393845,,1.3964528153428413,0.07450552776688824,,1.165494331055572,1.296782143328068,,3.1786433915142798,2.01013352556374,,6.568221473997582,0.309689985391981,,2.8939137735681797,0.12314250192408949,,1.661655734907086,-0.34275384989744806,,-2.992780673721751,257.0,0.08429083931632442,0.017609377775144795,-0.06340946223102789,0.11272715468268109,0.027514167490816033,,,
2018-09-01,252.182,258.368,223.955,250.369,309.522,254.103,143.421,2.6012058102395,2.20616694006963,1.639752,149358.0,3.7,1.95,0.2062281702117419,,1.8677887096131274,0.18496186373311296,,1.5143579697437959,0.5269749215597308,,5.5578692517003425,1.6813616592683989,,12.498479888954517,0.16763537041590837,,3.0807054158534353,0.16793008431983392,,1.8068080355535532,0.05511294665903055,,-1.925981313303482,81.0,0.0342533699013825,0.02401400205773625,0.010195895131920651,0.06101927483139064,0.07674562828931183,,,
2018-10-01,252.772,258.917,226.022,253.471,310.401,254.012,143.754,2.61632784806809,2.23686970800432,1.575209,149527.0,3.8,2.19,0.2339580144498754,,2.5039270437580807,0.212487614565271,,1.9040236172294556,0.9229532718626476,,11.550842853881505,1.2389712783930973,,21.59887914624914,0.28398627561208034,,3.0878766617681297,-0.03581224936345384,,1.0253705411961134,0.23218357144350055,,-0.22506790011822542,169.0,0.0599919626710721,-0.005121151658973899,0.0429539607170476,0.10337100432279724,0.03276223839793235,,,
2018-11-01,252.594,259.439,218.5,238.309,311.247,254.732,143.95,2.72452024900092,2.29478826218894,1.640091,149617.0,3.8,2.2,-0.07041919199911595,,1.4879882277768264,0.2016090098371448,,2.4227192841993928,-3.3279946199927357,,-7.467740083645424,-5.981749391449121,,-12.25851674414702,0.2725506683290302,,2.935289705684818,0.28345117553501,,1.6739390920114339,0.13634403216606916,,1.7074668780846958,90.0,-0.21631965029952782,0.040533518101506426,0.025223645950722795,0.09920844327176699,-0.019065149023584346,,,
2018-12-01,252.767,260.063,213.63,225.063,312.132,255.681,144.218,2.72086358134065,2.34811462864732,1.704788,149809.0,3.9,2.27,0.06848935445813442,,0.9311350267467322,0.24051896592260924,,2.650100497018615,-2.228832951945081,,-17.20465687384831,-5.558329731567002,,-34.70285464640678,0.2843400900249593,,3.41584591978632,0.37254840381264476,,2.507267068786523,0.18617575547064114,,2.241423833473255,192.0,-0.14487414187643027,0.053274421745208196,0.03444251476206861,0.10349979276908518,0.022146767058202718,,,
2019-01-01,252.561,260.766,204.34,208.73,312.998,256.302,144.788,2.61505083398059,2.24814750536646,1.57512,150060.0,4.0,2.4,-0.08149798035343991,1.4875893578291333,-0.33347989556672397,0.270319114983697,2.1794329242488475,2.887258567883344,-4.348640172260443,-5.771137395955817,-33.19473331850741,-7.257079128955002,-11.30139169234038,-54.013921160662704,0.277446721258956,3.2271043787700293,3.3888734221286576,0.24288077721850154,1.660346824477621,3.655188216388572,0.3952349914712494,0.37783462629037423,2.9083286510410478,251.0,-0.2826616111969288,0.03473195114224572,0.07311847342218114,0.10099060653825997,-0.0076774002591979695,,,
2019-02-01,253.319,261.186,208.144,217.237,314.072,256.998,144.749,2.69558813715756,2.21776759313177,1.471644,150067.0,3.8,2.4,0.3001255142321968,1.5188615351321877,1.1530398025102695,0.16106394238510902,2.1410889637129227,2.720832514727589,1.861603210335705,-5.449689062918761,-17.652613528584617,4.075600057490547,-9.396622554396561,-30.94845351635972,0.3431331829596429,3.386616806678444,3.680285391624638,0.27155465037338455,1.9679572128012301,3.6060109242621374,-0.02693593391718263,0.26877065135320066,2.238768934715285,7.0,0.12100420867182082,0.038832315003393986,-0.004983147774678787,0.12490047859731002,0.020371659734350733,,,
2019-03-01,254.277,261.567,214.934,230.013,315.051,257.374,144.733,2.79978172345789,2.30345186874463,1.405676,150295.0,3.8,2.41,0.37817929172307974,1.8831863513063984,2.41105019071437,0.1458730559831034,2.06656235001228,2.3334304469188494,3.262164655238675,-0.3643612089745951,2.464051128642386,5.881134429217871,-0.5671674051658804,9.092053157659773,0.311711964135597,3.3591197196960687,3.7935268334702954,0.1463046405030477,2.070163471529307,2.675036053853974,-0.011053616950718048,0.1681777285625241,1.4360625090556134,228.0,0.21204070259051389,0.02092156359193582,-0.002044919135882839,0.1134631549453573,0.033798789731155576,,,
2019-04-01,255.233,261.997,222.42,245.651,316.172,257.018,144.37,2.79124323295186,2.29427540256479,1.443666,150591.0,3.7,2.42,0.3759679404743643,2.000583470209061,4.2994809018042535,0.1643938264383582,2.0913377235709074,1.9016961591955317,3.482929643518462,1.4851823968243139,40.37242075086746,6.7987461578258745,2.867635666218593,91.83800668399304,0.35581540766416175,3.4188146015962317,4.118373669484399,-0.13832011003444,1.724445007341835,1.1221229580050895,-0.2508066577767365,-0.06645162183489539,-1.1498006607469247,296.0,0.22639042682870003,-0.01977977573492492,-0.04639923168869625,0.12951680838975488,0.08623971267953057,,,
2019-05-01,255.296,262.217,220.523,242.557,317.03,257.523,144.146,2.75596722530971,2.1787056970098,1.389351,150618.0,3.6,2.39,0.02468332856644384,1.7959105553606136,3.1584911773706814,0.08397042714227698,1.97242800754438,1.5883251039966018,-0.8528909270749008,-0.23615100997533833,25.9969355847794,-1.2595104436782356,0.08789159211699538,55.42470923243417,0.27137127892411517,3.3317253787384926,3.820845735474454,0.19648429292891123,1.9352106208982311,0.8196342551194613,-0.15515688855026744,-0.2000900058850119,-1.6559491498091106,27.0,-0.05543791025986855,0.028097253888834304,-0.028704024381799476,0.09877914552837792,-0.018051136209100357,,,
2019-06-01,255.213,262.739,214.926,231.691,317.949,257.664,144.173,2.78354203340214,2.16398140250704,1.363605,150838.0,3.6,2.38,-0.03251128102280676,1.671194894390049,1.4805599461274799,0.1990717611749071,2.0746001344216447,1.8043569789720992,-2.53805725479882,-2.7250879170117814,-0.014887460080481585,-4.479771764987195,-4.695090598712481,2.950183834089626,0.28987792953349967,3.504751239489168,3.730483886465108,0.05475239104855145,1.8563612788969452,0.4514683084335447,0.018731008838268615,0.036774909797387956,-1.5387181992224552,220.0,-0.1649737215619233,0.007829591919942857,0.0034652366350796937,0.10551556635019388,0.015652045633900102,,,
2019-07-01,255.802,263.28,216.696,235.098,318.777,257.836,144.206,2.87447861960657,2.26748786196778,1.562912,150937.0,3.7,2.4,0.23078761661827762,1.826331335037068,0.8947206158462562,0.2059077639787077,2.1657049503490455,1.973236466672379,0.8235392646771533,-1.4700198700489775,-9.90343504169282,1.470493027351094,-2.601324898395452,-16.107798249479565,0.26041912382173127,3.4822269112157134,3.336629205495689,0.06675360158967525,1.7646478400726195,1.2791530738667234,0.022889167874695637,0.25793443876662714,-0.4536143601335474,99.0,0.053530052204014966,0.00954576502732356,0.004234496056818693,0.09479256107111018,0.06868474225901022,,,
2019-08-01,256.036,263.877,213.847,229.734,319.37,258.046,144.225,2.90201336445808,2.28318866129051,1.908015,151169.0,3.6,2.13,0.09147700174354512,1.7376412106666406,1.1644893199990625,0.2267547857794039,2.321135673598529,2.556401626183291,-1.3147450806660022,-4.010216311085779,-11.570518176075073,-2.28160171502948,-6.699048446771094,-19.527805054061986,0.1860234584051046,3.3546491307555826,2.98525066274522,0.08144712142601485,1.722268869467869,0.8148326770290426,0.0131755960223634,0.6160092645560944,0.21940246223179916,232.0,-0.08545843024329014,0.011646938363920122,0.002437485264137229,0.06771253885945806,0.09513846949931984,,,
2019-09-01,256.43,264.388,213.015,228.23,320.436,258.575,144.175,2.9163047199769,2.27775788192253,1.816925,151365.0,3.5,2.04,0.1538846099767177,1.6844977040391562,1.9211133031748817,0.19365082974263093,2.3300099083477743,2.534209560080214,-0.3890632087427126,-4.884909914938285,-3.5094189669276243,-0.6546701837777724,-8.842548398563721,-5.842641782644609,0.3337821335754665,3.52608215248027,3.165705779255057,0.20500220890848908,1.7599162544322589,1.4217629350440797,-0.034668053388786646,0.5257249635687966,0.00554900464595498,196.0,-0.02528910856827632,0.029315315873913936,-0.0064135898769255295,0.1214966966214698,0.03477529592653583,,,
2019-10-01,257.155,264.97,215.268,232.348,320.862,259.088,144.225,2.92169145333823,2.35863538875478,2.141368,151460.0,3.6,1.83,0.2827282299262768,1.7339736996186295,2.1325438094435434,0.2201310195621753,2.3378148209658223,2.59243689748192,1.057671994929943,-4.757943916963836,-2.610009218776488,1.8043202033036998,-8.33349771768762,-4.597442794691742,0.1329438639853242,3.3701566683097095,2.6420289271764874,0.19839504979213274,1.9983307875218514,1.9565130525271313,0.034680076296145224,0.32764305688886,0.052712800784204816,95.0,0.06874867967044629,0.028370492120274978,0.006415814114786866,0.04839156649065801,0.13080167753011063,,,
2019-11-01,257.879,265.548,217.488,236.924,321.611,259.624,144.257,2.88474715181319,2.38963927349425,2.247763,151667.0,3.6,1.55,0.281542260504386,2.092290394862917,2.910520563122132,0.2181379024040364,2.3546960942649298,2.5571603660805575,1.0312726461898736,-0.4631578947368431,6.986394070849955,1.9694596036978984,-0.5811782181956993,13.118888110808125,0.2334336880029264,3.329831291546581,2.836456745636884,0.20687951584017483,1.9204497275568055,2.4686044382364214,0.022187554168850987,0.21326849600555864,0.08877975829830742,207.0,0.06703272200234178,0.029583770765144998,0.004104697521237433,0.08496986243306522,0.09585120778259659,,,
2019-12-01,258.63,266.02,221.18,244.197,322.247,260.052,144.38,2.85250342732355,2.33158848037558,2.195093,151794.0,3.6,1.55,0.29122185210892493,2.3195274699624457,3.4761519298788013,0.17774564297226014,2.2905988164406255,2.492054347720485,1.6975649231222079,3.534147825679912,16.236538686407243,3.06976076716583,8.501619546526973,31.06006409740263,0.1977544300412637,3.2406161495777352,2.2799070038153513,0.16485378855575217,1.7095521372335165,2.3044816614574692,0.08526449323082996,0.11232994494445592,0.5699674525217135,127.0,0.11034172000294351,0.023574091763472558,0.015773931247703543,0.07198261253501999,0.06954949655978532,,,
2020-01-01,259.127,266.716,220.147,242.397,323.487,260.858,144.308,2.91237991697868,2.35056731211163,2.220674,152031.0,3.6,1.55,0.19216641534238743,2.599767976845202,3.102875216144496,0.2616344635741674,2.2817391837892886,2.6619370370557505,-0.46704041956777687,7.735636683958114,9.378807129608457,-0.7371097925035985,16.129449528098494,18.45494844058322,0.38479799656785385,3.3511396238953717,3.312812463820336,0.30993801239751484,1.777590498708559,2.76079292817486,-0.04986840282588112,-0.3315191866729461,0.2303946637782328,237.0,-0.030357627271905496,0.04432113577284462,-0.009225654522788007,0.1400664707506988,0.04736209061353752,,,
2020-02-01,259.25,267.37,214.294,230.646,324.483,261.567,144.717,2.90476282511385,2.3766922315162,2.269547,152293.0,3.5,1.58,0.04746707213065804,2.3413166797595197,2.143597695430355,0.2452046371421268,2.3676613601035346,2.772888981975563,-2.658678065111031,2.9546852179260563,-5.746204560446366,-4.847832275151919,6.172521255587204,-10.185287533508792,0.30789490767788585,3.314845003693412,3.620150013911161,0.27179538292865235,1.7778348469637884,3.0273331503563705,0.2834215705297183,-0.022107233901436096,1.2816152309465867,262.0,-0.172814074232217,0.038866739758797286,0.05243299054799788,0.11207374639475044,0.016907669661329436,,,
2020-03-01,258.076,267.054,201.681,204.901,324.54,262.239,144.488,2.88400986122836,2.31786532743465,1.955645,150895.0,4.4,0.65,-0.4528447444551498,1.4940399642909163,-0.8540733741588147,-0.11818827841568735,2.097741687598198,1.5638587458973507,-5.885839080888877,-6.166078889333459,-30.868412597215833,-11.162127242614217,-10.917643785351261,-50.43044561991103,0.017566405636038063,3.0118933125113267,2.8767878288964877,0.2569131427129445,1.8902453239254768,3.406616425168596,-0.1582398750665237,-0.16927722081350183,0.29954631018374034,-1398.0,-0.382579540257777,0.03673857940795106,-0.029274376887306885,0.006394171651517855,-0.08412357836953477,,,
2020-04-01,256.032,265.746,182.586,164.836,324.391,265.777,143.211,2.82977457045201,2.15747176773349,1.260228,130426.0,14.8,0.05,-0.7920147553434065,0.3130472940411133,-4.692664861410889,-0.48978858208451603,1.4309324152566472,-1.4468141911167853,-9.467922114626559,-17.90936066900457,-52.68282461931941,-19.553345274059176,-32.89829880602969,-78.61548984624102,-0.0459111357613895,2.5995344306263712,1.1225136985683726,1.349150965340784,3.4079325183450138,7.758847756564435,-0.8838104202425034,-0.8027983653113524,-3.0062214613756244,-20469.0,-0.6154149374507263,0.1929285880437321,-0.16350492774486314,-0.016711653417145776,-0.18931182477440345,,,
2020-05-01,255.802,265.412,180.04,160.261,324.973,267.464,142.711,2.85816111175567,2.24391750945723,0.9808721,133040.0,13.2,0.05,-0.08983252093487382,0.1982013035848551,-5.214766871657483,-0.12568392374673332,1.2184564692601985,-2.8972534222683755,-1.394411400655049,-18.357722323748547,-50.17630052655233,-2.775485937537925,-33.92851989429288,-76.69078302887533,0.17941311565363716,2.505441125445551,0.6054074170697588,0.6347426602000938,3.8602377263389887,9.327529886553986,-0.34913519212909083,-0.9955184327001598,-5.430391005256052,2614.0,-0.09063674104257818,0.09076820040861341,-0.0645900105438818,0.06530637409792392,-0.09068034385495116,,,
2020-06-01,257.042,265.849,188.734,178.169,325.425,268.849,142.586,2.76373665898451,2.26362400067677,1.182307,137671.0,11.0,0.08,0.4847499237691677,0.7166562831830481,-1.5930228135305535,0.16464967672902286,1.1836841884912408,-1.7926991719821372,4.8289269051321915,-12.186520011538848,-23.309665275094325,11.174271968850814,-23.10059518928227,-42.83209751084824,0.13908847811971992,2.3513204947963384,1.0952444614877432,0.5178266981724633,4.340924615002484,10.470057793975517,-0.08758960416506145,-1.1007608914290423,-5.162428434811838,4631.0,0.31388024883359245,0.07404921783866225,-0.01620407677053637,0.05062820603557805,0.06239632783187132,,,
2020-07-01,258.352,267.389,191.966,185.072,326.249,267.824,143.375,2.78381681080997,2.37605685778646,1.777425,139255.0,10.2,0.09,0.5096443382793581,0.9968647625897997,3.6741102382047197,0.5792762056656242,1.560695837131587,2.4960675325931048,1.7124630432248544,-11.412301103850552,22.187664738933922,3.8744113734712426,-21.278785868021,58.91123554442126,0.25320734424214564,2.3439583156877886,2.310821222146031,-0.3812549051698033,3.873780232395796,3.1165533297358383,0.5533502587911743,-0.5762589628725445,0.4588528125210045,1584.0,0.11131009780961554,-0.05451945143928187,0.10236979787636724,0.092167473304141,0.2583164207285162,,,
2020-08-01,259.316,268.422,193.307,188.325,326.782,268.271,144.691,2.78226086232638,2.43534559082341,1.746824,140821.0,8.4,0.1,0.3731343283582156,1.2810698495523853,5.609141632955494,0.38632853258735445,1.7223933878284248,4.614097638682635,0.698561203546455,-9.604997965835393,32.89673353957401,1.7576943027578285,-18.02475906918437,90.68674747147708,0.16337214826711577,2.320819112627981,2.2453079452454228,0.16690065117390684,3.962471807352186,1.2123645908007186,0.9178727114210972,0.32310625758364964,5.6662452444608435,1566.0,0.045406478230519576,0.023866793117868677,0.16980645161290298,0.05946746196923014,0.07458714342769424,,,
2020-09-01,259.997,268.933,196.705,193.069,327.043,268.354,145.698,2.66791814986038,2.38480739536617,1.507755,141770.0,7.8,0.09,0.2626139536318739,1.3910228912373812,4.678377012614265,0.19037187711885561,1.7190644053436621,4.721598298943475,1.7578256348709687,-7.656737788418644,17.994297692820748,2.519049515465288,-15.405950138018664,37.88645899517205,0.07986976026832515,2.0618781909648165,2.0036653528135995,0.030938864059093518,3.7818814657256006,-0.7344414142538058,0.6959658859224227,1.0563551239812785,9.02016065919289,949.0,0.11425866626661296,0.004424257560450373,0.1287536888956482,0.029072592737670353,-0.013895251828507982,,,
2020-10-01,260.319,269.306,196.113,191.525,327.421,269.007,146.112,2.59680382389142,2.23733916552951,1.031542,142460.0,6.9,0.09,0.1238475828567287,1.2303863428671624,3.080414773779294,0.1386962552011095,1.6364116692455521,2.898719270704264,-0.30095828779136413,-8.89821060259769,8.925176108183175,-0.7997140918531653,-17.56976604059428,14.693554184743519,0.11558113153316008,2.0441809874650163,1.444700809866939,0.2433352959151147,3.828428950781193,1.7785728161126002,0.28414940493348695,1.308372334893404,7.857368022706335,690.0,-0.01956228870643867,0.0347969473158614,0.052567639912695086,0.042071531878070265,0.013973752456540617,,,
2020-11-01,260.911,269.981,197.017,191.823,327.801,269.066,146.388,2.44507520332853,2.13737021138205,1.15129,142733.0,6.7,0.09,0.2274132890799363,1.1757452138405844,2.483111287293238,0.25064424854999157,1.6693780408814973,2.343525818306813,0.4609587329753806,-9.412473331861992,7.900754941513499,0.15559326458687295,-19.036062197160277,7.639286633453368,0.11605853014926559,1.9246854118795786,1.253161089135868,0.02193251476725333,3.6367978307090043,1.1906480636007855,0.18889618922470763,1.4772246754056972,4.774557827829629,273.0,0.02996231764339974,0.003136349611717226,0.03494579500657091,0.042245304974332674,0.11712352184391575,,,
2020-12-01,262.045,270.341,205.67,208.753,328.217,270.088,146.718,2.354563291068,2.11423269451558,1.063154,142548.0,6.7,0.09,0.4346309661148906,1.3204191315779434,3.1882298797475617,0.13334271670970566,1.624313961356294,2.1107056858820528,4.3920067811407115,-7.012388100189904,19.514939257385542,8.825844658878236,-14.514510825276316,36.67236614571754,0.12690626325118082,1.852616160895204,1.443647077273491,0.37983245746398,3.859228154369121,2.6098052186042553,0.22542831379619432,1.6193378584291374,2.8298570352427665,-185.0,0.28548044077414625,0.05431604141734913,0.04170423805229595,0.04619387982342982,0.006936366047669451,,,
2021-01-01,262.687,270.387,212.47,223.567,328.535,270.499,146.752,2.16041091199624,1.96622251591456,0.819071137,142863.0,6.4,0.09,0.24499608845809373,1.3738437137002402,3.688562525737704,0.017015547031329348,1.3763703714812836,1.6153018059201774,3.3062673214372618,-3.4872153606453793,37.773261163393165,7.096424961557446,-7.768247956864149,85.66451717555117,0.09688712041120429,1.5604954758614786,1.3679003230259612,0.15217262521844965,3.6958805173696208,2.2370549961714836,0.02317370738424973,1.6935998004268704,1.7636259472778582,315.0,0.21490737589342201,0.0217606854062383,0.0042871358660862,0.03526691182967836,-0.031226020537331145,,,
2021-02-01,263.579,270.793,219.242,234.713,329.124,270.73,146.617,2.12362863576785,1.99664159672821,0.896529955,143380.0,6.2,0.08,0.33956762230333837,1.6698167791706853,4.153451530935426,0.15015514799159302,1.280248344990098,1.2084859759740496,3.187273497434928,2.3089773862077223,53.348740685829114,4.985530064812771,1.763308273284614,124.15367446671692,0.17928074634361302,1.4302752378398953,1.6241939286927298,0.08539772790288058,3.5031177480339792,2.4967850168922334,-0.09199193196687272,1.3129072603771386,0.6272041697096942,517.0,0.20717277733327033,0.012211875090111922,-0.017018507413871453,0.06525819166907514,0.07194328562475244,,,
2021-03-01,264.961,271.459,229.617,254.403,329.947,270.971,146.933,2.0581515235659,2.07930277973294,1.296313981,144232.0,6.1,0.07,0.524320981565296,2.6678187820641908,4.525994159883218,0.2459443190924393,1.6494791315614155,1.6644969185032776,4.732213718174427,13.851577491186573,55.35754925646883,8.388968655336516,24.15898409475794,120.57587540573613,0.250057729001818,1.6660504098108042,2.1250893408236493,0.0890185793964493,3.3297869500722665,1.3141489288873265,0.21552753091387267,1.692182049720392,0.5874481716827473,852.0,0.30759389168133777,0.01272965685369225,0.03987259321906644,0.09102101335666175,0.07310382645453783,,,
2021-04-01,266.614,273.66,227.255,246.052,331.208,272.018,149.554,2.11441931140588,2.43907118574485,2.470080721,144587.0,6.1,0.07,0.6238653990587206,4.133077115360573,6.1151713580587685,0.8108038414641028,2.9780316542864504,4.930577144386206,-1.0286694800472063,24.46463584283569,30.87699574775622,-3.2825870764102594,49.27079036132882,46.71577139221481,0.3821825929618994,2.1014763048296636,3.2943815105025642,0.3863882112845829,2.348209212986818,2.2652105820459623,1.7838062246057884,4.429129047349711,7.858907776326318,355.0,-0.06686351620306841,0.05525351421369535,0.33000415155207086,0.13911446383813136,0.16635678565789147,,,
2021-05-01,268.383,275.465,229.854,249.382,332.111,273.181,151.991,2.15129185664586,2.71858324310672,3.091332401,145065.0,5.8,0.06,0.6635060424433847,4.918257089467626,7.492159709625423,0.6595775780164903,3.7876961101984907,7.081875734845844,1.1436492046379643,27.668295934236852,20.812881502498783,1.3533724578544515,55.60991133213946,27.44178230662415,0.2726383420690315,2.1964901699525807,3.6799623770517265,0.42754523597703376,2.137483923070005,3.6707949659531725,1.6295117482648447,6.502652213214111,15.487285555819108,478.0,0.07433719830146768,0.06113896874471582,0.30145967342899627,0.09924035651312746,0.12732984545507753,,,
2021-06-01,270.654,277.651,233.603,256.305,333.835,275.185,154.821,2.26768962078512,2.97681022901486,2.888163426,145820.0,5.9,0.08,0.8461787818155431,5.295632620349999,8.875454980187868,0.7935672408473149,4.439362194328367,9.440983776911892,1.6310353528761645,23.773670880710405,7.126646347615995,2.776062426317849,43.854991609090234,3.0242355201988147,0.5191035527278398,2.58431282169469,4.797454212736096,0.7335795681251644,2.356713247957032,6.367211273581419,1.861952352441909,8.580786332459,23.26565550440225,755.0,0.1060172979369507,0.1049018782418985,0.3444611852017532,0.18895369319293367,0.1018447272420071,,,
2021-07-01,271.903,278.648,236.488,260.515,335.446,276.895,155.288,2.2342539339494,3.06184684242938,2.359605375,146762.0,5.4,0.1,0.4614747980816958,5.245169381309234,8.174325215500255,0.359083885885525,4.210719214328185,7.4925660646443015,1.2350012628262519,23.192648698206963,17.26884421601649,1.6425742767405938,40.764135039336026,25.667605251119774,0.4825737265415686,2.8190124720688825,5.217310724630098,0.6214001489906806,3.3869257422785015,7.366768431554704,0.3016386665891657,8.308979947689643,16.24103101833887,942.0,0.08027508208370637,0.08886022130566733,0.05580315331899566,0.17565683646113098,0.060879504912195403,,,
2021-08-01,272.676,278.997,240.692,266.871,336.022,278.084,155.57,2.35282090218905,3.22626735419222,2.235567666,147314.0,5.1,0.09,0.2842925602144719,5.152015301793966,6.55348179038393,0.1252476242427747,3.9396919775577244,5.228269655894446,1.777680051419095,24.51282157397301,20.23706292086791,2.43978273803811,41.70768618080445,31.143001012046767,0.17171169130052455,2.8275731221425904,4.794335565480834,0.4294046479712543,3.6578683495420705,7.37472021813137,0.1815980629539915,7.51878140312805,9.756921509932148,552.0,0.11554920334224117,0.06140486465988936,0.03359564164648843,0.06250305563339094,0.011239794932462022,,,
2021-09-01,273.91,279.698,245.302,273.26,337.357,280.322,156.259,2.69692602224962,3.56932498616103,2.458177599,147771.0,4.7,0.08,0.4525517463950024,5.351215590949132,4.899580633777045,0.25125718197684943,4.002855729865806,2.981799351716208,1.9153108537051544,24.705523499656845,21.587993949576713,2.394040566415989,41.534891670853426,29.203994926739462,0.39729541518116473,3.1537137318334407,4.287302823620087,0.8047927964212276,4.4597807373842,7.678674979457023,0.4428874461657184,7.248555230682641,3.7673413142090384,457.0,0.12449520549083504,0.11508536988823553,0.0819341775406579,0.14461553112594397,-0.013578537650670075,,,
2021-10-01,276.55,281.668,254.756,286.527,338.948,282.727,158.483,3.13428729899092,4.22657289032764,3.031278455,148572.0,4.5,0.08,0.9638202329232071,6.235042390298062,7.013521064560879,0.704331099972122,4.590317334184912,4.406207187773181,3.85402483469357,29.902658161366148,34.66702047133736,4.855083071067856,49.6029239002741,46.32929273817625,0.471607229137061,3.5205438869223338,4.241783319879944,0.8579419381996356,5.100239027237197,8.694779375626482,1.4232780191861139,8.466792597459483,8.487361756718004,801.0,0.25051161425508206,0.12268569716254787,0.26330643354943106,0.1716650314058902,0.15565145655025592,,,
2021-11-01,278.919,283.406,263.798,305.127,340.544,284.767,160.247,3.45672486231212,4.65834282931858,3.018998234,149230.0,4.1,0.08,0.8566262881938069,6.901970403700863,9.477466822037094,0.6170384992260303,4.972572143965692,6.4726413880267675,3.549278525334043,33.896059730886165,44.29104268961594,6.491534829178414,59.06695234669461,70.89014739917971,0.4708686878223123,3.8874195014658275,5.492620841850759,0.721544104383387,5.835371247203303,9.965039092772354,1.113053135036579,9.46730606333852,12.578698702387436,658.0,0.2307031041467128,0.10318080692682434,0.20591482998176713,0.17139620236732167,0.14543134477118103,,,
2021-12-01,280.845,285.18,267.899,313.591,341.931,286.343,162.481,3.74257521186272,5.0204267246114,3.279189571,149816.0,3.9,0.08,0.6905230550805275,7.174340285065539,10.518564101574146,0.6259571074712644,5.488993530393094,8.073400090567628,1.5545985943790308,30.25672193319395,42.259085820420104,2.7739269222323726,50.221074667190436,73.44033516181419,0.4072895132493981,4.178333236852438,5.534632373376969,0.5534349134555638,6.018408814904763,8.872338348265064,1.3940978614264132,10.743739691108111,16.904215151756972,586.0,0.101048908634637,0.07914119262414562,0.25790810436388645,0.14825338282278092,0.10417146663507748,,,
2022-01-01,282.543,286.757,270.189,312.894,342.858,288.549,164.074,4.16593889833119,5.54258716351423,3.988876633,150006.0,4.0,0.08,0.6046039630400957,7.558805726967832,8.954094897952402,0.5529840802300345,6.05428515424189,7.425175702709352,0.8547997566247023,27.16571751306067,26.524016654914107,-0.22226403181213605,39.95536013812413,42.20888472775999,0.2711073286715715,4.359657266349082,4.694736244015996,0.770404724403928,6.672852764705217,8.49485767963072,0.9804223263027767,11.803587003924987,14.87574202642914,190.0,0.05556198418060565,0.1101678755897617,0.1813781303660137,0.09868306763645203,0.1588129052672626,,,
2022-02-01,284.5,288.273,275.322,323.33,344.705,291.342,164.945,4.49510933187418,5.89151843798985,4.353884251,150825.0,3.9,0.08,0.6926379347568234,7.937278766517819,8.247203399019497,0.5286706165847699,6.4551151617656455,7.048283800957744,1.8997812642261414,25.579040512310613,18.652711801095823,3.335314835055958,37.75547157592462,26.084428050282128,0.5387069865658622,4.7340819873360696,4.977783833311533,0.9679465186155589,7.613489454437983,9.560435256119316,0.5308580274753893,12.500596793004902,12.252750142552182,819.0,0.12348578217469919,0.1384163521620249,0.09820873508294703,0.19608934310997386,0.13643772222717843,,,
2022-03-01,287.674,289.056,303.099,375.953,346.396,293.893,164.318,4.82819572534809,6.18467285810267,4.625085799,151315.0,3.7,0.2,1.115641476274165,8.572204966013853,10.086905221050113,0.27161752921707194,6.482378554404167,5.548410022354933,10.088914071523526,32.001985915676975,63.85271581689427,16.27532242600438,47.77852462431653,106.57599762920009,0.4905643956426564,4.985346131348378,5.326479399763762,0.8756032429241278,8.459207811906055,10.971302996324539,-0.3801267089029614,11.831923393655618,4.5996491578495835,490.0,0.6557794146490292,0.12521126373815028,-0.07032344114704786,0.17856544001392693,0.22640879902010647,,,
2022-04-01,288.561,290.514,295.455,352.96,348.23,296.568,164.153,5.16235971102927,6.27546002197565,4.682347746,151623.0,3.7,0.33,0.30833512934780316,8.231750770777225,8.795849825636903,0.5044005313849409,6.158737119052837,5.344569185870474,-2.5219482743262134,30.010340806582914,42.986396087681136,-6.115924064976208,43.44935216946011,61.924670489014424,0.5294518412452875,5.139368614284678,6.416159554939971,0.9101952070991848,9.025138042335445,11.58835087737593,-0.10041504886867392,9.761691429182772,0.19273516800708546,308.0,-0.16392663783120387,0.13015791461518342,-0.018576784040704675,0.19272047021328467,0.16796016639124361,,,
2022-05-01,291.298,292.063,309.052,371.34,350.204,299.817,164.883,5.50884083103955,6.55205793022802,4.869798213,151924.0,3.6,0.77,0.9484996239963239,8.538171195642065,9.905880135219093,0.5331928925972562,6.0254478790408905,5.3635261406322465,4.60205445837778,34.45578497655033,58.76785263482829,5.207388939256563,48.904090912736265,73.9814408795656,0.5668667260144034,5.447877366302234,6.535433440299077,1.0955328963340616,9.750312064162593,12.153447524818084,0.4447070720608348,8.48208117585909,-0.15026839650090773,301.0,0.2991335397945557,0.15666120417577079,0.08227080833125444,0.2063394882692428,0.20409458342550013,,,
2022-06-01,294.957,294.05,330.456,409.671,352.616,302.774,165.765,5.89300964171307,6.87598618340286,5.304137783,152358.0,3.6,1.21,1.2561019986405686,8.979361103105798,10.517838218215703,0.6803326679517774,5.906335651591377,7.091938703097722,6.925695352238459,41.460512065341625,41.29166810537761,10.32234609791567,59.83730321296892,40.99596005434576,0.6887414192870311,5.625833121152657,7.378315050557349,0.9862682903237552,10.025619128949614,12.646407369570545,0.5349247648332334,7.068808494971601,3.56924034684456,434.0,0.45017019789549984,0.14103636551629697,0.09896108149414817,0.2507018766204793,0.31523247711414437,,,
2022-07-01,294.913,295.088,314.345,375.422,354.68,305.962,165.911,6.22391426615654,6.89730731245435,5.296769821,153072.0,3.5,1.68,-0.014917428642136077,8.462576727730099,9.100095485990977,0.35300119027377175,5.899916740834321,6.44810422787534,-4.875384317428033,32.92217786949021,28.132957785015034,-8.360123123189089,44.10763295779516,27.990257544696018,0.5853392926015832,5.733858802907177,7.6172940324091165,1.0529305686749924,10.497480994600838,13.28510486306389,0.08807649383164584,6.84083766936272,4.353117344138968,714.0,-0.31689998063282215,0.15056907132052388,0.01629415135885448,0.21306350250697628,-0.07794417319566857,,,
2022-08-01,295.097,296.535,298.331,335.333,357.048,308.475,166.337,6.5345523056398,7.09466642544976,5.562747771,153362.0,3.6,2.33,0.062391281496565476,8.222579178218826,5.319591579986005,0.4903621970395289,6.286089097732228,6.266817492978993,-5.094402646773455,23.947202233559906,-13.170499688922476,-10.678383259372115,25.65359293441403,-33.50052067765566,0.6676440735310596,6.257328389212624,8.049312999013258,0.8213438270112006,10.928712187684297,12.061098290573803,0.2567641687410749,6.921000192839233,3.574282835574194,290.0,-0.33113617204027457,0.11745216726260167,0.04750137121709885,0.24302244276530569,-0.014448527708166153,,,
2022-09-01,296.349,298.226,294.103,322.853,359.601,310.453,166.6,6.67349879774726,7.17396368357457,5.96302818,153582.0,3.5,2.56,0.42426727482827165,8.192106896425821,1.9011381380845682,0.5702530898544778,6.624287624509306,5.802828736380783,-1.417217788295555,19.89425279859114,-37.26018241850102,-3.7216736795961047,18.14864963770768,-61.427444087406435,0.7150299119446091,6.59360855117872,8.162198159043887,0.6412188994245671,10.748710411598083,10.537370697091086,0.15811274701360567,6.617858811332478,2.0301761443793698,220.0,-0.09211915623921108,0.0916943026177131,0.02925085819751705,0.2602708879478377,0.13517038230441486,,,
2022-10-01,298.007,299.399,299.945,337.263,362.353,312.594,166.614,6.71168753230631,6.83077890253825,5.69370271,153939.0,3.6,3.08,0.5594754832984217,7.758813957693,4.262994488169758,0.3933258669599482,6.294999786983246,5.972989551867647,1.9863789216702843,17.738149444959106,-17.102720198884004,4.463331609122401,17.707231779204058,-34.86777429181157,0.7652926437913266,6.905188996542244,8.938313101272598,0.6896374008304118,10.563900865499232,8.95636018985837,0.008403361344533344,5.130518730715594,1.7056874457985982,357.0,0.12911462990856848,0.09861814831874888,0.0015546218487386687,0.27856652234004287,0.051621560882322726,,,
2022-11-01,298.786,300.325,298.107,336.273,364.695,314.179,166.214,6.76368575413202,6.62946255269523,5.654422327,154242.0,3.6,3.78,0.2614032556282231,7.122856456533988,5.094938191632159,0.30928627016122423,5.969880665899807,5.2112307888780185,-0.6127790094850649,13.005784729224645,-0.2999994539254258,-0.29353946326752256,10.20755292058717,1.125997000668888,0.6463310639072795,7.091888272881031,8.84608620574696,0.5070474801179836,10.328443955935906,7.604075516895015,-0.2400758639730216,3.7236266513569483,-0.2954571415483831,303.0,-0.03983063561652922,0.07250778965687166,-0.044414034835009,0.2352645072622497,0.03787562916063994,,,
2022-12-01,298.832,301.394,286.33,309.091,367.466,315.367,165.939,6.81359280719036,6.55290643146433,5.494745004,154342.0,3.5,4.1,0.01539563433359259,6.404600402357152,3.3938105412830266,0.35594772329976543,5.685531944736666,4.317313799240385,-3.9505949206157687,6.879831578318685,-10.160030698552658,-8.083313260356917,-1.4349901623452177,-15.990938451637437,0.759812994420006,7.467880946740735,9.03980964024984,0.37812839177666646,10.136095521804279,6.48331023001012,-0.1654493604630214,2.128248841402991,-1.5776147237183458,100.0,-0.25678866984002496,0.0540723600240633,-0.030608131685658957,0.2765719299688822,-0.027851854133668974,,,
2023-01-01,300.42,302.642,292.615,317.38,369.911,316.859,166.187,6.84929080200503,6.4885266551358,5.162714829,154776.0,3.5,4.33,0.5314022594635093,6.327178517960097,3.2784009363718836,0.4140759271916483,5.539533472591773,4.403584941649807,2.195019732476533,8.300115844834544,-9.42260350470473,2.681734505372191,1.4337123754370351,-21.5770042991521,0.6653676802751862,7.890438607236816,8.607930685657038,0.4730995950749328,9.81115859004884,5.570271325973319,0.1494525096571664,1.287833538525307,-1.0211898712691792,434.0,0.14267628261097465,0.06765324209571538,0.027648714286575782,0.24219383562016777,0.05123018485007569,,,
2023-02-01,301.45,304.123,288.702,316.327,372.636,318.025,166.408,6.92075001163965,6.33887539587363,5.004732428,155066.0,3.6,4.57,0.3428533386591992,5.957820738137087,3.6144142068336604,0.4893570621394172,5.498260329618088,5.15528883780183,-1.3372520205731098,4.859764203369155,-12.034885200551948,-0.3317789400718363,-2.165898617511519,-21.697242428819784,0.7366636839672314,8.10287057048782,8.998369361451575,0.3679870226188875,9.158652030946435,4.9872192631379875,0.13298272428046154,0.8869623207735877,0.4676860212507128,290.0,-0.08692138133725213,0.05262214423450091,0.024601803991885385,0.2681455809640722,0.08440519080599285,,,
2023-03-01,301.821,305.147,282.868,309.776,374.678,318.05,166.755,6.79756274358947,6.01693049991952,4.705752104,155134.0,3.5,4.65,0.12307181953890023,4.917719362889961,4.061338793874492,0.3367058722950844,5.566741392671326,5.074663799127843,-2.0207688204446073,-6.6747168416919855,-4.749367947292582,-2.0709582172877994,-17.602466265730023,0.8894215449183784,0.5479878487317347,8.164643933532712,8.084676141830371,0.007861017215637922,8.219658174914013,3.446693195599493,0.20852362867169738,1.4830998429873787,1.9815443970320645,68.0,-0.13134997332889947,0.0011241254618362228,0.038576871304264015,0.1994675769383514,0.01525321916334807,,,
2023-04-01,302.845,306.534,280.86,309.412,376.404,318.755,167.495,6.63639181304394,5.89135410563264,4.390785525,155375.0,3.4,4.83,0.3392739405144063,4.950079879124369,3.268118426839739,0.4545350273802429,5.514364195873522,5.244114003140954,-0.7098717422967527,-4.939838554094522,-15.126282359778553,-0.11750426114354173,-12.337941976427924,-9.670337218093506,0.46066222196126105,8.09062975619561,7.208183026360082,0.22166326049362084,7.481252191740184,2.415062507582233,0.44376480465353474,2.035905527160642,3.1856243990749045,241.0,-0.04614166324928892,0.031697846250587774,0.08209648886090393,0.16768104879389903,0.10394021985830448,,,
2023-05-01,303.334,307.652,274.273,298.832,378.304,319.587,168.261,6.41442725388726,5.4112577224273,3.897557789,155655.0,3.6,5.06,0.1614687381333635,4.131851231385042,2.5234508116479315,0.3647229997324919,5.337547036084689,4.722959561851758,-2.3452965890479183,-11.253446022028657,-18.542128549357194,-3.4193890346851386,-19.52604082511983,-20.354112601602193,0.5047767823933791,8.023894644264473,6.224451175502366,0.26101551348214347,6.594022353635709,1.9791469482205226,0.4573270843905686,2.0487254598715365,4.529063308574677,280.0,-0.1524442782881147,0.03732521842794651,0.08460551061225519,0.18373874879118998,0.008243538590086502,,,
2023-06-01,304.014,308.322,275.712,301.426,380.155,319.942,168.061,6.15280440634962,4.89693348702451,3.351293475,155880.0,3.6,5.08,0.224175331482801,3.070617072997095,2.9381880661957682,0.2177785289873002,4.853596327155252,4.227336440383245,0.5246597368315342,-16.566199433510064,-9.741648921008961,0.8680462601060146,-26.42242189464229,-10.353823523181605,0.48928903738791885,7.809912199106117,5.976617631627978,0.11108086373976533,5.670235885511965,2.400816986038401,-0.11886295695376914,1.385093355050837,3.1697348961506,225.0,0.034102882894049724,0.01588456351478644,-0.02198964703644729,0.17810120960920245,0.018076322501209663,,,
2023-07-01,304.609,308.96,275.548,300.625,381.895,320.719,167.462,5.83622757017355,4.68188121960413,3.155606915,156043.0,3.5,5.12,0.1957146710348745,3.287749268428297,2.3503406108246416,0.20692652486684615,4.700970557935236,3.203497646868536,-0.059482358402962454,-12.342171817588966,-7.353399871604605,-0.26573686410594766,-19.923446148600775,-10.884804799947966,0.45770804014151345,7.673113792714559,5.964152637632725,0.242856517743828,4.823147972624042,2.48746074204238,-0.3564182052945175,0.9348385580220553,-0.07878503537657178,163.0,-0.0038663532961925595,0.0347284820373674,-0.06593736797948574,0.16660572661151088,0.06418418366167453,,,
2023-08-01,306.082,309.58,287.31,323.701,382.947,321.524,167.037,5.54145334236917,4.36596887509602,2.999937677,156261.0,3.7,5.33,0.4835707415079771,3.722504803505289,3.6732691525900307,0.20067322630761275,4.399143440066089,2.5303908094295835,4.268584783776319,-3.694218837465768,20.412269266879623,7.67600831600832,-3.4687907244440597,37.679017605804745,0.2754683879076847,7.2536465685286045,5.000399907868158,0.2509985376606849,4.230164519004775,2.4465092089167584,-0.25378891927719804,0.42083240650006015,-2.8781686320992983,218.0,0.27745801094546074,0.03589279088547794,-0.04695095006628164,0.10027049319839722,0.11690039654492285,,,
2023-09-01,307.276,310.539,292.623,332.732,385.285,321.945,166.558,5.42879612407106,4.1618209651207,2.825443141,156417.0,3.7,5.33,0.3900915440960384,3.687206638119256,4.361479819440595,0.3097745332385715,4.128747996485882,2.9073850793267075,1.8492220946016547,-0.5032250606080257,26.885255718639645,2.7899203277098383,3.0599065209243825,48.475720162038606,0.6105283498760938,7.142360560732608,5.508045377253756,0.13093890347222192,3.7016875340228683,2.527818579446084,-0.28676281302946194,-0.025210084033611135,-3.529569714738956,156.0,0.12019943614910755,0.018724263196527733,-0.05305112041045046,0.22223231935489815,0.08198664580595544,,,
2023-10-01,307.696,311.457,286.765,320.296,386.771,322.992,166.697,5.1780765831039,3.98003960163018,2.895836409,156576.0,3.9,5.33,0.13668493471667986,3.2512659098611785,4.115761178895805,0.29561504352111356,4.027401561127464,3.2721833001305045,-2.00189322097033,-4.3941389254696706,17.304729868934988,-3.737542526718207,-5.030791993192252,28.856308448032575,0.3856885162931256,6.738732672283665,5.205809863887256,0.32521082793646183,3.326359431083148,2.865160072338324,0.08345441227681771,0.049815741774406064,-1.8147972340214036,159.0,-0.13012305936307145,0.046505148394914035,0.015439066271211277,0.1403906199306977,0.06447315948292828,,,
2023-11-01,308.148,312.392,282.146,306.714,388.525,323.41,166.254,5.16581233242592,3.85188013369975,2.694614397,156703.0,3.7,5.33,0.14689823722116024,3.1333462745911866,2.7273893850826347,0.30020195404181216,4.017980521102138,3.6831136165865974,-1.6107265531009607,-5.354117816757076,-6.997928507784246,-4.240452581362241,-8.7901794078026,-19.39569545756178,0.45349832329724116,6.5342272309738325,5.954935145611251,0.12941497003022828,2.938133993678771,2.36705113920308,-0.26575163320275985,0.024065361521885542,-1.8618907605294832,127.0,-0.10469722595156244,0.018506340714322642,-0.04916405214251057,0.16507338968019578,0.11717978492071485,,,
2023-12-01,308.741,313.195,280.763,303.319,390.139,323.891,166.117,5.06299080205097,3.65614007791999,2.76593159,156857.0,3.8,5.33,0.1924399963653789,3.3159099427102934,1.9207622630458943,0.25704883607775564,3.9154727698627045,3.4652901491389665,-0.49017175504881827,-1.944260119442609,-15.252740459444269,-1.1068943706514789,-1.867411215467285,-30.94101673823789,0.4154172833151115,6.170094648212343,5.135421614077473,0.1487276212856825,2.7028826732029776,2.439814419813646,-0.08240403238418681,0.10726833354424148,-1.0548916740234726,154.0,-0.03186116407817319,0.021268049843852596,-0.01524474599107456,0.15121189112670058,0.06706596546407345,,,
2024-01-01,309.698,314.319,279.953,297.154,392.322,324.873,165.637,4.95692166798003,3.5660680163035,3.016970553,157032.0,3.7,5.33,0.30996854969052023,3.0883429864855705,2.6280792400442676,0.3588818467727739,3.8583540949372663,3.726602252863942,-0.2884995530037848,-4.327187601455851,-9.16861699769742,-2.0325136242701602,-6.372802318986704,-25.916709706823838,0.5595441624651754,6.05848433812457,5.8656422521004,0.30318841832590593,2.5292006854783944,2.349897684810265,-0.2889529668847812,-0.3309524812410203,-2.519378832153063,175.0,-0.018752470945246014,0.043355943820604544,-0.05345629887368453,0.20367407513732383,0.1351473005515224,4.27,3.99,-0.27999999999999936
2024-02-01,310.967,315.564,283.331,303.183,394.078,325.168,165.903,4.73138418349237,3.45604097466987,2.88287417,157238.0,3.9,5.33,0.40975401843086345,3.157074141648697,3.7098013040746336,0.39609441363710474,3.7619647313751337,4.123844617339589,1.2066311130797036,-1.8603958406938625,1.6905947158181833,2.028914300329121,-4.15519383422851,-4.526029397042242,0.4475915192112545,5.754140770081251,5.840744265842801,0.09080471445765959,2.246049838849151,2.192123045669825,0.16059213822998686,-0.30347098697177666,-0.8418203530846213,206.0,0.07843102235018073,0.012985074167445319,0.02970954557254757,0.16292331299289664,0.1257050633477932,4.64,4.25,-0.3899999999999997
2024-03-01,312.345,316.792,288.688,313.054,395.827,325.24,165.775,4.73886708411566,3.55872737984733,3.160483918,157466.0,3.9,5.33,0.4431338373525273,3.4868349120836584,4.751682384185307,0.3891445158509699,3.8161935067360986,4.673691934009683,1.8907214530001992,2.057496782951773,11.777767156279072,3.2557894077174465,1.058183978100291,13.469350017778247,0.4438207664472671,5.644580146152167,5.960547444892872,0.022142400236191406,2.260650841062728,1.6764297439393783,-0.07715351741679477,-0.5876885250816977,-0.8209762749084248,228.0,0.12289689444501295,0.0031663632337753708,-0.014273400722107032,0.1615507589868052,0.16979322140904085,4.59,4.2,-0.3899999999999997
2024-04-01,313.023,317.649,287.611,312.728,397.196,325.894,165.598,4.67199660771853,3.45037370984576,3.14267243,157530.0,3.9,5.33,0.21706766556210955,3.3607951262196734,4.364163046261771,0.27052450819466944,3.6260251717590952,4.305553834951281,-0.3730671174416611,2.403688670511994,11.39904435628365,-0.10413538878275563,1.0717102116272192,22.670672697961148,0.34585816530960933,5.523852031328058,5.062762302554624,0.20108227770261333,2.2396511427271726,1.2630452383609159,-0.10677122605941003,-1.132571121526016,-0.09414859739215187,64.0,-0.02424936263370797,0.028754765711473704,-0.019752676820990855,0.1258923721726978,0.10642256713263687,5.04,4.69,-0.34999999999999964
2024-05-01,313.175,318.095,284.165,305.909,398.689,326.385,165.375,4.45978529154405,3.32522731361347,3.028314783,157608.0,3.9,5.33,0.04855873210594108,3.244278584003113,2.870565875872777,0.14040654936740005,3.394419668976645,3.2470284319256804,-1.198146107068221,3.6066255154535876,1.1826303752672462,-2.180489115141593,2.3682202709214506,3.6453048796853293,0.37588495352420814,5.388523515479626,4.763078597912895,0.15066248534798543,2.1271203146560946,1.5054978680576037,-0.13466346211911118,-1.7151924688430409,-1.2669686222771648,78.0,-0.07787949695943436,0.021544735404761914,-0.024912740492035568,0.13682212308281175,-0.007015888930162653,4.89,4.51,-0.3799999999999999
2024-06-01,313.044,318.39,278.284,294.143,399.699,327.042,165.079,4.28037077513654,3.24407056904636,3.101409012,157695.0,4.1,5.33,-0.041829647960411886,2.9702579486470926,0.8981734317599965,0.09273959037392476,3.2654173234475614,2.0330462208679068,-2.0695722555557627,0.93285747446612,-13.654835413893307,-3.846241856238297,-2.4161817494177673,-22.060603083940666,0.2533302900255663,5.141060883060877,3.9706089435135095,0.20129601544187636,2.219152221340104,2.234696137625347,-0.17898715041572144,-1.7743557398801624,-1.6688380310252104,87.0,-0.13452219661112458,0.02878533020818832,-0.03311262282690847,0.09221222556930612,0.004807615700126708,4.71,4.36,-0.34999999999999964
2024-07-01,313.569,318.94,278.287,294.025,401.139,327.74,164.669,4.22316878109181,3.21273894768059,3.090335318,157748.0,4.2,5.33,0.16770805381991494,2.9414757935583014,0.6995399416526604,0.17274411884795615,3.2301916105644812,1.6356314502684377,0.0010780353883133031,0.9940191908487828,-12.350446581441588,-0.04011654195408276,-2.1954261954261978,-21.86061927904175,0.36027110400576046,5.0390814229042125,4.030356099049204,0.21342824469030575,2.189143767597179,2.285091580410481,-0.24836593388619654,-1.6678410624499707,-2.2251759115410885,53.0,7.00723002403647e-05,0.030520238990713718,-0.04594769776894636,0.1311386818580968,0.05192675843981043,4.29,4.09,-0.20000000000000018
2024-08-01,314.062,319.75,275.706,290.263,402.895,328.154,164.399,4.18088282811133,3.12744810965231,2.913261141,157757.0,4.2,5.33,0.1572221743858515,2.607144490692037,1.1377350962952892,0.25396626324700744,3.2850959364300047,2.097437468906649,-0.9274597807299556,-4.038843061501507,-11.38596205979281,-1.2794830371567034,-10.329903213150416,-18.941660855884045,0.43775349691752563,5.209075929567275,4.287077508281212,0.1263196436199321,2.0620544656075435,2.185681268932682,-0.16396528794127008,-1.5792908158072771,-2.339879181987814,9.0,-0.060284885747447114,0.018063709037650286,-0.030333578269134964,0.15934227287797934,0.07043465648680397,3.91,3.91,0.0
2024-09-01,314.732,320.732,272.681,282.057,403.956,329.109,164.634,4.06070194445722,3.08194953511753,2.908644496,157912.0,4.1,5.13,0.2133336729690294,2.4264830315416708,2.174393670283825,0.30711493354182995,3.2823574494668994,2.9749272681080408,-1.097183231413179,-6.814912019902741,-7.81366203832774,-2.8270912930686842,-15.229974874673912,-15.450029697842139,0.2633440474565374,4.846023073828465,4.328750417089622,0.29102189825507274,2.225224805479198,2.552184435551652,0.1429449084240142,-1.1551531598602338,-1.073919434301418,155.0,-0.07131691004185664,0.0416161314504754,0.026444808058442626,0.09585723327417961,0.12073241022778838,3.66,3.81,0.1499999999999999
2024-10-01,315.631,321.731,273.003,281.588,405.721,329.851,164.698,4.01006182492543,3.13188950854024,2.872085457,157945.0,4.1,4.83,0.2856398459641696,2.578844053871343,2.6564215050467688,0.3114750009353573,3.298689706765301,3.5465600807173647,0.1180867020437848,-4.799051488152317,-7.381444820072824,-0.16627844726420093,-12.08507130903913,-15.87607292063633,0.4369287744209638,4.89954003790356,4.647871387591329,0.22545721934070784,2.1235820082231127,2.601432117263758,0.038874108628861315,-1.199181748921696,0.0704629571372406,33.0,0.007675635632846012,0.032240382365721215,0.007191710096339343,0.1590420738892308,0.0794900439800322,4.16,4.28,0.1200000000000001
2024-11-01,316.528,322.657,273.281,281.939,407.114,330.937,165.018,3.81865063096967,3.15530015592467,2.967047291,158079.0,4.2,4.64,0.28419261732848256,2.719472461284833,3.177967036508167,0.28781808405158316,3.2859356193500444,3.6864853325343283,0.10183038281630363,-3.141990317069887,-3.472094466912967,0.12465019816185752,-8.0775575943713,-10.986905001971703,0.3433393883974345,4.784505501576475,4.254938955233634,0.32923956574333335,2.3273862898487874,3.435708331780374,0.19429501268988236,-0.7434407593200687,1.5146194309852756,134.0,0.006618974883059736,0.047081257901296664,0.03594457734762824,0.12497553737666615,0.06957226981983178,4.13,4.18,0.04999999999999982
2024-12-01,317.604,323.259,279.829,293.155,408.165,331.65,165.006,3.73131689999404,3.13661363466071,2.805434634,158316.0,4.1,4.48,0.3399383308901438,2.870690967509981,3.700356063169985,0.18657583749928097,3.2133335461932644,3.1889826581728897,2.396068515557248,-0.3326649166734863,10.905062230031625,3.9781654896981156,-3.350927571302831,16.69216403577103,0.2581586484375453,4.620404522490706,4.233373286283015,0.21544886186795065,2.395558999786962,3.124289850144635,-0.007271933970842692,-0.6688057212687393,0.9068910030175292,237.0,0.15574445351122113,0.03080918724711694,-0.001345307784605898,0.0939697480312665,0.06076024988514511,4.25,4.58,0.33000000000000007
2025-01-01,318.961,324.638,282.272,296.78,409.579,332.626,165.508,3.60262220368543,3.07471625999163,2.7091601,158268.0,4.0,4.33,0.42726162139017365,2.9909783078999608,4.287373998915989,0.4265929177532435,3.282970485398584,3.663479311476725,0.8730331738311614,0.8283533307376745,14.288234443628678,1.2365472190479343,-0.12586066484046032,23.390563946821928,0.34642852767874377,4.398682714708846,3.8581963886859194,0.29428614503241857,2.3864710209835716,3.4078604834459902,0.30423136128383543,-0.07788114974310867,1.9817972251523486,-48.0,0.05674715629902549,0.04208291873963585,0.056282801837509555,0.12609998407506273,0.14604876043894,4.22,4.58,0.3600000000000003
2025-02-01,319.679,325.465,282.096,293.232,410.793,333.302,165.832,3.51778838054289,3.03353578372689,2.656130217,158310.0,4.2,4.33,0.22510589068882592,2.8015834477613355,4.041809643111183,0.2547452855180321,3.13755688228059,3.5268028590894174,-0.06235120734610078,-0.4358859425901196,13.54027965194704,-1.195498348945323,-3.2821761114574244,17.01049859577981,0.29640191513724545,4.241546089860382,3.664006242541751,0.203231256726788,2.5014761600157476,2.8893387735970277,0.19576092998525585,-0.042796091692132165,1.9877656352800255,42.0,-0.004052828477496551,0.02906206971193068,0.03621577204727233,0.10789029710995734,0.05599058029716211,3.99,4.24,0.25
2025-03-01,319.785,325.69,278.906,282.129,411.639,334.527,165.719,3.44309156712916,2.93426631985023,2.211308129,158377.0,4.2,4.33,0.03315826188146076,2.381981462805549,2.775240302020454,0.06913185749619633,2.808783050077035,3.0422174966255877,-1.1308207135159676,-3.3884331873856866,-1.312863698049671,-3.7864216729415645,-9.878487417506232,-14.216908263177286,0.2059431392453126,3.99467444110686,3.4482176506597018,0.36753454824751675,2.8554298364284803,3.5153361716697695,-0.06814125138694394,-0.033780726888865686,1.7396572136438415,67.0,-0.07350334637853789,0.05255744039939489,-0.012606131506584628,0.07496330268529379,-0.008253003318105398,3.89,4.23,0.3400000000000003
2025-04-01,320.302,326.467,277.343,275.454,413.04,334.68,165.87,3.41891324830994,2.95373665599621,2.095753061,158485.0,4.2,4.33,0.16167112278562268,2.32538823025783,1.6923456209746446,0.23857041972428217,2.7760200724699313,2.2727036606615902,-0.5604038636673248,-3.5700998918678284,-6.803922402498586,-2.365938985357763,-11.918983909339742,-25.790789462976306,0.3403467601466259,3.988962628022441,3.4231408910351924,0.04573621860120003,2.695968627836054,2.4930149031556326,0.09111809750239619,0.16425319146367023,0.8777566891452704,108.0,-0.03642625113837611,0.006540279259971604,0.016856848037943295,0.12388622069337182,0.05081402593271206,3.6,4.17,0.5699999999999998
2025-05-01,320.62,326.893,275.377,269.584,414.109,335.571,165.807,3.48114495501246,3.02680234155688,2.231768814,158498.0,4.3,4.33,0.09928130327003792,2.3772651073680873,1.1826401101946882,0.13048792067804627,2.7658403935930886,1.766611699669407,-0.7088695225767383,-3.0925694578853857,-9.192243722927461,-2.1310273221663123,-11.874446322272302,-28.561718004047766,0.2588127057912004,3.867676309103074,3.268183820989967,0.26622445320905186,2.8144675766349714,2.7509887559905577,-0.03798155181770069,0.2612244897959082,-0.06028835750971906,13.0,-0.04607651896748799,0.038070096808894414,-0.007026587086274627,0.09420782490799695,0.020106487606909168,3.89,4.41,0.52
2025-06-01,321.435,327.658,276.558,269.865,414.981,336.527,166.114,3.58245921748686,3.15354032650983,2.487799897,158478.0,4.1,4.33,0.2541949971929469,2.680453865910226,2.079915296681878,0.23402152998077685,2.910895442696071,2.43901819502772,0.428866608322398,-0.6202296934067375,-3.3251571864827856,0.10423467268088071,-8.25380852170542,-16.286532279599896,0.21057257871719415,3.823377091261171,3.28726879429162,0.28488754987765486,2.900239113019132,2.4129680007188847,0.18515502964291386,0.6269725404200344,0.9568353672005481,-20.0,0.02787632954095587,0.040738919632504644,0.034253680483939064,0.07664841865305867,0.07467764888248868,3.72,4.24,0.52
2025-07-01,322.169,328.682,274.85,266.542,415.931,336.941,166.468,3.65310567970967,3.1984673504136,2.84962036,158542.0,4.3,4.33,0.22835098853577485,2.742618052167134,2.3520143949639083,0.3125209822436803,3.0544930080893096,2.7416486181804034,-0.6175919698580334,-1.2350558955322888,-3.547357754300473,-1.2313564189502246,-9.347164356772385,-12.326917721298125,0.22892614360656705,3.6874998441936535,2.829260545884038,0.12302133261223869,2.8074083114663972,2.729790062704174,0.21310666169016557,1.0924946407641967,1.4499105893688746,64.0,-0.040143478040772174,0.01759205056355013,0.03942473241268063,0.0833291162727904,0.12814856732752586,3.94,4.37,0.43000000000000016
2025-08-01,323.291,329.7,276.734,270.922,417.555,338.39,166.838,3.63426136331342,3.26162567226334,2.952384126,158472.0,4.3,4.33,0.3482644202266627,2.9385917430316155,3.3741661070110673,0.3097218588179462,3.111806098514469,3.479257852621842,0.685464798981239,0.37286094608022236,1.9857337528215169,1.643268227896555,-6.663267450553445,2.000110018256329,0.39044937742078734,3.6386651608980136,3.3703714286089426,0.4300456162948496,3.119267173339346,3.4028224378376715,0.2222649398082588,1.4835856665794678,2.510524102384637,-70.0,0.044555211933780536,0.06149652313016349,0.041119013864527876,0.14212357338116657,0.05897009791702423,3.59,4.23,0.6400000000000006
2025-09-01,324.245,330.418,280.7,280.658,418.422,339.145,167.17,3.49132286875435,3.16434798942065,2.899075171,158548.0,4.4,4.22,0.2950901819104068,3.0225715847133294,3.5429408107802596,0.2177737336973129,3.0199668258857892,3.412178786546005,1.433145186352247,2.940798955556123,6.126721286556358,3.5936542621123335,-0.4959990356559141,16.98318834467665,0.20763731723965062,3.581083088257131,3.358260700948801,0.2231153402878272,3.049445624397995,3.148286715238746,0.1989954326951926,1.5403865544176831,2.567182436714699,76.0,0.09315443711289606,0.03190549366115929,0.03681415504861063,0.07557998347523283,0.057636112612508006,3.6,4.16,0.56
2025-10-01,,,,276.991,,,,3.27614491336918,2.99142425971699,2.696854966,158408.0,,4.09,,,,,,,,,,-1.3065724119747268,-1.6325269542736276,16.62724701326448,,,,,,,,,,-140.0,,,,,,3.6,4.11,0.5100000000000002
2025-11-01,325.063,331.043,284.648,284.56,419.431,339.478,167.272,3.10116860086702,2.86136506963812,2.564816034,158449.0,4.5,3.88,,2.6964439164939513,2.2105436307410242,,2.5990448060944082,1.6393426399280875,,4.159454920027383,11.939268508138824,2.7325797589091483,0.9296337150944023,21.707773259528928,,3.0254425050477263,1.8092761045392258,,2.580853757663837,1.2923059235639522,,1.3659115975226843,1.0445975182218126,41.0,,,,,,3.47,4.02,0.5499999999999994
2025-12-01,326.031,331.814,285.624,283.599,421.039,341.563,167.325,3.09766902742734,2.91119926114751,2.670329638,158432.0,4.4,3.72,0.297788428704604,2.653304114557753,2.2215431881770886,0.2329002576704653,2.6464847073089937,1.7007208971715482,0.3428796267670897,2.0709075899924656,7.203542597563639,-0.33771436603879934,-3.259709027647484,4.257924822565107,0.3833765267707845,3.1541165950044636,2.5253494134338084,0.6141782383541683,2.988994421830249,2.882522262184173,0.03168492036922377,1.4054034398748971,0.3713960812369077,-17.0,0.02228717573986083,0.08782748808464606,0.005861710268306397,0.13954905574456555,0.04226299886722512,3.47,4.18,0.7099999999999995
2026-01-01,326.588,332.793,281.436,274.547,421.965,342.194,167.394,2.96602523729412,2.72285949473532,2.721877496,158592.0,4.3,3.64,0.170842649932057,2.391201432150014,,0.2950448142634121,2.512028782828879,,-1.4662633392152125,-0.296168234894012,,-3.191830718726074,-7.4914077768043486,-3.4829193704899564,0.21993212030240183,3.024080824456332,,0.1847389793391052,2.876503941363584,,0.04123711340207059,1.1395219566425752,,160.0,-0.09530711704898881,0.026417674045492043,0.007628865979383059,0.08005529179007427,0.15204793516609644,3.52,4.26,0.7399999999999998
2026-02-01,327.46,333.512,283.223,276.754,422.942,343.477,167.53,2.84573063758968,2.67271886727343,2.675339756,158436.0,4.4,3.64,0.26700307420970404,2.4340041103732224,2.9823678900365636,0.21605021740240815,2.4724624767640258,3.016839755388956,0.6349578589803784,0.3995093868753852,-1.9874862316170638,0.803869647091382,-5.619441261526714,-10.52942723659649,0.2315357908831306,2.9574505894696346,3.390623671082582,0.3749335172446022,3.0527869619744186,4.795854796612686,0.08124544487855268,1.0239278305755217,0.6183880674507147,-156.0,0.041272260833724594,0.05361549296597811,0.015030407302532245,0.08427902788145954,0.07280588522600956,3.38,3.97,0.5900000000000003
2026-03-01,330.293,334.165,314.019,335.5,424.069,343.51,167.71,2.71518027826481,2.64404291412379,2.812015204,158650.0,4.3,3.64,0.8651438343614481,3.2859577528651984,5.332379318581104,0.19579505385114437,2.602167705486824,2.8643812793589296,10.873410704639097,12.589546298752975,46.09821752739318,21.22679347001306,18.917232897008105,95.86251076653124,0.2664667968657719,3.019636137489412,2.909816163610901,0.009607630205232809,2.685283998003163,2.2996764653357316,0.10744344296544917,1.20143133859123,0.923545951341076,214.0,0.7067716958015413,0.0013738911193482916,0.019877036948608096,0.09699391405914097,0.040127296432809545,3.79,4.3,0.5099999999999998
2026-04-01,332.407,335.423,325.978,353.74,426.642,345.197,167.767,2.80370606375997,2.83229172653259,2.823431413,158798.0,4.3,3.64,0.6400377846336402,3.7792458367415627,7.3197742690397805,0.376460730477457,2.7433094309685213,3.19879464637014,3.808368283447816,17.536047421424005,79.98427583930079,5.4366616989567795,28.420716344652817,175.59407469127945,0.60674088414856,3.293143521208597,4.507800385274874,0.49110651800530203,3.1424046850722975,3.5567684130926702,0.033987239878352504,1.1436667269548284,0.894293877603114,148.0,0.24754393842410805,0.07022823207475819,0.006287639377495213,0.22085368183007584,0.09512429292720292,3.88,4.4,0.5200000000000005
2026-05-01,333.979,336.121,338.639,378.66,427.998,345.715,167.575,2.85294861601688,2.90517647625901,2.888754532,158927.0,4.3,3.63,0.47291422864139676,4.166614684049641,8.20407334405855,0.20809544962627768,2.8229420636110225,3.166032440833555,3.8840044420175523,22.972869920145843,104.37784581328447,7.044722112285862,40.46085821116981,250.44679777422084,0.31783087459744674,3.353947873627483,4.868172510751578,0.1500592415345281,3.0229072238065813,2.631871642794925,-0.11444443782150371,1.0662999752724556,0.10748674106841882,129.0,0.2524602887311409,0.021458471539437515,-0.021172220996978186,0.1156904383534706,0.10447725101432592,3.98,4.45,0.4700000000000002
2026-06-01,332.568,336.065,319.29,341.98,428.501,346.391,167.431,2.71454667864883,2.62828851158463,2.397107078,158984.0,4.2,3.63,-0.42248165303806484,3.463530729385411,2.7837257411172933,-0.016660666843182348,2.5657850563697515,2.2937962755186003,-5.713754174799712,15.45137005619075,6.8851971189994865,-9.68679026039191,26.72262056954404,7.952507347294091,0.1175239136631534,3.2579804858535732,4.246445237238916,0.19553678608104086,2.9311169683264637,3.3972196050861214,-0.08593167238548638,0.7928290210337474,-0.663775710680492,57.0,-0.3713940213619813,0.02796176040958884,-0.01589735939131498,0.04277870457338784,-0.10593073726774527,4.14,4.44,0.3000000000000007
2026-07-01,,,,,,,,,,,,,,,,,,,,,,,,,,,,,,,,,,,,,,,,,4.16,4.57,0.41000000000000014
