date,ppi_final_demand,ppi_final_demand_goods,ppi_finished_goods,ppi_final_demand_services,ppi_energy,ppi_foods,ppi_goods_less_food_energy,ppi_less_food_energy_trade,ppi_trade_services,cpi_headline,cpi_core,cpi_energy,cpi_core_goods,ppi_final_demand_mom,ppi_final_demand_yoy,ppi_final_demand_ann3,ppi_final_demand_goods_mom,ppi_final_demand_goods_yoy,ppi_final_demand_goods_ann3,ppi_finished_goods_mom,ppi_finished_goods_yoy,ppi_finished_goods_ann3,ppi_final_demand_services_mom,ppi_final_demand_services_yoy,ppi_final_demand_services_ann3,ppi_energy_mom,ppi_energy_yoy,ppi_energy_ann3,ppi_foods_mom,ppi_foods_yoy,ppi_foods_ann3,ppi_goods_less_food_energy_mom,ppi_goods_less_food_energy_yoy,ppi_goods_less_food_energy_ann3,ppi_less_food_energy_trade_mom,ppi_less_food_energy_trade_yoy,ppi_less_food_energy_trade_ann3,ppi_trade_services_mom,ppi_trade_services_yoy,ppi_trade_services_ann3,cpi_headline_mom,cpi_headline_yoy,cpi_headline_ann3,cpi_core_mom,cpi_core_yoy,cpi_core_ann3,cpi_energy_mom,cpi_energy_yoy,cpi_energy_ann3,cpi_core_goods_mom,cpi_core_goods_yoy,cpi_core_goods_ann3
2023-01-01,141.203,143.686,257.182,138.124,146.964,272.189,139.756,126.728,151.329,300.42,302.642,292.615,166.187,,,,,,,,,,,,,,,,,,,,,,,,,,,,,,,,,,,,,,,
2023-02-01,141.135,143.349,255.223,138.632,146.805,265.472,140.101,127.174,151.214,301.45,304.123,288.702,166.408,-0.04815761704780597,,,-0.23453920354106206,,,-0.7617173830205881,,,0.3677854681300996,,,-0.10818976075772646,,,-2.4677705564883357,,,0.24685881107071594,,,0.35193485259770174,,,-0.07599336544880098,,,0.3428533386591992,,,0.4893570621394172,,,-1.3372520205731098,,,0.13298272428046154,,
2023-03-01,140.736,143.173,253.25,138.763,144.234,266.952,140.384,127.318,150.287,301.821,305.147,282.868,166.755,-0.2827080454883668,,,-0.12277727783241987,,,-0.7730494508723762,,,0.09449477754053248,,,-1.7513027485439814,,,0.5574975891996292,,,0.20199713064146252,,,0.11323069180806389,,,-0.613038475273453,,,0.12307181953890023,,,0.3367058722950844,,,-2.0207688204446073,,,0.20852362867169738,,
2023-04-01,140.934,143.342,253.842,139.153,144.522,266.279,140.606,127.546,150.789,302.845,306.534,280.86,167.495,0.140688949522505,,-0.7598486848800379,0.11803901573621545,,-0.9542101808289627,0.2337611056268507,,-5.094442170864766,0.2810547480236014,,3.0133967299981856,0.19967552726818383,,-6.482692036341153,-0.2521052473853036,,-8.406345125318825,0.15813767950765278,,2.4550962442700053,0.17907915612875858,,2.6070138819527466,0.3340275606007026,,-1.419731786369094,0.3392739405144063,,3.268118426839739,0.4545350273802429,,5.244114003140954,-0.7098717422967527,,-15.126282359778553,0.44376480465353474,,3.1856243990749045
2023-05-01,140.614,142.051,251.298,139.145,138.557,264.15,140.791,127.58,151.452,303.334,307.652,274.273,168.261,-0.2270566364397486,,-1.4684442133894637,-0.9006432169217815,,-3.573032080054761,-1.0021982177890187,,-6.011029677288193,-0.005749067573090905,,1.4884139969893129,-4.127399288689615,,-20.649348528255096,-0.7995373273896988,,-1.97709405206703,0.13157333257471926,,1.9846086784132355,0.02665704922144574,,1.283118748719514,0.43968724509082513,,0.6310592464585429,0.1614687381333635,,2.5234508116479315,0.3647229997324919,,4.722959561851758,-2.3452965890479183,,-18.542128549357194,0.4573270843905686,,4.529063308574677
2023-06-01,140.698,142.377,252.276,139.396,140.799,264.562,140.598,127.903,150.248,304.014,308.322,275.712,168.061,0.05973800617293801,,-0.10795990294384383,0.22949504051363867,,-2.205405431746621,0.3891793806556354,,-1.5295484847528962,0.1803873656976318,,1.837217571078087,1.6181066275973155,,-9.191251605450734,0.15597198561425607,,-3.5333616854104966,-0.137082626020113,,0.6111517744006978,0.25317447875843335,,1.8506237818397553,-0.7949713440562056,,-0.10376099508917491,0.224175331482801,,2.9381880661957682,0.2177785289873002,,4.227336440383245,0.5246597368315342,,-9.741648921008961,-0.11886295695376914,,3.1697348961506
2023-07-01,141.485,142.594,252.507,140.387,142.541,263.818,140.615,128.188,153.309,304.609,308.96,275.548,167.462,0.5593540775277628,,1.5730476415561911,0.1524122575977671,,-2.0710340904207314,0.09156637967939751,,-2.0871335307169114,0.7109242732933563,,3.594638443047349,1.2372246961981137,,-5.371195588759791,-0.2812195251018723,,-3.6459385817191436,0.012091210401288244,,0.025605917681015278,0.22282510965339064,,2.0286438635302995,2.0372983334220773,,6.854289048882256,0.1957146710348745,,2.3503406108246416,0.20692652486684615,,3.203497646868536,-0.059482358402962454,,-7.353399871604605,-0.3564182052945175,,-0.07878503537657178
2023-08-01,142.409,144.62,256.632,140.613,153.234,263.914,140.774,128.536,153.224,306.082,309.58,287.31,167.037,0.6530727638972111,,5.204785855502592,1.42081714518143,,7.432639812736452,1.633618077914667,,8.764484387207517,0.1609835668544779,,4.287312509980068,7.501701264899241,,49.59141416412063,0.036388722528402084,,-0.35689405791263784,0.1130747075347438,,-0.04828979470509198,0.2714762692295869,,3.0311936857084776,-0.05544358126399196,,4.762808243841499,0.4835707415079771,,3.6732691525900307,0.20067322630761275,,2.5303908094295835,4.268584783776319,,20.412269266879623,-0.25378891927719804,,-2.8781686320992983
2023-09-01,142.744,145.04,259.454,140.388,154.682,264.305,141.137,128.923,151.503,307.276,310.539,292.623,166.558,0.23523794142223942,,5.9448264053047595,0.2904162633107443,,7.694075725671201,1.0996290408055165,,11.876207809438831,-0.16001365449851424,,2.877097062836209,0.9449599958233579,,45.66688518984543,0.1481543229991722,,-0.38800093927526813,0.25786011621464766,,1.5422905443053025,0.3010829650837099,,3.2282790317826215,-1.1231921892131846,,3.383238371318087,0.3900915440960384,,4.361479819440595,0.3097745332385715,,2.9073850793267075,1.8492220946016547,,26.885255718639645,-0.28676281302946194,,-3.529569714738956
2023-10-01,142.249,142.932,255.326,140.814,143.899,264.41,141.265,128.986,151.557,307.696,311.457,286.765,166.697,-0.3467746455192544,,2.1775044797940124,-1.4533921676778805,,0.9515229978684037,-1.5910334779961066,,4.5409584713596685,0.3034447388665651,,1.222198901854532,-6.97107614331337,,3.865639280871447,0.03972683074477956,,0.9006142554016217,0.09069202264464504,,1.8618807165651452,0.04886637760523893,,2.5134414321591025,0.035642858557261015,,-4.49339733359867,0.13668493471667986,,4.115761178895805,0.29561504352111356,,3.2721833001305045,-2.00189322097033,,17.304729868934988,0.08345441227681771,,-1.8147972340214036
2023-11-01,142.334,142.028,254.558,140.653,137.962,265.25,141.41,129.141,152.383,308.148,312.392,282.146,166.254,0.05975437437171216,,-0.21049448402088444,-0.6324685864606883,,-6.978688757378759,-0.30079192874991056,,-3.1936676523928287,-0.11433522235004823,,0.11383605032324606,-4.125810464283985,,-34.292132546464615,0.31768843841004646,,2.0403298642938106,0.10264396701236134,,1.8194355590208433,0.12016808025676617,,1.8960754587492357,0.5450094683848494,,-2.1774690927130025,0.14689823722116024,,2.7273893850826347,0.30020195404181216,,3.6831136165865974,-1.6107265531009607,,-6.997928507784246,-0.26575163320275985,,-1.8618907605294832
2023-12-01,142.165,140.693,254.434,140.359,131.199,266.115,141.555,129.567,150.376,308.741,313.195,280.763,166.117,-0.1187348068627414,,-1.6126399595695395,-0.9399555017320371,,-11.460147024671507,-0.048711884914243164,,-7.517598197741126,-0.20902504745720085,,-0.08260254559264713,-4.902074484278263,,-48.243728262073034,0.3261074458058566,,2.7675265370975977,0.10253871720529162,,1.189937807524144,0.3298720003716893,,2.0131131955106296,-1.3170760517905555,,-2.942481565943922,0.1924399963653789,,1.9207622630458943,0.25704883607775564,,3.4652901491389665,-0.49017175504881827,,-15.252740459444269,-0.08240403238418681,,-1.0548916740234726
2024-01-01,142.576,141.569,254.678,141.309,133.356,267.62,141.923,130.175,150.506,309.698,314.319,279.953,165.637,0.2891006928569029,0.9723589442150571,0.9226898846300458,0.62263225604684,-1.4733516139359581,-3.760186077287131,0.09589913297751718,-0.9736295697210573,-1.0113146352158653,0.676835828126432,2.305899047232929,1.413541875685298,1.6440674090503649,-9.259410467869689,-26.240300622252665,0.5655449711590821,-1.6786130225688867,4.945243799923316,0.2599696231146975,1.5505595466384303,1.8762231331530765,0.46925528876951006,2.719998737453455,3.738519422819575,0.08644996542002126,-0.5438481718639587,-2.745153109323517,0.30996854969052023,3.0883429864855705,2.6280792400442676,0.3588818467727739,3.8583540949372663,3.726602252863942,-0.2884995530037848,-4.327187601455851,-9.16861699769742,-0.2889529668847812,-0.3309524812410203,-2.519378832153063
2024-02-01,143.356,143.601,257.529,141.989,140.612,272.477,142.351,130.666,150.918,310.967,315.564,283.331,165.903,0.5470766468409938,1.573670599071808,2.9032000127057866,1.435342483170765,0.1757947387146075,4.504254391184226,1.1194527992209657,0.9035235852568047,4.750852271865358,0.48121492615473827,2.421518841248771,3.853898385603549,5.441075017247066,-4.218521167535172,7.907496182484897,1.814886779762337,2.638696359691406,11.351949732618127,0.3015719791717997,1.605984254216608,2.6884504248042784,0.37718455924715677,2.745844276345788,4.807848510715407,0.2737432394721795,-0.1957490708532239,-3.7904712801252627,0.40975401843086345,3.157074141648697,3.7098013040746336,0.39609441363710474,3.7619647313751337,4.123844617339589,1.2066311130797036,-1.8603958406938625,1.6905947158181833,0.16059213822998686,-0.30347098697177666,-0.8418203530846213
2024-03-01,143.521,144.301,257.987,142.445,143.075,272.437,142.427,130.98,150.436,312.345,316.792,288.688,165.775,0.11509807751330925,1.97888244656661,3.870219489107196,0.48746178647780525,0.7878580458605899,10.659168394705997,0.177844048631437,1.870483711747295,5.703825985832478,0.32115163850721107,2.653445082622885,6.07859934068149,1.7516285949989996,-0.8035553336938728,41.42719207912342,-0.014680138140088506,2.0546764961491215,9.84668052475277,0.05338915778603237,1.4552940506040724,2.48692202189964,0.24030734850688518,2.8762625865941915,4.434100753852777,-0.31937873547224216,0.09914363850498376,0.15969548209462392,0.4431338373525273,3.4868349120836584,4.751682384185307,0.3891445158509699,3.8161935067360986,4.673691934009683,1.8907214530001992,2.057496782951773,11.777767156279072,-0.07715351741679477,-0.5876885250816977,-0.8209762749084248
2024-04-01,144.197,145.052,258.631,143.254,145.893,271.797,142.821,131.634,151.11,313.023,317.649,287.611,165.598,0.4710112109029385,2.3152681396966024,4.625897108984445,0.5204399137913152,1.1929511238855106,10.210310970883185,0.24962498110367992,1.8866066293205863,6.354677107586348,0.5679385025799455,2.9471157646619117,5.620382836816051,1.9695963655425475,0.9486444970316033,43.24767359155381,-0.23491669633712853,2.0722625516845117,6.390872344826737,0.27663294178772446,1.575323954881025,2.5550727722156275,0.49931287219422416,3.2051181534505035,4.559131864528632,0.448031056396081,0.21288024988561638,1.6149406195570704,0.21706766556210955,3.3607951262196734,4.364163046261771,0.27052450819466944,3.6260251717590952,4.305553834951281,-0.3730671174416611,2.403688670511994,11.39904435628365,-0.10677122605941003,-1.132571121526016,-0.09414859739215187
2024-05-01,144.224,144.297,257.126,143.504,141.064,270.738,143.201,131.911,151.798,313.175,318.095,284.165,165.375,0.018724384002433148,2.5673119319555626,2.4440282743734443,-0.520502992030436,1.5811222729864793,1.9528454261386496,-0.5819101345159727,2.319158926851772,-0.6244811592974298,0.17451519678333138,3.1327032951237843,4.336730729326166,-3.3099600392068163,1.8093636553909276,1.2920209327071719,-0.38962902460293325,2.494037478705291,-2.528540431340698,0.2660673150306936,1.7117571435674162,2.409940430032753,0.21043195526992964,3.394732716726767,3.866061688662459,0.4552974654225217,0.22845522013574815,2.352872046854859,0.04855873210594108,3.244278584003113,2.870565875872777,0.14040654936740005,3.394419668976645,3.2470284319256804,-1.198146107068221,3.6066255154535876,1.1826303752672462,-0.13466346211911118,-1.7151924688430409,-1.2669686222771648
2024-06-01,144.869,144.274,256.595,144.704,139.845,272.383,143.322,132.21,154.764,313.044,318.39,278.284,165.079,0.4472209895717949,2.9645055366813944,3.810203479783092,-0.01593934731837221,1.3323781228709697,-0.07482255295566675,-0.2065135381096983,1.7120138261269569,-2.1408433978523878,0.8362136247073382,3.807856753421923,6.496002734842388,-0.864146770260299,-0.6775616304093068,-8.729011362960748,0.6075984900531184,2.9562068626635574,-0.07926081557716458,0.08449661664373664,1.9374386548884015,2.5373603621985596,0.22666798068395888,3.3673956044815156,3.8095423765617697,1.9539124362639937,3.0056972472179533,12.014094997339608,-0.041829647960411886,2.9702579486470926,0.8981734317599965,0.09273959037392476,3.2654173234475614,2.0330462208679068,-2.0695722555557627,0.93285747446612,-13.654835413893307,-0.17898715041572144,-1.7743557398801624,-1.6688380310252104
2024-07-01,144.922,144.976,257.366,144.263,142.897,272.679,143.575,132.712,152.274,313.569,318.94,278.287,164.669,0.03658477659125303,2.4292327808601577,2.0263559731658054,0.4865741575058591,1.6704770186683815,-0.2094153560307621,0.30047350883686264,1.9243030886272328,-1.9421481429314769,-0.3047600619195068,2.7609394032211076,2.8472793246919093,2.1824162465586827,0.24975270273113193,-7.964658980674011,0.10867051174265896,3.358754899210825,1.3043595353974702,0.1765255857439696,2.105038580521268,2.1285160344926224,0.3796989637697479,3.5291914999844076,3.316209070750742,-1.6089012948747872,-0.6751071365673211,3.116984010327406,0.16770805381991494,2.9414757935583014,0.6995399416526604,0.17274411884795615,3.2301916105644812,1.6356314502684377,0.0010780353883133031,0.9940191908487828,-12.350446581441588,-0.24836593388619654,-1.6678410624499707,-2.2251759115410885
2024-08-01,145.409,144.533,257.706,144.944,139.845,275.672,143.815,133.04,153.993,314.062,319.75,275.706,164.399,0.33604283683636993,2.106608430646939,3.327281972276497,-0.3055678181216326,-0.06015765454294719,0.6558129526546663,0.13210758219812657,0.4184980828579432,0.9053388841310905,0.47205451155181155,3.0800850561470083,4.074646053203113,-2.135804110653128,-8.737616977955287,-3.4120396654891194,1.0976276134209373,4.455239206711292,7.491410767117546,0.16716002089500748,2.160200036938642,1.7261339037199175,0.2471517270480561,3.5040766789070643,3.4677235687408547,1.128886086922254,0.5018796011068805,5.910671248711519,0.1572221743858515,2.607144490692037,1.1377350962952892,0.25396626324700744,3.2850959364300047,2.097437468906649,-0.9274597807299556,-4.038843061501507,-11.38596205979281,-0.16396528794127008,-1.5792908158072771,-2.339879181987814
2024-09-01,145.803,143.347,257.178,145.59,132.981,276.741,144.008,133.296,156.047,314.732,320.732,272.681,164.634,0.2709598443012551,2.1429972538250297,2.603928841835801,-0.8205738481869007,-1.1672642029784797,-2.545445098218724,-0.20488463598054008,-0.8772267916470788,0.9119272478228746,0.4456893696876074,3.7054449098213427,2.471723036816331,-4.908291322535662,-14.029428117040121,-18.23440436989152,0.38777968019965137,4.705170163258354,6.555047815401016,0.1342001877411958,2.0341937266627586,1.928359822693393,0.19242333132891698,3.3919471312333638,3.326387915408291,1.3338268622599792,2.9992805422994984,3.357479883509318,0.2133336729690294,2.4264830315416708,2.174393670283825,0.30711493354182995,3.2823574494668994,2.9749272681080408,-1.097183231413179,-6.814912019902741,-7.81366203832774,0.1429449084240142,-1.1551531598602338,-1.073919434301418
2024-10-01,146.294,143.225,257.634,146.574,132.382,275.062,144.243,133.598,157.113,315.631,321.731,273.003,164.698,0.33675575948368675,2.843605227453283,3.8409811571920027,-0.08510816410529642,0.20499258388604336,-4.744322241076027,0.1773091010895289,0.9039424108786553,0.4171784940556478,0.6758705955079325,4.090502364821691,6.563364167425201,-0.4504402884622505,-8.003530253858603,-26.341425947084108,-0.6067044637404595,4.028591959456906,3.5417772768790767,0.16318537859005833,2.108094715605424,1.8740766923399876,0.2265634377625947,3.5755818460918354,2.697305764117952,0.6831275192730413,3.665947465310082,13.330149303238326,0.2856398459641696,2.578844053871343,2.6564215050467688,0.3114750009353573,3.298689706765301,3.5465600807173647,0.1180867020437848,-4.799051488152317,-7.381444820072824,0.038874108628861315,-1.199181748921696,0.0704629571372406
2024-11-01,146.447,143.618,259.321,145.957,129.711,282.267,144.465,133.767,156.379,316.528,322.657,273.281,165.018,0.10458392005139316,2.8896820155409175,2.8861146429360662,0.27439343689998896,1.1194975638606497,-2.508348075187372,0.6548048782381244,1.871086353601159,2.5303949836100514,-0.4209477806432327,3.770982488819996,2.8250060961514167,-2.0176459035216254,-5.980632348037851,-25.985048829877144,2.6194094422348435,6.415457115928369,9.918249067880257,0.15390694869075183,2.160384696980411,1.820171737383669,0.1264988996841243,3.5821311589657956,2.2037907389926614,-0.4671796732288236,2.6223397623094336,6.343220295842711,0.28419261732848256,2.719472461284833,3.177967036508167,0.28781808405158316,3.2859356193500444,3.6864853325343283,0.10183038281630363,-3.141990317069887,-3.472094466912967,0.19429501268988236,-0.7434407593200687,1.5146194309852756
2024-12-01,147.052,143.299,261.129,146.379,128.552,282.847,144.578,134.19,156.888,317.604,323.259,279.829,165.006,0.41311873920257813,3.437554953750932,3.4708227229621746,-0.22211700483225627,1.85225988499782,-0.13387345686335372,0.6972053940868639,2.6313307183788437,6.288227329981222,0.28912624951185073,4.289001774022316,2.18541652205142,-0.8935248359815406,-2.0175458654410616,-12.671304436294529,0.20547920940101605,6.287507280686899,9.121991520573868,0.07821963797458586,2.135565681183982,1.5926702011650251,0.3162214896050619,3.5680381578642617,2.7098613756553203,0.32549127440386627,4.330478267808702,2.1732508560038832,0.3399383308901438,2.870690967509981,3.700356063169985,0.18657583749928097,3.2133335461932644,3.1889826581728897,2.396068515557248,-0.3326649166734863,10.905062230031625,-0.007271933970842692,-0.6688057212687393,0.9068910030175292
2025-01-01,147.975,144.941,262.365,147.697,133.911,285.41,144.871,134.752,158.54,318.961,324.638,282.272,165.508,0.627669123847352,3.7867523285826543,4.67605242130209,1.1458558678008934,2.381877388411313,4.879278177423241,0.4733292740369599,3.0183211741885874,7.550117658680211,0.9004023801228334,4.520589629818339,3.100064437139438,4.168741054203751,0.4161792495275929,4.700621756793977,0.9061436041393645,6.64748524026606,15.918928052953142,0.20265877242735542,2.077182697659996,1.7529118575617453,0.41880915120353635,3.5160361052429367,3.500167409138011,1.0529804701443046,5.337993169707511,3.682850856066966,0.42726162139017365,2.9909783078999608,4.287373998915989,0.4265929177532435,3.282970485398584,3.663479311476725,0.8730331738311614,0.8283533307376745,14.288234443628678,0.30423136128383543,-0.07788114974310867,1.9817972251523486
2025-02-01,148.233,146.056,262.897,148.038,135.55,290.449,145.338,135.318,157.4,319.679,325.465,282.096,165.832,0.17435377597567747,3.4020201456513854,4.968181774655411,0.7692785340241981,1.7095981225757617,6.965102610729557,0.20277094886893554,2.0844254433481257,5.631092214467293,0.23087808147761457,4.2601891695835725,5.82618087774136,1.223947248545687,-3.599977242340613,19.25891602181713,1.7655302897585878,6.595786066346898,12.108647264949335,0.3223557509784536,2.098334398774848,2.4391934891228706,0.4200308715269552,3.5602222460318744,4.719203970033603,-0.7190614355998437,4.295047641765737,2.637292149133863,0.22510589068882592,2.8015834477613355,4.041809643111183,0.2547452855180321,3.13755688228059,3.5268028590894174,-0.06235120734610078,-0.4358859425901196,13.54027965194704,0.19576092998525585,-0.042796091692132165,1.9877656352800255
2025-03-01,148.055,145.494,260.21,148.514,133.504,284.123,145.797,135.487,157.993,319.785,325.69,278.906,165.719,-0.12008122347925143,3.1591195713519316,2.756327038741424,-0.38478391849702254,0.8267440974075058,6.269269866408944,-1.0220732834532176,0.8616713245240826,-1.400319338593059,0.32153906429430723,4.260591807364267,5.963056639991171,-1.5094061232017841,-6.6894985147649795,16.32197338531638,-2.178007154440198,4.289432052180864,1.816756867420355,0.31581554720720995,2.366124400570113,3.4154676895436165,0.12489099750216948,3.4409833562375924,3.922573943755281,0.3767471410419221,5.023398654577349,2.847200766269875,0.03315826188146076,2.381981462805549,2.775240302020454,0.06913185749619633,2.808783050077035,3.0422174966255877,-1.1308207135159676,-3.3884331873856866,-1.312863698049671,-0.06814125138694394,-0.033780726888865686,1.7396572136438415
2025-04-01,147.655,145.664,259.608,148.002,134.045,280.416,146.269,135.243,157.499,320.302,326.467,277.343,165.87,-0.2701698693053256,2.398108143720057,-0.862209109649692,0.11684330625316708,0.42191765711605544,2.010273849553057,-0.2313516006302474,0.37775827337018786,-4.137513346651033,-0.34474864322555643,3.3143926173091254,0.828577578283296,0.4052313039309752,-8.12102019973543,0.4008670469205722,-1.3047166192106885,3.1711166789920364,-6.817487161675495,0.32373779981755835,2.4142107953312175,3.916219184842551,-0.18009107884889852,2.7416928757008074,1.465477714611918,-0.31267208040862693,4.228045794454349,-2.6007108362136933,0.16167112278562268,2.32538823025783,1.6923456209746446,0.23857041972428217,2.7760200724699313,2.2727036606615902,-0.5604038636673248,-3.5700998918678284,-6.803922402498586,0.09111809750239619,0.16425319146367023,0.8777566891452704
2025-05-01,148.153,145.883,260.423,148.514,133.811,280.761,146.645,135.432,159.487,320.62,326.893,275.377,165.807,0.33727269648842206,2.7242345240736654,-0.21570165993030077,0.15034600175749535,1.0991219498672988,-0.47294974753453456,0.3139348556284949,1.282250725325329,-3.711409566289503,0.3459412710639098,3.4911918831530997,1.292372807289488,-0.17456824200826615,-5.141637838144375,-5.0337743896473945,0.12303149606300856,3.7021031403053906,-12.689277887812366,0.25706062118426853,2.4050111381903827,3.6459463601687725,0.13974845278497128,2.669223946448729,0.3374100757751908,1.2622302363824556,5.065284127590619,5.410104418338313,0.09928130327003792,2.3772651073680873,1.1826401101946882,0.13048792067804627,2.7658403935930886,1.766611699669407,-0.7088695225767383,-3.0925694578853857,-9.192243722927461,-0.03798155181770069,0.2612244897959082,-0.06028835750971906
2025-06-01,148.393,146.754,261.496,148.725,136.739,281.229,146.965,135.631,159.487,321.435,327.658,276.558,166.114,0.1619946946737505,2.4325425039173343,0.9163059966562637,0.5970538033903683,1.7189514396218186,3.509319662959176,0.4120219796254432,1.910013835031843,1.9915681641844873,0.14207414789177975,2.7787759840778303,0.5695088428947948,2.188160913527293,-2.2210304265436687,10.050617987737942,0.1666898180302745,3.2476329286335703,-4.012463945362255,0.21821405434894192,2.5418288887958607,3.243168585278866,0.1469372083407361,2.5875501096739972,0.42581128683443215,0.0,3.051743299475329,3.836435944661787,0.2541949971929469,2.680453865910226,2.079915296681878,0.23402152998077685,2.910895442696071,2.43901819502772,0.428866608322398,-0.6202296934067375,-3.3251571864827856,0.18515502964291386,0.6269725404200344,0.9568353672005481
2025-07-01,149.597,147.662,262.587,149.853,138.512,285.129,147.498,136.554,161.39,322.169,328.682,274.85,166.468,0.8113590263691739,3.2258732283573233,5.365614791513562,0.6187224879730779,1.8527204502814199,5.600520492730965,0.41721479487257795,2.0286284901657625,4.669608629979116,0.7584467977811427,3.874867429625062,5.097268874207939,1.2966308075969435,-3.0686438483663037,14.011097026743457,1.3867702121758585,4.565808148042216,6.89426456549227,0.362671384343205,2.732369841546234,3.4035281263567363,0.6805228893099757,2.8949906564591066,3.934210500342039,1.1932006997435574,5.986576828611567,10.25423585277978,0.22835098853577485,2.742618052167134,2.3520143949639083,0.3125209822436803,3.0544930080893096,2.7416486181804034,-0.6175919698580334,-1.2350558955322888,-3.547357754300473,0.21310666169016557,1.0924946407641967,1.4499105893688746
2025-08-01,149.327,147.594,262.934,149.253,137.39,284.213,148.026,137.021,158.042,323.291,329.7,276.734,166.838,-0.1804849027721267,2.6944687055134198,3.2075717756691047,-0.04605111673958717,2.1178554378584957,4.774613758575508,0.13214667900545152,2.028668327473948,3.912942589221169,-0.4003923845368629,2.972872281708794,2.005290206368837,-0.8100381194409256,-1.7555150345024972,11.135607788624146,-0.3212580972121404,3.0982471923155064,5.009510235546744,0.3579709555384003,2.9280673086952147,3.8204662978449377,0.3419892496741017,2.9923331328923553,4.776373593350303,-2.0744779726129203,2.629340294688731,-3.575163243686319,0.3482644202266627,2.9385917430316155,3.3741661070110673,0.3097218588179462,3.111806098514469,3.479257852621842,0.685464798981239,0.37286094608022236,1.9857337528215169,0.2222649398082588,1.4835856665794678,2.510524102384637
2025-09-01,150.245,147.911,265.093,150.048,137.439,286.115,148.312,137.328,160.551,324.245,330.418,280.7,167.17,0.6147582151921682,3.046576545064239,5.086385054282494,0.21477837852488246,3.183882467020571,3.1910670589233803,0.8211186077114352,3.0776349454463503,5.616759827795392,0.5326526099977968,3.062023490624366,3.6060064354487276,0.0356648955528005,3.3523586076206424,2.0634744205488387,0.6692163975609899,3.3872826939268297,7.1327116087704034,0.1932093010687419,2.9887228487306183,3.7168909641845937,0.22405324731247234,3.0248469571480197,5.099469899909148,1.5875526758709624,2.886309893814043,2.6953794944449827,0.2950901819104068,3.0225715847133294,3.5429408107802596,0.2177737336973129,3.0199668258857892,3.412178786546005,1.433145186352247,2.940798955556123,6.126721286556358,0.1989954326951926,1.5403865544176831,2.567182436714699
2025-10-01,150.439,147.107,264.021,150.815,131.831,285.358,148.998,138.201,159.122,,,,,0.12912243335883034,2.8333356118501074,2.2704611736599656,-0.5435701198693854,2.710420666783042,-1.4949785647864755,-0.4043863851553975,2.479098255665013,2.202377935144617,0.5111697590104436,2.8934190238377733,2.5926827688862453,-4.080355648687783,-0.4162197277575608,-17.94206475526424,-0.264578928053405,3.7431560884455095,0.32164532984766403,0.4625384324936421,3.2965204550654104,4.130326357359948,0.6357042991960826,3.445410859443987,4.912451972058807,-0.8900598563696072,1.2786974979791754,-5.503781655076656,,,,,,,,,,,,
2025-11-01,151.054,147.996,266.434,150.626,134.154,285.397,149.333,138.574,159.412,325.063,331.043,284.648,167.272,0.40880356822368125,3.1458479859607813,4.706962226274558,0.6043220241049196,3.0483644111462427,1.0939343553119762,0.9139424515474115,2.742932504502149,5.431791539092323,-0.1253190995590625,3.198887343532686,3.7307446969017777,1.7621045125956858,3.4253070287022513,-9.093693844276219,0.013667042802367746,1.108879181767608,1.6767975980535033,0.22483523268770345,3.369674315578175,3.5788642883956,0.2698967445966538,3.5935619397908347,4.611271804356409,0.1822500974095309,1.9395187333337782,3.5127804162015552,,2.6964439164939513,2.2105436307410242,,2.5990448060944082,1.6393426399280875,,4.159454920027383,11.939268508138824,,1.3659115975226843,1.0445975182218126
2025-12-01,151.592,147.039,266.271,151.345,128.832,284.998,149.938,138.768,162.345,326.031,331.814,285.624,167.325,0.356164020813754,3.0873432527269484,3.634658096569243,-0.6466390983540293,2.6099274942602335,-2.337402981427794,-0.061178378134929545,1.9691416885907032,1.7893725551342499,0.47734122926983424,3.3925631408876944,3.502649354982812,-3.967082606556649,0.21781069139337195,-22.793289499991044,-0.13980525373427088,0.7604818152570081,-1.5524887752270677,0.40513483289024155,3.7073413659062915,4.457995695840022,0.13999740211005918,3.4115805946791866,4.260771788869788,1.8398865831932287,3.4782774973229236,4.545082643292475,0.297788428704604,2.653304114557753,2.2215431881770886,0.2329002576704653,2.6464847073089937,1.7007208971715482,0.3428796267670897,2.0709075899924656,7.203542597563639,0.03168492036922377,1.4054034398748971,0.3713960812369077
2026-01-01,152.468,147.669,264.837,153.015,129.619,281.234,150.973,139.457,165.605,326.588,332.793,281.436,167.394,0.577866905905311,3.0363237033282697,5.505004962535809,0.42845775610553805,1.882145148715697,1.5369187435150033,-0.5385490721858677,0.9421988451203456,1.2420084348234273,1.1034391621791206,3.6006147721348247,5.963885020674176,0.6108730750124192,-3.2051138442697025,-6.544582783966013,-1.320711022533494,-1.4631582635507012,-5.6566951329697135,0.6902853179314272,4.2120231102152905,5.408439637238427,0.4965121641877124,3.4915993825694436,3.685143138952518,2.008069235270571,4.4562886337832674,17.320218968521605,0.170842649932057,2.391201432150014,,0.2950448142634121,2.512028782828879,,-1.4662633392152125,-0.296168234894012,,0.04123711340207059,1.1395219566425752,
2026-02-01,153.204,149.735,267.162,153.593,134.997,288.117,151.51,140.095,165.091,327.46,333.512,283.223,167.53,0.4827242437757562,3.3535042804233806,5.8160381626146895,1.3990749581834994,2.518896861477793,4.78361986104181,0.8778984809524326,1.6223083565046315,1.0974413209090095,0.37774074437146865,3.7524149204933632,8.11499185762421,4.149083081955585,-0.4079675396532645,2.5373204932413795,2.4474281203552994,-0.8028948283519632,3.8670797987705896,0.35569273976139293,4.246652630420122,5.960020414794909,0.45748868826951394,3.5302029293959203,4.463249043329842,-0.3103771021406243,4.886277001270645,15.029584380037875,0.26700307420970404,2.4340041103732224,2.9823678900365636,0.21605021740240815,2.4724624767640258,3.016839755388956,0.6349578589803784,0.3995093868753852,-1.9874862316170638,0.08124544487855268,1.0239278305755217,0.6183880674507147
2026-03-01,154.405,153.24,271.794,154.302,151.249,285.552,152.005,140.434,165.886,330.293,334.165,314.019,167.71,0.783922090807021,4.288946675222038,7.631726742042577,2.3408020836811705,5.323930883747785,17.966423157720413,1.7337795045702542,4.45178893970255,8.558537437782231,0.4616095785615171,3.897275677713874,8.047297873546611,12.03878604709734,13.291736577181211,89.96563876386587,-0.8902633305219787,0.5029511866339709,0.7798194416662962,0.3267111081776797,4.2579751298037705,5.629358094017434,0.24197865733965873,3.6512728158421215,4.889435516328144,0.4815525982639901,4.995790952763723,9.014249836206002,0.8651438343614481,3.2859577528651984,5.332379318581104,0.19579505385114437,2.602167705486824,2.8643812793589296,10.873410704639097,12.589546298752975,46.09821752739318,0.10744344296544917,1.20143133859123,0.923545951341076
2026-04-01,156.03,156.537,276.183,155.403,163.949,286.474,153.109,141.203,167.961,332.407,335.423,325.978,167.767,1.0524270587092488,5.672005688937043,9.6775195812304,2.1515270164447875,7.464438708260124,26.273055664917134,1.6148259343473415,6.384626051585474,18.26960119990806,0.7135357934440201,5.000608099890536,6.390185790668235,8.396749730576737,22.308926106904426,155.95311647808342,0.32288339776991304,2.1603617482597315,7.6637624824745565,0.7262918982928301,4.6763155555859415,5.780530277036489,0.547588190893955,4.406882426447223,5.102832820211223,1.2508590236668615,6.6425818576625995,5.813243394005463,0.6400377846336402,3.7792458367415627,7.3197742690397805,0.376460730477457,2.7433094309685213,3.19879464637014,3.808368283447816,17.536047421424005,79.98427583930079,0.033987239878352504,1.1436667269548284,0.894293877603114
2026-05-01,157.001,160.248,282.727,155.143,178.443,287.573,154.2,142.303,164.083,333.979,336.121,338.639,167.575,0.6223162212395161,5.9722044103055705,10.288252819983402,2.3706855248279757,9.846932130542951,31.182880860236374,2.369443448727826,8.564527710686075,25.421039476481976,-0.1673069374465097,4.46355225769961,4.098158729553969,8.840554074742757,33.35450747696378,205.282278563958,0.3836299280213895,2.4262629068851904,-0.753112424502389,0.7125642516115915,5.151897439394437,7.293225654678825,0.7790202757731679,5.073394766377226,6.454906114232961,-2.3088693208542566,2.8817395775204258,-2.4200123975041232,0.47291422864139676,4.166614684049641,8.20407334405855,0.20809544962627768,2.8229420636110225,3.166032440833555,3.8840044420175523,22.972869920145843,104.37784581328447,-0.11444443782150371,1.0662999752724556,0.10748674106841882
2026-06-01,156.566,158.276,278.809,155.559,168.238,286.661,154.494,142.49,164.809,332.568,336.065,319.29,167.431,-0.2770682989280293,5.507672194780078,5.716891833583193,-1.2305925814986685,7.851234037913812,13.807711699306902,-1.3857891181245363,6.6207513690458075,10.730610443694566,0.2681397162617616,4.595057992939999,3.2985795508191584,-5.718913042259999,23.035856631977715,53.082779702836035,-0.3171368661174623,1.9315219980869713,1.5625557353028396,0.19066147859923,5.12298846664172,6.71242167436239,0.13140973837515446,5.057103464547197,5.985995043545578,0.4424589994088457,3.3369490930295287,-2.5717826321300596,-0.42248165303806484,3.463530729385411,2.7837257411172933,-0.016660666843182348,2.5657850563697515,2.2937962755186003,-5.713754174799712,15.45137005619075,6.8851971189994865,-0.08593167238548638,0.7928290210337474,-0.663775710680492
