date,headline_cpi_yoy,headline_cpi_mom,headline_cpi,core_cpi_yoy,core_cpi_mom,core_cpi,headline_pce_yoy,headline_pce_mom,headline_pce,core_pce_yoy,core_pce_mom,core_pce
2018-01-01,,,248.859,,,255.204,,,101.199,,,101.007
2018-02-01,,0.26922876006090224,249.529,,0.1986645977335888,255.711,,0.21442899633394852,101.416,,0.18909580524120173,101.198
2018-03-01,,0.0192362410782021,249.577,,0.21899722733866867,256.271,,0.10649207225683632,101.524,,0.21838376252496516,101.419
2018-04-01,,0.2604406656061986,250.227,,0.1400860807504456,256.63,,0.23836728261297235,101.766,,0.18043956260662686,101.602
2018-05-01,,0.2257949781598212,250.792,,0.20067801893777215,257.145,,0.17196313110467987,101.941,,0.17519340170468745,101.78
2018-06-01,,0.09011451720948305,251.018,,0.0987769546364925,257.399,,0.0863244425697074,102.029,,0.09039103949695093,101.872
2018-07-01,,0.07808204989283585,251.214,,0.11655056934953834,257.699,,0.10585225769144113,102.137,,0.13153761583162282,102.006
2018-08-01,,0.17873207703393845,251.663,,0.07450552776688824,257.891,,0.06951447565524127,102.208,,0.00980334490128243,102.016
2018-09-01,,0.2062281702117419,252.182,,0.18496186373311296,258.368,,0.2054633688165497,102.418,,0.1852650564617253,102.205
2018-10-01,,0.2339580144498754,252.772,,0.212487614565271,258.917,,0.17282118377628386,102.595,,0.157526539797459,102.366
2018-11-01,,-0.07041919199911595,252.594,,0.2016090098371448,259.439,,0.0341147229397043,102.63,,0.18560850282320907,102.556
2018-12-01,,0.06848935445813442,252.767,,0.24051896592260924,260.063,,0.06918055149565117,102.701,,0.1745387885643046,102.735
2019-01-01,1.4875893578291333,-0.08149798035343991,252.561,2.1794329242488475,0.270319114983697,260.766,1.4318323303589953,-0.05160611873301635,102.648,1.844426623897344,0.13140604467805073,102.87
2019-02-01,1.5188615351321877,0.3001255142321968,253.319,2.1410889637129227,0.16106394238510902,261.186,1.4001735426362627,0.1831501831501825,102.836,1.7441056147354805,0.09040536599591587,102.963
2019-03-01,1.8831863513063984,0.37817929172307974,254.277,2.06656235001228,0.1458730559831034,261.567,1.5218076513927814,0.22657435139445958,103.069,1.61606799514884,0.09226615386110915,103.058
2019-04-01,2.000583470209061,0.3759679404743643,255.233,2.0913377235709074,0.1643938264383582,261.997,1.5663384627478738,0.28233513471558336,103.36,1.6367788035668518,0.2008577694113889,103.265
2019-05-01,1.7959105553606136,0.02468332856644384,255.296,1.97242800754438,0.08397042714227698,262.217,1.4655536045359518,0.07256191950464341,103.435,1.563175476517964,0.10264852563792726,103.371
2019-06-01,1.671194894390049,-0.03251128102280676,255.213,2.0746001344216447,0.1990717611749071,262.739,1.4260651383430245,0.04737274616908316,103.484,1.6569813098790576,0.18283657892446126,103.56
2019-07-01,1.826331335037068,0.23078761661827762,255.802,2.1657049503490455,0.2059077639787077,263.28,1.4539295260287632,0.13335394843647652,103.622,1.6391192674940713,0.11394360757048805,103.678
2019-08-01,1.7376412106666406,0.09147700174354512,256.036,2.321135673598529,0.2267547857794039,263.877,1.4304164057608038,0.04632220956939381,103.67,1.745804579673771,0.11477844865834808,103.797
2019-09-01,1.6844977040391562,0.1538846099767177,256.43,2.3300099083477743,0.19365082974263093,264.388,1.2839539924622612,0.06076975016879871,103.733,1.6320140893302693,0.07321984257735448,103.873
2019-10-01,1.7339736996186295,0.2827282299262768,257.155,2.3378148209658223,0.2201310195621753,264.97,1.2885618207514993,0.17737846201304475,103.917,1.6235859562745425,0.1492206829493803,104.028
2019-11-01,2.092290394862917,0.281542260504386,257.879,2.3546960942649298,0.2181379024040364,265.548,1.3582773068303577,0.10296679080419313,104.024,1.4977183197472543,0.06152189795054497,104.092
2019-12-01,2.3195274699624457,0.29122185210892493,258.63,2.2905988164406255,0.17774564297226014,266.02,1.5637627676458932,0.2720526032454096,104.307,1.544751058548699,0.22095838296891657,104.322
2020-01-01,2.599767976845202,0.19216641534238743,259.127,2.2817391837892886,0.2616344635741674,266.716,1.7944821136310463,0.17544364232504606,104.49,1.5913288616700605,0.17733555721708427,104.507
2020-02-01,2.3413166797595197,0.04746707213065804,259.25,2.3676613601035346,0.2452046371421268,267.37,1.689097203314005,0.07943343860656871,104.573,1.6976972310441596,0.19520223525695268,104.711
2020-03-01,1.4940399642909163,-0.4528447444551498,258.076,2.097741687598198,-0.11818827841568735,267.054,1.1662090444265472,-0.2887934744149945,104.271,1.5272953094374042,-0.0754457506852102,104.632
2020-04-01,0.3130472940411133,-0.7920147553434065,256.032,1.4309324152566472,-0.48978858208451603,265.746,0.4624613003096023,-0.415264071505983,103.838,0.9954970222243897,-0.3239926599892917,104.293
2020-05-01,0.1982013035848551,-0.08983252093487382,255.802,1.2184564692601985,-0.12568392374673332,265.412,0.49016290423937736,0.10015601224984128,103.942,0.9973783749794407,0.10451324633484749,104.402
2020-06-01,0.7166562831830481,0.4847499237691677,257.042,1.1836841884912408,0.16464967672902286,265.849,0.7595377063120967,0.3155606011044698,104.27,0.9704519119350996,0.15612727725522468,104.565
2020-07-01,0.9968647625897997,0.5096443382793581,258.352,1.560695837131587,0.5792762056656242,267.389,0.9225840072571545,0.29538697611970477,104.578,1.2143366963097257,0.3557595753837406,104.937
2020-08-01,1.2810698495523853,0.3731343283582156,259.316,1.7223933878284248,0.38632853258735445,268.422,1.157519050834388,0.2792174262273184,104.87,1.3931038469319867,0.29160353354868995,105.243
2020-09-01,1.3910228912373812,0.2626139536318739,259.997,1.7190644053436621,0.19037187711885561,268.933,1.27635371578958,0.17831601029845157,105.057,1.4796915464076354,0.15868038729416334,105.41
2020-10-01,1.2303863428671624,0.1238475828567287,260.319,1.6364116692455521,0.1386962552011095,269.306,1.1874861668446979,0.08947523725215678,105.151,1.4217326104510208,0.09202162982639983,105.507
2020-11-01,1.1757452138405844,0.2274132890799363,260.911,1.6693780408814973,0.25064424854999157,269.981,1.186264708144269,0.10175842360033993,105.258,1.453521884486797,0.09288483228599986,105.605
2020-12-01,1.3204191315779434,0.4346309661148906,262.045,1.624313961356294,0.13334271670970566,270.341,1.334522131784066,0.41897052955595093,105.699,1.508790092214496,0.2755551347000562,105.896
2021-01-01,1.3738437137002402,0.24499608845809373,262.687,1.3763703714812836,0.017015547031329348,270.387,1.5857976839888988,0.42384506948978107,106.147,1.6974939477738316,0.36356425171866213,106.281
2021-02-01,1.6698167791706853,0.33956762230333837,263.579,1.280248344990098,0.15015514799159302,270.793,1.8427318715156016,0.33255767944453396,106.5,1.7094670091967412,0.20699842869373875,106.501
2021-03-01,2.6678187820641908,0.524320981565296,264.961,1.6494791315614155,0.2459443190924393,271.459,2.669006722866385,0.5201877934272403,107.054,2.1991360195733556,0.40562999408455536,106.933
2021-04-01,4.133077115360573,0.6238653990587206,266.614,2.9780316542864504,0.8108038414641028,273.66,3.6402858298503427,0.526836923421814,107.618,3.1306032044336574,0.5844781311662439,107.558
2021-05-01,4.918257089467626,0.6635060424433847,268.383,3.7876961101984907,0.6595775780164903,275.465,4.07246348925363,0.5175714099871831,108.175,3.5411199019175887,0.5029844363041214,108.099
2021-06-01,5.295632620349999,0.8461787818155431,270.654,4.439362194328367,0.7935672408473149,277.651,4.306128320705871,0.5407903859486973,108.76,3.8617128102137466,0.46623928065938625,108.603
2021-07-01,5.245169381309234,0.4614747980816958,271.903,4.210719214328185,0.359083885885525,278.648,4.473216164011551,0.4560500183891092,109.256,3.92711817566731,0.418957119048291,109.058
2021-08-01,5.152015301793966,0.2842925602144719,272.676,3.9396919775577244,0.1252476242427747,278.997,4.580909697720981,0.3825876839715914,109.674,3.9584580447155737,0.32184709053897365,109.409
2021-09-01,5.351215590949132,0.4525517463950024,273.91,4.002855729865806,0.25125718197684943,279.698,4.737428253233955,0.3282455276546914,110.034,4.013850678303776,0.21204836896415724,109.641
2021-10-01,6.235042390298062,0.9638202329232071,276.55,4.590317334184912,0.704331099972122,281.668,5.336135652537788,0.6616136830434272,110.762,4.436672448273571,0.498900958583004,110.188
2021-11-01,6.901970403700863,0.8566262881938069,278.919,4.972572143965692,0.6170384992260303,283.406,5.93019057933839,0.666293494158654,111.5,4.8908669097107005,0.5281881874614314,110.77
2021-12-01,7.174340285065539,0.6905230550805275,280.845,5.488993530393094,0.6259571074712644,285.18,6.141969176624196,0.6197309417040442,112.191,5.2145501246505965,0.5849959375282099,111.418
2022-01-01,7.558805726967832,0.6046039630400957,282.543,6.05428515424189,0.5529840802300345,286.757,6.272433512016362,0.547280976192388,112.805,5.35843659732218,0.5008167441526545,111.976
2022-02-01,7.937278766517819,0.6926379347568234,284.5,6.4551151617656455,0.5286706165847699,288.273,6.545539906103293,0.5903993617304204,113.471,5.602764293293028,0.4393798671143756,112.468
2022-03-01,8.572204966013853,1.115641476274165,287.674,6.482378554404167,0.27161752921707194,289.056,6.926410970164576,0.8795198773254853,114.469,5.593221924008485,0.39655724294911376,112.914
2022-04-01,8.231750770777225,0.30833512934780316,288.561,6.158737119052837,0.5044005313849409,290.514,6.684755338326309,0.2996444452209701,114.812,5.345023150300299,0.34805250013285605,113.307
2022-05-01,8.538171195642065,0.9484996239963239,291.298,6.0254478790408905,0.5331928925972562,292.063,6.794545874740021,0.6210152248893985,115.525,5.184136763522318,0.3494929704254801,113.703
2022-06-01,8.979361103105798,1.2561019986405686,294.957,5.906335651591377,0.6803326679517774,294.05,7.243471864656126,0.9634278294741394,116.638,5.31569109508947,0.59189291399524,114.376
2022-07-01,8.462576727730099,-0.014917428642136077,294.913,5.899916740834321,0.35300119027377175,295.088,6.7502013619389345,-0.006001474648065219,116.631,5.107374057840786,0.22032594250540605,114.628
2022-08-01,8.222579178218826,0.062391281496565476,295.097,6.286089097732228,0.4903621970395289,296.535,6.6396775899483895,0.27865661788033513,116.956,5.362447330658338,0.5653069058170646,115.276
2022-09-01,8.192106896425821,0.42426727482827165,296.349,6.624287624509306,0.5702530898544778,298.226,6.667939000672507,0.35483429665856825,117.371,5.606479327988612,0.4441514278774372,115.788
2022-10-01,7.758813957693,0.5594754832984217,298.007,6.294999786983246,0.3933258669599482,299.399,6.461602354598139,0.4668955704560718,117.919,5.459759683450094,0.3592772998929128,116.204
2022-11-01,7.122856456533988,0.2614032556282231,298.786,5.969880665899807,0.30928627016122423,300.325,6.030493273542614,0.25865212561164697,118.224,5.20808883271644,0.2882861175174778,116.539
2022-12-01,6.404600402357152,0.01539563433359259,298.832,5.685531944736666,0.35594772329976543,301.394,5.520050627946982,0.13533631073217034,118.384,4.9668814733705435,0.35438780150851557,116.952
2023-01-01,6.327178517960097,0.5314022594635093,300.42,5.539533472591773,0.4140759271916483,302.642,5.507734586232882,0.5355453439654045,119.018,4.937665213974429,0.4728435597510128,117.505
2023-02-01,5.957820738137087,0.3428533386591992,301.45,5.498260329618088,0.4893570621394172,304.123,5.197803844154003,0.2949133744475585,119.369,4.855603371625716,0.3608357091187564,117.929
2023-03-01,4.917719362889961,0.12307181953890023,301.821,5.566741392671326,0.3367058722950844,305.147,4.428273156924578,0.14157779658034997,119.538,4.783286394955444,0.3273155881929002,118.315
2023-04-01,4.950079879124369,0.3392739405144063,302.845,5.514364195873522,0.4545350273802429,306.534,4.476012960317743,0.3454968294600791,119.951,4.789642299240104,0.3541393737057863,118.734
2023-05-01,4.131851231385042,0.1614687381333635,303.334,5.337547036084689,0.3647229997324919,307.652,4.003462454014284,0.16590107627281192,120.15,4.731625374880166,0.29393434062694457,119.083
2023-06-01,3.070617072997095,0.224175331482801,304.014,4.853596327155252,0.2177785289873002,308.322,3.284521339529123,0.26550145651267343,120.469,4.383786808421353,0.2578033808352087,119.39
2023-07-01,3.287749268428297,0.1957146710348745,304.609,4.700970557935236,0.20692652486684615,308.96,3.40904219289897,0.11455229146086765,120.607,4.299124123250864,0.13904012061312088,119.556
2023-08-01,3.722504803505289,0.4835707415079771,306.082,4.399143440066089,0.20067322630761275,309.58,3.43205991996991,0.30097755519995495,120.97,3.8282036156702226,0.11124493960987802,119.689
2023-09-01,3.687206638119256,0.3900915440960384,307.276,4.128747996485882,0.3097745332385715,310.539,3.4488928270185903,0.3711664048937635,121.419,3.687774208035388,0.3082990082631021,120.058
2023-10-01,3.2512659098611785,0.13668493471667986,307.696,4.027401561127464,0.29561504352111356,311.457,3.0232617305099296,0.05353363147448942,121.484,3.4740628549791763,0.15242632727514582,120.241
2023-11-01,3.1333462745911866,0.14689823722116024,308.148,4.017980521102138,0.30020195404181216,312.392,2.7650899986466193,0.007408382996931806,121.493,3.2907438711504255,0.11061118919502011,120.374
2023-12-01,3.3159099427102934,0.1924399963653789,308.741,3.9154727698627045,0.25704883607775564,313.195,2.7672658467360334,0.13745647897409619,121.66,3.1123879882344996,0.18110223137888237,120.592
2024-01-01,3.0883429864855705,0.30996854969052023,309.698,3.8583540949372663,0.3588818467727739,314.319,2.6987514493606035,0.4685188229492043,122.23,3.159014510020852,0.5182765025872449,121.217
2024-02-01,3.157074141648697,0.40975401843086345,310.967,3.7619647313751337,0.39609441363710474,315.564,2.705057426970159,0.30107174997955344,122.598,3.059467984974007,0.26398937442768666,121.537
2024-03-01,3.4868349120836584,0.4431338373525273,312.345,3.8161935067360986,0.3891445158509699,316.792,2.9279392327126175,0.3588965562244084,123.038,3.122173857921662,0.3883591005208187,122.009
2024-04-01,3.3607951262196734,0.21706766556210955,313.023,3.6260251717590952,0.27052450819466944,317.649,2.826154012888593,0.24626538142686893,123.341,3.006720905553606,0.2417854420575516,122.304
2024-05-01,3.244278584003113,0.04855873210594108,313.175,3.394419668976645,0.14040654936740005,318.095,2.6616729088639213,0.005675322885334566,123.348,2.7711764063720334,0.06459314495028678,122.383
2024-06-01,2.9702579486470926,-0.041829647960411886,313.044,3.2654173234475614,0.09273959037392476,318.39,2.548373440470164,0.15484645069234748,123.539,2.7531619063573265,0.2402294436318897,122.677
2024-07-01,2.9414757935583014,0.16770805381991494,313.569,3.2301916105644812,0.17274411884795615,318.94,2.594376777467322,0.1594638130469006,123.736,2.8062163337682744,0.19074480138900896,122.911
2024-08-01,2.607144490692037,0.1572221743858515,314.062,3.2850959364300047,0.25396626324700744,319.75,2.412994957427461,0.12365035236308053,123.889,2.873279917118543,0.17655051215921258,123.128
2024-09-01,2.4264830315416708,0.2133336729690294,314.732,3.2823574494668994,0.30711493354182995,320.732,2.260766436883843,0.22197289509158225,124.164,2.838627996468368,0.2745110779026616,123.466
2024-10-01,2.578844053871343,0.2856398459641696,315.631,3.298689706765301,0.3114750009353573,321.731,2.4776925356425616,0.26577752005412236,124.494,2.9865021082658982,0.29643788573372465,123.832
2024-11-01,2.719472461284833,0.28419261732848256,316.528,3.2859356193500444,0.28781808405158316,322.657,2.5878034125423,0.11486497341237634,124.637,2.980710120125618,0.10498094192132879,123.962
2024-12-01,2.870690967509981,0.3399383308901438,317.604,3.2133335461932644,0.18657583749928097,323.259,2.7280946901200087,0.2743968484478998,124.979,2.9885896245190446,0.1887675255320076,124.196
2025-01-01,2.9909783078999608,0.42726162139017365,318.961,3.282970485398584,0.4265929177532435,324.638,2.6073795303935166,0.35045887709135304,125.417,2.7801380994415092,0.3148249541047976,124.587
2025-02-01,2.8015834477613355,0.22510589068882592,319.679,3.13755688228059,0.2547452855180321,325.465,2.7104846734857135,0.4018593970514406,125.921,2.9686432938117457,0.44787979484215423,125.145
2025-03-01,2.381981462805549,0.03315826188146076,319.785,2.808783050077035,0.06913185749619633,325.69,2.3594336708984365,0.015882974245751136,125.941,2.670294814316976,0.09748691517839081,125.267
2025-04-01,2.32538823025783,0.16167112278562268,320.302,2.7760200724699313,0.23857041972428217,326.467,2.2774259978433964,0.16595072295757518,126.15,2.614795918367352,0.1875992879210031,125.502
2025-05-01,2.3772651073680873,0.09928130327003792,320.62,2.7658403935930886,0.13048792067804627,326.893,2.4580860654408676,0.18232263178754593,126.38,2.783883382495933,0.22947841468663466,125.79
2025-06-01,2.680453865910226,0.2541949971929469,321.435,2.910895442696071,0.23402152998077685,327.658,2.5935129797068024,0.28722899192910045,126.743,2.8073722050588,0.26313697432227556,126.121
2025-07-01,2.742618052167134,0.22835098853577485,322.169,3.0544930080893096,0.3125209822436803,328.682,2.605547294239341,0.1712126113473822,126.96,2.86304724556794,0.24500281475725583,126.43
2025-08-01,2.9385917430316155,0.3482644202266627,323.291,3.111806098514469,0.3097218588179462,329.7,2.7476208541517,0.26228733459359166,127.293,2.912416347215907,0.2246302301668779,126.714
2025-09-01,3.0225715847133294,0.2950901819104068,324.245,3.0199668258857892,0.2177737336973129,330.418,2.7874424148706556,0.2608155986582039,127.625,2.825069249833967,0.18940290733462373,126.954
2025-10-01,,,,,,,2.7125805259691216,0.19275220372183544,127.871,2.75453840687383,0.22764150794776228,127.243
2025-11-01,2.6964439164939513,,325.063,2.5990448060944082,,331.043,2.8201898312699925,0.21975271953764697,128.152,2.8290927864990767,0.17761291387345945,127.469
2025-12-01,2.653304114557753,0.297788428704604,326.031,2.6464847073089937,0.2329002576704653,331.814,2.878083518031027,0.3308571071852118,128.576,2.971110180682146,0.32713836305298116,127.886
2026-01-01,2.391201432150014,0.170842649932057,326.588,2.512028782828879,0.2950448142634121,332.793,2.8752083050942012,0.34765430562468946,129.023,3.104657789335974,0.44492751356677296,128.455
2026-02-01,2.4340041103732224,0.26700307420970404,327.46,2.4724624767640258,0.21605021740240815,333.512,2.873230041057484,0.3999286948838554,129.539,3.0492628550881085,0.3939122649955218,128.961
2026-03-01,3.2859577528651984,0.8651438343614481,330.293,2.602167705486824,0.19579505385114437,334.165,3.5429288317545327,0.6669806004369283,130.403,3.253849776876594,0.29621358395170994,129.343
2026-04-01,3.7792458367415627,0.6400377846336402,332.407,2.7433094309685213,0.376460730477457,335.423,3.8018232263178797,0.4164014631565349,130.946,3.3298274131089656,0.26132067448567664,129.681
2026-05-01,4.166614684049641,0.47291422864139676,333.979,2.8229420636110225,0.20809544962627768,336.121,4.111410033233098,0.4811143524811712,131.576,3.463709356864597,0.3593433116647615,130.147
2026-06-01,3.463530729385411,-0.42248165303806484,332.568,2.5657850563697515,-0.016660666843182348,336.065,3.71697056247684,-0.09272207697451629,131.454,3.343614465473621,0.14675712847780353,130.338
2026-07-01,3.303856050706311,0.07366914435544825,332.813,2.4665177892309265,0.2154345141564873,336.789,3.7011657214870874,0.15594808830463602,131.659,3.3441430040338282,0.2455155058386671,130.658
2026-08-01,3.353016322755642,0.3960181843858157,334.131,2.4461631786472537,0.2897956881014574,337.765,,,,,,
