meeting,dot
June 2026,3.375
June 2026,3.625
June 2026,3.625
June 2026,3.625
June 2026,3.625
June 2026,3.625
June 2026,3.625
June 2026,3.625
June 2026,3.625
June 2026,3.875
June 2026,3.875
June 2026,3.875
June 2026,4.125
June 2026,4.125
June 2026,4.125
June 2026,4.125
June 2026,4.125
June 2026,4.375
September 2026,3.875
September 2026,3.875
September 2026,4.125
September 2026,4.125
September 2026,4.125
September 2026,4.125
September 2026,4.125
September 2026,4.125
September 2026,4.125
September 2026,4.125
September 2026,4.125
September 2026,4.125
September 2026,4.125
September 2026,4.125
September 2026,4.375
September 2026,4.375
September 2026,4.375
September 2026,4.375
